state_name,schooldistrict_code,sd_name,n_points,total_children,Overall,Head Start,Pre-K,Family Child Care,Child Care Center,low_sample
Alabama,100003,Maxwell AFB School District,11,110,100,100,100,100,100,FALSE
Alaska,200003,Lower Yukon School District,14,140,100,100,100,100,100,FALSE
Alaska,200007,Aleutians East Borough School District,13,130,100,100,100,100,100,FALSE
Alaska,200070,Copper River School District,25,250,100,100,100,100,100,FALSE
Alaska,200090,Craig City School District,1,10,100,100,100,100,100,TRUE
Alaska,200100,Delta/Greely School District,29,290,100,100,100,100,100,FALSE
Alaska,200180,Anchorage School District,2289,22890,100,100,100,100,100,FALSE
Alaska,200485,Lake and Peninsula Borough School District,11,110,100,100,100,100,100,FALSE
Alaska,200510,Matanuska-Susitna Borough School District,861,8610,100,100,100,100,100,FALSE
Alaska,200520,Iditarod Area School District,15,150,100,100,100,100,100,FALSE
Alaska,200600,Fairbanks North Star Borough School District,792,7920,100,100,100,100,100,FALSE
Alaska,200730,Chatham School District,8,80,100,100,100,100,100,FALSE
Alaska,200760,Kuspuk School District,8,80,100,100,100,100,100,FALSE
Alaska,200770,Denali Borough School District,9,90,100,100,100,100,100,FALSE
Alaska,200775,Yukon Flats School District,7,70,100,100,100,100,100,FALSE
Alaska,200780,Valdez City School District,6,60,100,100,100,100,100,FALSE
Alaska,200810,Wrangell School District,14,140,100,100,100,100,100,FALSE
Alaska,200862,Yukon-Koyukuk School District,22,220,100,100,100,100,100,FALSE
Arizona,400022,Vernon Elementary District,8,80,100,100,100,100,100,FALSE
Arizona,400026,Heber-Overgaard Unified District,12,120,100,100,100,100,100,FALSE
Arizona,400480,Aguila Elementary District,1,10,100,100,100,100,100,TRUE
Arizona,400910,Ash Fork Joint Unified District,15,150,100,100,100,100,100,FALSE
Arizona,401160,Bicentennial Union High School District,22,220,100,100,100,100,100,FALSE
Arizona,401260,Bonita Elementary District,4,40,100,100,100,100,100,TRUE
Arizona,401330,Bowie Unified District,6,60,100,100,100,100,100,FALSE
Arizona,401650,Canon Elementary District,11,110,100,100,100,100,100,FALSE
Arizona,402130,Cochise Elementary District,2,20,100,100,100,100,100,TRUE
Arizona,402220,Congress Elementary District,12,120,100,100,100,100,100,FALSE
Arizona,402820,Empire Elementary District,5,50,100,100,100,100,100,FALSE
Arizona,403080,Fredonia-Moccasin Unified District,36,360,100,100,100,100,100,FALSE
Arizona,403660,Hackberry School District,16,160,100,100,100,100,100,FALSE
Arizona,404170,Kirkland Elementary District,5,50,100,100,100,100,100,FALSE
Arizona,404200,Klondyke Elementary District,4,40,100,100,100,100,100,TRUE
Arizona,404820,Mayer Unified District,14,140,100,100,100,100,100,FALSE
Arizona,404860,McNary Elementary District,1,10,100,100,100,100,100,TRUE
Arizona,404920,McNeal Elementary District,3,30,100,100,100,100,100,TRUE
Arizona,405100,Mobile Elementary District,10,100,100,100,100,100,100,FALSE
Arizona,405340,Morristown Elementary District,14,140,100,100,100,100,100,FALSE
Arizona,405460,Nadaburg Unified School District,52,520,100,100,100,100,100,FALSE
Arizona,405640,Oracle Elementary District,21,210,100,100,100,100,100,FALSE
Arizona,406120,Peach Springs Unified District,4,40,100,100,100,100,100,TRUE
Arizona,406630,Pomerene Elementary District,1,10,100,100,100,100,100,TRUE
Arizona,406870,Red Mesa Unified District,44,440,100,100,100,100,100,FALSE
Arizona,406930,Redington Elementary District,4,40,100,100,100,100,100,TRUE
Arizona,407130,Round Valley Unified District,95,950,100,100,100,100,100,FALSE
Arizona,407380,San Fernando Elementary District,1,10,100,100,100,100,100,TRUE
Arizona,407430,San Simon Unified District,4,40,100,100,100,100,100,TRUE
Arizona,407500,Santa Cruz Elementary District,20,200,100,100,100,100,100,FALSE
Arizona,407630,Seligman Unified District,6,60,100,100,100,100,100,FALSE
Arizona,407680,Sentinel Elementary District,3,30,100,100,100,100,100,TRUE
Arizona,407700,Show Low Unified District,65,650,100,100,100,100,100,FALSE
Arizona,407820,Snowflake Unified District,114,1140,100,100,100,100,100,FALSE
Arizona,408080,St. Johns Unified District,16,160,100,100,100,100,100,FALSE
Arizona,408430,Paloma School District,1,10,100,100,100,100,100,TRUE
Arizona,408460,Hillside Elementary District,2,20,100,100,100,100,100,TRUE
Arizona,408880,Valentine Elementary District,2,20,100,100,100,100,100,TRUE
Arizona,408910,Valley Union High School District,9,90,100,100,100,100,100,FALSE
Arizona,409030,Walnut Grove Elementary District,4,40,100,100,100,100,100,TRUE
Arizona,409310,Williams Unified District,55,550,100,100,100,100,100,FALSE
Arizona,409360,Williamson Valley Elementary School District,11,110,100,100,100,100,100,FALSE
Arizona,409510,Yarnell Elementary District,3,30,100,100,100,100,100,TRUE
Arizona,409540,Young Elementary School District,5,50,100,100,100,100,100,FALSE
Arizona,409570,Yucca Elementary District,2,20,100,100,100,100,100,TRUE
Arkansas,500032,Bearden School District,31,310,100,100,100,100,100,FALSE
Arkansas,500072,Deer/Mount Judea School District,1,10,100,100,100,100,100,TRUE
Arkansas,502700,Bald Knob School District,28,280,100,100,100,100,100,FALSE
Arkansas,503770,Caddo Hills School District,17,170,100,100,100,100,100,FALSE
Arkansas,504680,Cotter School District,43,430,100,100,100,100,100,FALSE
Arkansas,507710,Hermitage School District,18,180,100,100,100,100,100,FALSE
Arkansas,507740,Cross County School District,26,260,100,100,100,100,100,FALSE
Arkansas,508490,Kirby School District,16,160,100,100,100,100,100,FALSE
Arkansas,508700,Lamar School District,60,600,100,100,100,100,100,FALSE
Arkansas,508730,Lavaca Public Schools,33,330,100,100,100,100,100,FALSE
Arkansas,509190,Magnet Cove School District,10,100,100,100,100,100,100,FALSE
Arkansas,510260,Mountainburg Schools,40,400,100,100,100,100,100,FALSE
Arkansas,510560,Norfork Schools,29,290,100,100,100,100,100,FALSE
Arkansas,510980,Ouachita School District,6,60,100,100,100,100,100,FALSE
Arkansas,511370,Piggott School District,35,350,100,100,100,100,100,FALSE
Arkansas,511700,Pottsville Public Schools,59,590,100,100,100,100,100,FALSE
Arkansas,512570,South Side-Bee Branch School District,8,80,100,100,100,100,100,FALSE
California,600011,Fort Sage Unified School District,6,60,100,100,100,100,100,FALSE
California,600018,Mountain Valley Unified School District,8,80,100,100,100,100,100,FALSE
California,600022,Mendota Unified School District,94,940,100,100,100,100,100,FALSE
California,600026,El Tejon Unified School District,10,100,100,100,100,100,100,FALSE
California,600031,Big Sur Unified School District,4,40,100,100,100,100,100,TRUE
California,600033,Dos Palos-Oro Loma Joint Unified School District,71,710,100,100,100,100,100,FALSE
California,600038,Mattole Unified School District,4,40,100,100,100,100,100,TRUE
California,600039,Delhi Unified School District,81,810,100,100,100,100,100,FALSE
California,600040,Riverdale Joint Unified School District,60,600,100,100,100,100,100,FALSE
California,600046,Gonzales Unified School District,93,930,100,100,100,100,100,FALSE
California,600060,Hughson Unified School District,59,590,100,100,100,100,100,FALSE
California,600061,Riverbank Unified School District,148,1480,100,100,100,100,100,FALSE
California,600063,Waterford Unified School District,83,830,100,100,100,100,100,FALSE
California,601426,Bonsall Unified School District,142,1420,100,100,100,100,100,FALSE
California,602010,Alpaugh Unified School District,13,130,100,100,100,100,100,FALSE
California,602571,Banta Unified School District,98,980,100,100,100,100,100,FALSE
California,603610,Baker Valley Unified School District,7,70,100,100,100,100,100,FALSE
California,604020,Barstow Unified School District,299,2990,100,100,100,100,100,FALSE
California,604230,Bear Valley Unified School District,13,130,100,100,100,100,100,FALSE
California,604950,Big Pine Unified School District,12,120,100,100,100,100,100,FALSE
California,605010,Big Valley Joint Unified School District,14,140,100,100,100,100,100,FALSE
California,606006,Trinity Alps Unified School District (9-12),46,460,100,100,100,100,100,FALSE
California,606016,Dinuba Unified School District (9-12),45,450,100,100,100,100,100,FALSE
California,606020,Lammersville Joint Unified School District (9-12),8,80,100,100,100,100,100,FALSE
California,606021,Bishop Unified School District (9-12),12,120,100,100,100,100,100,FALSE
California,606022,Santa Paula Unified School District (9-12),66,660,100,100,100,100,100,FALSE
California,606026,Woodlake Unified School District (9-12),19,190,100,100,100,100,100,FALSE
California,606038,Healdsburg Unified School District (7-12),3,30,100,100,100,100,100,TRUE
California,606990,Calipatria Unified School District,55,550,100,100,100,100,100,FALSE
California,607970,Central Unified School District,699,6990,100,100,100,100,100,FALSE
California,609665,Leggett Valley Unified School District,8,80,100,100,100,100,100,FALSE
California,609690,Corcoran Joint Unified School District,163,1630,100,100,100,100,100,FALSE
California,610680,Death Valley Unified School District,2,20,100,100,100,100,100,TRUE
California,611100,Desert Center Unified School District,8,80,100,100,100,100,100,FALSE
California,611700,Dunsmuir Joint Union High School District,21,210,100,100,100,100,100,FALSE
California,611870,Eastern Sierra Unified School District,4,40,100,100,100,100,100,TRUE
California,613920,Fontana Unified School District,1393,13930,100,100,100,100,100,FALSE
California,615150,Geyserville Unified School District,7,70,100,100,100,100,100,FALSE
California,617430,Holtville Unified School District,69,690,100,100,100,100,100,FALSE
California,619260,Jurupa Unified School District,792,7920,100,100,100,100,100,FALSE
California,619650,South Monterey County Joint Union High School District,485,4850,100,100,100,100,100,FALSE
California,622050,Live Oak Unified School District,120,1200,100,100,100,100,100,FALSE
California,622440,Lone Pine Unified School District,13,130,100,100,100,100,100,FALSE
California,622860,Los Molinos Unified School District,31,310,100,100,100,100,100,FALSE
California,623820,Maricopa Unified School District,4,40,100,100,100,100,100,TRUE
California,624230,McFarland Unified School District,142,1420,100,100,100,100,100,FALSE
California,625230,Mojave Unified School District,164,1640,100,100,100,100,100,FALSE
California,627200,Newman-Crows Landing Unified School District,104,1040,100,100,100,100,100,FALSE
California,629190,Owens Valley Unified School District,5,50,100,100,100,100,100,FALSE
California,629370,Pacific Grove Unified School District,73,730,100,100,100,100,100,FALSE
California,631380,Pope Valley Union Elementary School District,9,90,100,100,100,100,100,FALSE
California,631620,Princeton Joint Unified School District,18,180,100,100,100,100,100,FALSE
California,633720,Round Valley Unified School District,22,220,100,100,100,100,100,FALSE
California,636450,Shandon Joint Unified School District,30,300,100,100,100,100,100,FALSE
California,636805,Sierra Unified School District,67,670,100,100,100,100,100,FALSE
California,637630,Southern Trinity Joint Unified School District,2,20,100,100,100,100,100,TRUE
California,638070,Stony Creek Joint Unified School District,3,30,100,100,100,100,100,TRUE
California,638520,Surprise Valley Joint Unified School District,2,20,100,100,100,100,100,TRUE
California,638730,Taft Union High School District,127,1270,100,100,100,100,100,FALSE
California,642300,Westwood Unified School District,32,320,100,100,100,100,100,FALSE
California,691134,Golden Plains Unified School District,83,830,100,100,100,100,100,FALSE
California,699001,Gridley Unified School District (9-12),21,210,100,100,100,100,100,FALSE
California,699004,Sierra Unified School District (9-12),2,20,100,100,100,100,100,TRUE
California,699005,Orland Joint Unified School District (9-12),7,70,100,100,100,100,100,FALSE
California,699007,Eureka City Unified School District (9-12),18,180,100,100,100,100,100,FALSE
California,699008,Upper Lake Unified School District (9-12),12,120,100,100,100,100,100,FALSE
California,699009,Coast Unified School District (9-12),3,30,100,100,100,100,100,TRUE
California,699010,Paso Robles Joint Unified School District (9-12),29,290,100,100,100,100,100,FALSE
California,699012,Hughson Unified School District (9-12),26,260,100,100,100,100,100,FALSE
California,699013,Oakdale Joint Unified School District (9-12),11,110,100,100,100,100,100,FALSE
California,699014,Nevada Joint Union High School District (9-12),5,50,100,100,100,100,100,FALSE
Colorado,800001,Cheyenne County School District RE-5,5,50,100,100,100,100,100,FALSE
Colorado,800018,Idalia School District RJ-3,4,40,100,100,100,100,100,TRUE
Colorado,800019,Liberty School District J-4,9,90,100,100,100,100,100,FALSE
Colorado,801980,Agate School District 300,4,40,100,100,100,100,100,TRUE
Colorado,802010,Aguilar Reorganized School District 6,9,90,100,100,100,100,100,FALSE
Colorado,802130,South Conejos School District RE-10,12,120,100,100,100,100,100,FALSE
Colorado,802220,Arickaree School District R-2,1,10,100,100,100,100,100,TRUE
Colorado,802460,Bethune School District R-5,5,50,100,100,100,100,100,FALSE
Colorado,802760,Campo School District RE-6,2,20,100,100,100,100,100,TRUE
Colorado,802880,Cheraw School District 31,3,30,100,100,100,100,100,TRUE
Colorado,803120,Fremont RE-3,6,60,100,100,100,100,100,FALSE
Colorado,803150,Creede School District,3,30,100,100,100,100,100,TRUE
Colorado,803270,Deer Trail School District 26J,38,380,100,100,100,100,100,FALSE
Colorado,803390,Dolores School District RE-4A,35,350,100,100,100,100,100,FALSE
Colorado,803630,Edison School District 54-JT,5,50,100,100,100,100,100,FALSE
Colorado,803930,Frenchman School District RE-3,3,30,100,100,100,100,100,TRUE
Colorado,804230,Gilpin County School District RE-1,12,120,100,100,100,100,100,FALSE
Colorado,804290,Granada School District RE-1,5,50,100,100,100,100,100,FALSE
Colorado,804500,Hanover School District 28,24,240,100,100,100,100,100,FALSE
Colorado,804560,Haxtun School District RE-2J,6,60,100,100,100,100,100,FALSE
Colorado,804680,Holly School District RE-3,1,10,100,100,100,100,100,TRUE
Colorado,804710,Holyoke School District RE-1J,41,410,100,100,100,100,100,FALSE
Colorado,804860,Julesburg School District RE-1,13,130,100,100,100,100,100,FALSE
Colorado,804890,Karval School District RE-23,2,20,100,100,100,100,100,TRUE
Colorado,805010,Kiowa School District C-2,17,170,100,100,100,100,100,FALSE
Colorado,805250,Las Animas School District RE-1,22,220,100,100,100,100,100,FALSE
Colorado,805340,Lone Star School District 101,8,80,100,100,100,100,100,FALSE
Colorado,805520,Manzanola School District 3J,3,30,100,100,100,100,100,TRUE
Colorado,805580,McClave School District RE-2,1,10,100,100,100,100,100,TRUE
Colorado,805640,Buffalo School District RE-4,5,50,100,100,100,100,100,FALSE
Colorado,805670,Miami-Yoder School District 60-JT,33,330,100,100,100,100,100,FALSE
Colorado,805910,South Routt School District RE-3,10,100,100,100,100,100,100,FALSE
Colorado,805940,Otis School District R-3,8,80,100,100,100,100,100,FALSE
Colorado,806000,Revere School District,4,40,100,100,100,100,100,TRUE
Colorado,806300,Mountain Valley School District RE-1,4,40,100,100,100,100,100,TRUE
Colorado,806420,Sangre de Cristo School District RE-22J,10,100,100,100,100,100,100,FALSE
Colorado,806450,Sargent School District RE-33J,12,120,100,100,100,100,100,FALSE
Colorado,806570,Silverton School District 1,3,30,100,100,100,100,100,TRUE
Colorado,806600,Big Sandy School District 100J,7,70,100,100,100,100,100,FALSE
Colorado,806630,Springfield School District RE-4,14,140,100,100,100,100,100,FALSE
Colorado,806720,Prairie School District RE-11,2,20,100,100,100,100,100,TRUE
Colorado,806780,Stratton School District R-4,8,80,100,100,100,100,100,FALSE
Colorado,806810,Summit School District RE-1,1,10,100,100,100,100,100,TRUE
Colorado,806990,Vilas School District RE-5,3,30,100,100,100,100,100,TRUE
Colorado,807050,North Park School District R-1,3,30,100,100,100,100,100,TRUE
Colorado,807140,Weldon Valley School District RE-20J,3,30,100,100,100,100,100,TRUE
Colorado,807260,Primero Reorganized School District 2,13,130,100,100,100,100,100,FALSE
Connecticut,900390,Bozrah School District,12,120,100,100,100,100,100,FALSE
Connecticut,901950,Hartland School District,5,50,100,100,100,100,100,FALSE
Connecticut,904650,Union School District,1,10,100,100,100,100,100,TRUE
Connecticut,905160,Winchester School District,51,510,100,100,100,100,100,FALSE
Georgia,1305580,Webster County School District,12,120,100,100,100,100,100,FALSE
Idaho,1600010,Whitepine Joint School District 288,15,150,100,100,100,100,100,FALSE
Idaho,1600090,Arbon Elementary School District 383,2,20,100,100,100,100,100,TRUE
Idaho,1600180,Basin School District 72,10,100,100,100,100,100,100,FALSE
Idaho,1600330,Bliss Joint School District 234,3,30,100,100,100,100,100,TRUE
Idaho,1600540,Camas County School District 121,13,130,100,100,100,100,100,FALSE
Idaho,1600570,Cambridge Joint School District 432,20,200,100,100,100,100,100,FALSE
Idaho,1600630,Cascade School District 422,6,60,100,100,100,100,100,FALSE
Idaho,1600690,Castleford School District 417,14,140,100,100,100,100,100,FALSE
Idaho,1600720,Challis Joint School District 181,2,20,100,100,100,100,100,TRUE
Idaho,1600750,Clark County School District 161,8,80,100,100,100,100,100,FALSE
Idaho,1600870,Culdesac Joint School District 342,9,90,100,100,100,100,100,FALSE
Idaho,1600900,Dietrich School District 314,3,30,100,100,100,100,100,TRUE
Idaho,1601170,Garden Valley School District 71,5,50,100,100,100,100,100,FALSE
Idaho,1601200,Genesee Joint School District 282,19,190,100,100,100,100,100,FALSE
Idaho,1601230,Glenns Ferry Joint School District 192,21,210,100,100,100,100,100,FALSE
Idaho,1601740,Kootenai Joint School District 274,13,130,100,100,100,100,100,FALSE
Idaho,1601770,Kuna Joint School District 3,334,3340,100,100,100,100,100,FALSE
Idaho,1601830,Lapwai School District 341,11,110,100,100,100,100,100,FALSE
Idaho,1601920,Madison School District 321,352,3520,100,100,100,100,100,FALSE
Idaho,1601980,Marsing Joint School District 363,49,490,100,100,100,100,100,FALSE
Idaho,1602060,Meadows Valley School District 11,2,20,100,100,100,100,100,TRUE
Idaho,1602160,Midvale School District 433,2,20,100,100,100,100,100,TRUE
Idaho,1602220,Moscow School District 281,169,1690,100,100,100,100,100,FALSE
Idaho,1602280,Mullan School District 392,11,110,100,100,100,100,100,FALSE
Idaho,1602310,Murtaugh Joint School District 418,8,80,100,100,100,100,100,FALSE
Idaho,1602400,Nezperce Joint School District 302,16,160,100,100,100,100,100,FALSE
Idaho,1602430,North Gem School District 149,5,50,100,100,100,100,100,FALSE
Idaho,1602460,Notus School District 135,15,150,100,100,100,100,100,FALSE
Idaho,1602610,Pleasant Valley Elementary School District 364,7,70,100,100,100,100,100,FALSE
Idaho,1602670,Post Falls School District 273,496,4960,100,100,100,100,100,FALSE
Idaho,1602760,Richfield School District 316,7,70,100,100,100,100,100,FALSE
Idaho,1602820,Rockland School District 382,2,20,100,100,100,100,100,TRUE
Idaho,1602910,Shelley Joint School District 60,103,1030,100,100,100,100,100,FALSE
Idaho,1603030,South Lemhi School District 292,4,40,100,100,100,100,100,TRUE
Idaho,1603090,Sugar-Salem Joint School District 322,86,860,100,100,100,100,100,FALSE
Idaho,1603120,Swan Valley Elementary School District 92,5,50,100,100,100,100,100,FALSE
Idaho,1603210,Three Creek Joint Elementary School District 416,9,90,100,100,100,100,100,FALSE
Idaho,1603300,Wallace School District 393,12,120,100,100,100,100,100,FALSE
Idaho,1603400,West Jefferson School District 253,10,100,100,100,100,100,100,FALSE
Illinois,.,.,7,70,100,100,100,100,100,FALSE
Illinois,1700003,Blue Ridge Community Unit School District 18,18,180,100,100,100,100,100,FALSE
Illinois,1700004,Norris City-Omaha-Enfield Community Unit School District 3,18,180,100,100,100,100,100,FALSE
Illinois,1700102,Brussels Community Unit School District 42,5,50,100,100,100,100,100,FALSE
Illinois,1700105,A-C Central Community Unit School District 262,11,110,100,100,100,100,100,FALSE
Illinois,1700120,Lostant Community Unit School District 425,3,30,100,100,100,100,100,TRUE
Illinois,1700123,Meridian Community Unit School District 15,57,570,100,100,100,100,100,FALSE
Illinois,1700176,Cowden-Herrick Community Unit School District 3A,18,180,100,100,100,100,100,FALSE
Illinois,1701417,Bluford Unit School District 318,21,210,100,100,100,100,100,FALSE
Illinois,1701422,Woodlawn Unit District 209,8,80,100,100,100,100,100,FALSE
Illinois,1703450,Allendale Community Consolidated School District 17,10,100,100,100,100,100,100,FALSE
Illinois,1704230,Armstrong Township High School District 225,11,110,100,100,100,100,100,FALSE
Illinois,1705430,Beecher Community Unit School District 200U,42,420,100,100,100,100,100,FALSE
Illinois,1706600,Scott-Morgan Consolidated Unit School District 2,2,20,100,100,100,100,100,TRUE
Illinois,1708460,Carlyle Community Unit School District 1,53,530,100,100,100,100,100,FALSE
Illinois,1712810,Durand Community Unit School District 322,20,200,100,100,100,100,100,FALSE
Illinois,1713050,East Dubuque Community Unit School District 119,17,170,100,100,100,100,100,FALSE
Illinois,1714350,Erie Community Unit School District 1,30,300,100,100,100,100,100,FALSE
Illinois,1717580,Grayville Community Unit School District 1,5,50,100,100,100,100,100,FALSE
Illinois,1717901,Flanagan-Cornell District 74 in Cornell,11,110,100,100,100,100,100,FALSE
Illinois,1717902,Flanagan-Cornell District 74 in Pontiac,2,20,100,100,100,100,100,TRUE
Illinois,1718390,Hartsburg-Emden Community Unit School District 21,15,150,100,100,100,100,100,FALSE
Illinois,1720790,Kansas Community Unit School District 3,10,100,100,100,100,100,100,FALSE
Illinois,1721680,La Moille Community Unit School District 303,7,70,100,100,100,100,100,FALSE
Illinois,1722710,Lexington Community Unit School District 7,40,400,100,100,100,100,100,FALSE
Illinois,1722870,Leland Community Unit School District 1,21,210,100,100,100,100,100,FALSE
Illinois,1725650,Mendota Township High School District 280,55,550,100,100,100,100,100,FALSE
Illinois,1726430,Momence Community Unit School District 1,38,380,100,100,100,100,100,FALSE
Illinois,1728260,Newark Community High School District 18,38,380,100,100,100,100,100,FALSE
Illinois,1730540,Northwestern Community Unit School District 2,6,60,100,100,100,100,100,FALSE
Illinois,1732280,Pope County Community Unit School District 1,5,50,100,100,100,100,100,FALSE
Illinois,1734140,Roanoke-Benson Community Unit School District 60,30,300,100,100,100,100,100,FALSE
Illinois,1736640,South Fork School District 14,1,10,100,100,100,100,100,TRUE
Illinois,1736960,Spoon River Valley Community Unit School District 4,23,230,100,100,100,100,100,FALSE
Illinois,1738490,V.I.T. Community Unit School District 2,23,230,100,100,100,100,100,FALSE
Illinois,1739480,Tri-Point Community Unit School District 6-J,10,100,100,100,100,100,100,FALSE
Illinois,1739630,Century Community Unit School District 100,10,100,100,100,100,100,100,FALSE
Illinois,1742450,Williamsfield Community Unit School District 210,7,70,100,100,100,100,100,FALSE
Illinois,1799005,Woodlawn Unit District 209 (9-12) in Grand Prairie,5,50,100,100,100,100,100,FALSE
Illinois,1799006,Woodlawn Unit District 209 (9-12) in Rome,5,50,100,100,100,100,100,FALSE
Illinois,1799008,Woodlawn Unit District 209 (9-12) in Ashley,1,10,100,100,100,100,100,TRUE
Indiana,.,.,3,30,100,100,100,100,100,TRUE
Indiana,1800008,White River Valley School District,53,530,100,100,100,100,100,FALSE
Indiana,1800107,Tri-Township Consolidated School Corporation,31,310,100,100,100,100,100,FALSE
Indiana,1800180,Argos Community Schools,19,190,100,100,100,100,100,FALSE
Indiana,1800212,Borden-Henryville School Corp,163,1630,100,100,100,100,100,FALSE
Indiana,1800330,Barr-Reeve Community School Corporation,64,640,100,100,100,100,100,FALSE
Indiana,1800480,Benton Community School Corporation,85,850,100,100,100,100,100,FALSE
Indiana,1800570,Blackford County Schools,70,700,100,100,100,100,100,FALSE
Indiana,1800600,Bloomfield School District,47,470,100,100,100,100,100,FALSE
Indiana,1800900,Bremen Public Schools,62,620,100,100,100,100,100,FALSE
Indiana,1801170,Cannelton City Schools,1,10,100,100,100,100,100,TRUE
Indiana,1801230,Medora Community School Corporation,4,40,100,100,100,100,100,TRUE
Indiana,1801740,Perry Central Community School Corporation,46,460,100,100,100,100,100,FALSE
Indiana,1802160,Clinton Prairie School Corporation,43,430,100,100,100,100,100,FALSE
Indiana,1802640,Decatur Township Metropolitan School District,427,4270,100,100,100,100,100,FALSE
Indiana,1802880,City of East Chicago School District,201,2010,100,100,100,100,100,FALSE
Indiana,1802940,East Gibson School Corporation,21,210,100,100,100,100,100,FALSE
Indiana,1803060,DeKalb County Eastern Community School District,65,650,100,100,100,100,100,FALSE
Indiana,1803120,Eastern Hancock County Community School Corporation,20,200,100,100,100,100,100,FALSE
Indiana,1803150,Eastern Howard School Corporation,54,540,100,100,100,100,100,FALSE
Indiana,1803240,Edinburgh Community School Corporation,17,170,100,100,100,100,100,FALSE
Indiana,1803300,Elwood Community School Corporation,60,600,100,100,100,100,100,FALSE
Indiana,1803330,Eminence Community School Corporation,41,410,100,100,100,100,100,FALSE
Indiana,1803720,Lanesville Community School Corporation,12,120,100,100,100,100,100,FALSE
Indiana,1803810,Frontier School Corporation,32,320,100,100,100,100,100,FALSE
Indiana,1804170,Griffith Public Schools,140,1400,100,100,100,100,100,FALSE
Indiana,1805520,Lakeland School Corporation,158,1580,100,100,100,100,100,FALSE
Indiana,1805880,Liberty-Perry Community School Corporation,26,260,100,100,100,100,100,FALSE
Indiana,1806480,Sheridan Community Schools,32,320,100,100,100,100,100,FALSE
Indiana,1806630,Milan Community Schools,39,390,100,100,100,100,100,FALSE
Indiana,1806660,Mill Creek Community School Corporation,59,590,100,100,100,100,100,FALSE
Indiana,1807110,Eastern Pulaski Community School Corporation,39,390,100,100,100,100,100,FALSE
Indiana,1807470,New Durham Township Metropolitan School District,38,380,100,100,100,100,100,FALSE
Indiana,1807890,North Miami Community Schools,29,290,100,100,100,100,100,FALSE
Indiana,1808070,North Vermillion Community School Corporation,15,150,100,100,100,100,100,FALSE
Indiana,1808490,Orleans Community Schools,43,430,100,100,100,100,100,FALSE
Indiana,1809990,Scott County School District 1,41,410,100,100,100,100,100,FALSE
Indiana,1810110,Shakamak Schools Metropolitan School District,45,450,100,100,100,100,100,FALSE
Indiana,1810230,Smith-Green Community Schools,50,500,100,100,100,100,100,FALSE
Indiana,1810410,South Knox School Corporation,64,640,100,100,100,100,100,FALSE
Indiana,1810500,South Putnam Community Schools,28,280,100,100,100,100,100,FALSE
Indiana,1810770,Southern Wells Community Schools,30,300,100,100,100,100,100,FALSE
Indiana,1811460,Tri-Creek School Corporation,168,1680,100,100,100,100,100,FALSE
Indiana,1811610,Union County-College Corner Joint School District,51,510,100,100,100,100,100,FALSE
Indiana,1811700,Union Township School Corporation,57,570,100,100,100,100,100,FALSE
Indiana,1811730,Union School Corporation,17,170,100,100,100,100,100,FALSE
Indiana,1811910,Union-North United School Corporation,52,520,100,100,100,100,100,FALSE
Indiana,1812240,Wa-Nee Community Schools,178,1780,100,100,100,100,100,FALSE
Indiana,1812450,Washington Community School Corporation,153,1530,100,100,100,100,100,FALSE
Indiana,1812900,West Noble School Corporation,167,1670,100,100,100,100,100,FALSE
Indiana,1812930,West Washington School Corporation,40,400,100,100,100,100,100,FALSE
Indiana,1813200,Whiting School City,28,280,100,100,100,100,100,FALSE
Indiana,1899997,School District Not Defined,24,240,100,100,100,100,100,FALSE
Iowa,1900015,Sibley-Ocheyedan Community School District,38,380,100,100,100,100,100,FALSE
Iowa,1906000,Calamus-Wheatland Community School District,9,90,100,100,100,100,100,FALSE
Iowa,1907440,Clarksville Community School District,4,40,100,100,100,100,100,TRUE
Iowa,1907470,Clay Central-Everly Community School District,13,130,100,100,100,100,100,FALSE
Iowa,1909060,Diagonal Community School District,3,30,100,100,100,100,100,TRUE
Iowa,1915660,Keota Community School District,16,160,100,100,100,100,100,FALSE
Iowa,1918240,East Mills Community School District,15,150,100,100,100,100,100,FALSE
Iowa,1918840,MOC-Floyd Valley Community School District,93,930,100,100,100,100,100,FALSE
Iowa,1918930,Mediapolis Community School District,51,510,100,100,100,100,100,FALSE
Iowa,1919800,Moulton-Udell Community School District,16,160,100,100,100,100,100,FALSE
Iowa,1922380,Paton-Churdan Community School District,10,100,100,100,100,100,100,FALSE
Kansas,2000013,Triplains Unified School District 275,7,70,100,100,100,100,100,FALSE
Kansas,2000014,Central Heights Unified School District 288,16,160,100,100,100,100,100,FALSE
Kansas,2000346,Thunder Ridge Unified School District 110,5,50,100,100,100,100,100,FALSE
Kansas,2003270,Northern Valley Unified School District 212,5,50,100,100,100,100,100,FALSE
Kansas,2003510,Ashland Unified School District 220,9,90,100,100,100,100,100,FALSE
Kansas,2004020,Otis-Bison Unified School District 403,12,120,100,100,100,100,100,FALSE
Kansas,2004050,Bonner Springs Unified School District 204,126,1260,100,100,100,100,100,FALSE
Kansas,2004080,Brewster Unified School District 314,7,70,100,100,100,100,100,FALSE
Kansas,2004230,Central Unified School District 462,9,90,100,100,100,100,100,FALSE
Kansas,2004440,Canton-Galva Unified School District 419,9,90,100,100,100,100,100,FALSE
Kansas,2004470,Waconda Unified School District 272,6,60,100,100,100,100,100,FALSE
Kansas,2004500,Cedar Vale Unified School District 285,3,30,100,100,100,100,100,TRUE
Kansas,2004650,Chase-Raymond Unified School District 401,5,50,100,100,100,100,100,FALSE
Kansas,2004830,North Jackson Unified School District 335,21,210,100,100,100,100,100,FALSE
Kansas,2005040,Comanche County Unified School District 300,2,20,100,100,100,100,100,TRUE
Kansas,2005250,Chase County Unified School District 284,12,120,100,100,100,100,100,FALSE
Kansas,2005310,Pike Valley Unified School District 426,4,40,100,100,100,100,100,TRUE
Kansas,2005370,Cunningham Unified School District 332,3,30,100,100,100,100,100,TRUE
Kansas,2005400,Deerfield Unified School District 216,6,60,100,100,100,100,100,FALSE
Kansas,2005460,Derby Unified School District 260,274,2740,100,100,100,100,100,FALSE
Kansas,2005550,Dighton Unified School District 482,15,150,100,100,100,100,100,FALSE
Kansas,2005760,Elk Valley Unified School District 283,7,70,100,100,100,100,100,FALSE
Kansas,2005820,Ellinwood Public Schools Unified School District 355,12,120,100,100,100,100,100,FALSE
Kansas,2005870,Ellsworth Unified School District 327,31,310,100,100,100,100,100,FALSE
Kansas,2006210,Fowler Unified School District 225,2,20,100,100,100,100,100,TRUE
Kansas,2006240,Remington-Whitewater Unified School District 206,33,330,100,100,100,100,100,FALSE
Kansas,2006330,Fort Leavenworth Unified School District 207,145,1450,100,100,100,100,100,FALSE
Kansas,2006360,Galena Unified School District 499,30,300,100,100,100,100,100,FALSE
Kansas,2006510,Southern Cloud Unified School District 334,3,30,100,100,100,100,100,TRUE
Kansas,2006630,Wheatland Unified School District 292,6,60,100,100,100,100,100,FALSE
Kansas,2006660,Great Bend Unified School District 428,125,1250,100,100,100,100,100,FALSE
Kansas,2006780,Grinnell Public Schools Unified School District 291,4,40,100,100,100,100,100,TRUE
Kansas,2006840,Halstead Unified School District 440,27,270,100,100,100,100,100,FALSE
Kansas,2006870,Hamilton Unified School District 390,1,10,100,100,100,100,100,TRUE
Kansas,2007020,Hays Unified School District 489,107,1070,100,100,100,100,100,FALSE
Kansas,2007080,Healy Public Schools Unified School District 468,1,10,100,100,100,100,100,TRUE
Kansas,2007170,Hesston Unified School District 460,29,290,100,100,100,100,100,FALSE
Kansas,2007440,Rural Vista Unified School District 481,11,110,100,100,100,100,100,FALSE
Kansas,2007560,Hugoton Public Schools Unified School District 210,32,320,100,100,100,100,100,FALSE
Kansas,2007650,Independence Unified School District 446,80,800,100,100,100,100,100,FALSE
Kansas,2007800,Hodgeman County Schools Unified School District 227,5,50,100,100,100,100,100,FALSE
Kansas,2007860,Stanton County Unified School District 452,19,190,100,100,100,100,100,FALSE
Kansas,2008040,Crest Unified School District 479,2,20,100,100,100,100,100,TRUE
Kansas,2008130,South Barber Unified School District 255,10,100,100,100,100,100,100,FALSE
Kansas,2008190,Kismet-Plains Unified School District 483,28,280,100,100,100,100,100,FALSE
Kansas,2008700,Lewis Unified School District 502,6,60,100,100,100,100,100,FALSE
Kansas,2008730,Liberal Unified School District 480,203,2030,100,100,100,100,100,FALSE
Kansas,2008910,Logan Unified School District 326,3,30,100,100,100,100,100,TRUE
Kansas,2008940,Centre Unified School District 397,12,120,100,100,100,100,100,FALSE
Kansas,2009060,Macksville Unified School District 351,9,90,100,100,100,100,100,FALSE
Kansas,2009090,Madison-Virgil Unified School District 386,6,60,100,100,100,100,100,FALSE
Kansas,2009600,Minneola Unified School District 219,6,60,100,100,100,100,100,FALSE
Kansas,2009660,Marmaton Valley Unified School District 256,6,60,100,100,100,100,100,FALSE
Kansas,2009720,Moscow Public Schools Unified School District 209,2,20,100,100,100,100,100,TRUE
Kansas,2009850,Paradise Unified School District 399,9,90,100,100,100,100,100,FALSE
Kansas,2010350,Oswego Unified School District 504,12,120,100,100,100,100,100,FALSE
Kansas,2010920,Pretty Prairie Unified School District 311,9,90,100,100,100,100,100,FALSE
Kansas,2010980,Blue Valley Unified School District 384,17,170,100,100,100,100,100,FALSE
Kansas,2011040,Golden Plains Unified School District 316,5,50,100,100,100,100,100,FALSE
Kansas,2011190,Rolla Unified School District 217,2,20,100,100,100,100,100,TRUE
Kansas,2011220,Flinthills Unified School District 492,14,140,100,100,100,100,100,FALSE
Kansas,2011280,Pawnee Heights Unified School District 496,2,20,100,100,100,100,100,TRUE
Kansas,2012120,Sylvan Grove Unified School District 299,9,90,100,100,100,100,100,FALSE
Kansas,2012150,Syracuse Unified School District 494,16,160,100,100,100,100,100,FALSE
Kansas,2012450,Uniontown Unified School District 235,26,260,100,100,100,100,100,FALSE
Kansas,2012510,Valley Center Public Schools Unified School District 262,184,1840,100,100,100,100,100,FALSE
Kentucky,2100078,Fort Campbell Dependent Schools,221,2210,100,100,100,100,100,FALSE
Kentucky,2101230,Clay County School District,66,660,100,100,100,100,100,FALSE
Kentucky,2101290,Cloverport Independent School District,20,200,100,100,100,100,100,FALSE
Kentucky,2103630,Ludlow Independent School District,36,360,100,100,100,100,100,FALSE
Kentucky,2103990,McCreary County School District,20,200,100,100,100,100,100,FALSE
Kentucky,2104080,Menifee County School District,51,510,100,100,100,100,100,FALSE
Louisiana,2201710,Tensas Parish School District,20,200,100,100,100,100,100,FALSE
Maine,2300004,Bridgewater,2,20,100,100,100,100,100,TRUE
Maine,2300005,Grand Isle,9,90,100,100,100,100,100,FALSE
Maine,2300057,Seboeis Plantation,2,20,100,100,100,100,100,TRUE
Maine,2300059,Lake View Plantation,2,20,100,100,100,100,100,TRUE
Maine,2300064,Indian Township,1,10,100,100,100,100,100,TRUE
Maine,2300065,Cutler,5,50,100,100,100,100,100,FALSE
Maine,2300069,Pleasant Point,1,10,100,100,100,100,100,TRUE
Maine,2302500,Airline Community School District,6,60,100,100,100,100,100,FALSE
Maine,2303480,Bremen,6,60,100,100,100,100,100,FALSE
Maine,2303990,Carroll Plantation,1,10,100,100,100,100,100,TRUE
Maine,2304080,Castine,1,10,100,100,100,100,100,TRUE
Maine,2304110,Caswell,1,10,100,100,100,100,100,TRUE
Maine,2304160,Charlotte,2,20,100,100,100,100,100,TRUE
Maine,2305380,East Range Community School District,1,10,100,100,100,100,100,TRUE
Maine,2306030,Glenwood Plantation,2,20,100,100,100,100,100,TRUE
Maine,2306150,Great Lake Stream Plantation,1,10,100,100,100,100,100,TRUE
Maine,2306900,Jonesboro,2,20,100,100,100,100,100,TRUE
Maine,2307110,Kingsbury Plantation,2,20,100,100,100,100,100,TRUE
Maine,2307200,Lakeville,1,10,100,100,100,100,100,TRUE
Maine,2307590,Frenchboro,2,20,100,100,100,100,100,TRUE
Maine,2307800,Madawaska,21,210,100,100,100,100,100,FALSE
Maine,2308140,Medford,3,30,100,100,100,100,100,TRUE
Maine,2308160,Medway,2,20,100,100,100,100,100,TRUE
Maine,2308340,Monhegan Plantation,3,30,100,100,100,100,100,TRUE
Maine,2308700,New Sweden,2,20,100,100,100,100,100,TRUE
Maine,2308760,Newcastle,5,50,100,100,100,100,100,FALSE
Maine,2309650,Perry,3,30,100,100,100,100,100,TRUE
Maine,2309990,Princeton,8,80,100,100,100,100,100,FALSE
Maine,2310140,Reed Plantation,1,10,100,100,100,100,100,TRUE
Maine,2310560,School Administration District 10,1,10,100,100,100,100,100,TRUE
Maine,2310620,School Administrative District 12,1,10,100,100,100,100,100,TRUE
Maine,2310680,School Administrative District 14,2,20,100,100,100,100,100,TRUE
Maine,2310830,School Administrative District 19,4,40,100,100,100,100,100,TRUE
Maine,2311010,School Administrative District 24,7,70,100,100,100,100,100,FALSE
Maine,2311220,School Administrative District 30,1,10,100,100,100,100,100,TRUE
Maine,2311280,School Administrative District 32,2,20,100,100,100,100,100,TRUE
Maine,2311730,School Administrative District 04,21,210,100,100,100,100,100,FALSE
Maine,2311820,School Administrative District 07,2,20,100,100,100,100,100,TRUE
Maine,2311910,School Administrative District 76,1,10,100,100,100,100,100,TRUE
Maine,2312180,Shirley,2,20,100,100,100,100,100,TRUE
Maine,2313080,Vanceboro,3,30,100,100,100,100,100,TRUE
Maine,2313200,Waite,1,10,100,100,100,100,100,TRUE
Maine,2313500,Wesley,1,10,100,100,100,100,100,TRUE
Maine,2313740,Willimantic,1,10,100,100,100,100,100,TRUE
Maine,2314803,Regional School Unit 78,7,70,100,100,100,100,100,FALSE
Maine,2314806,Regional School Unit 50,15,150,100,100,100,100,100,FALSE
Maine,2314811,Brighton Plantation,6,60,100,100,100,100,100,FALSE
Maine,2314814,Cherryfield,2,20,100,100,100,100,100,TRUE
Maine,2314817,Athens,6,60,100,100,100,100,100,FALSE
Maine,2314820,St. George Public Schools,1,10,100,100,100,100,100,TRUE
Maine,2314823,Andover Public Schools,7,70,100,100,100,100,100,FALSE
Maine,2314824,Northport Public Schools,1,10,100,100,100,100,100,TRUE
Maine,2314825,Winterville Plantation Public Schools,2,20,100,100,100,100,100,TRUE
Maine,2314834,Burlington Public Schools,2,20,100,100,100,100,100,TRUE
Maine,2314835,Byron Public Schools,1,10,100,100,100,100,100,TRUE
Maine,2314836,Moro Plantation Public Schools,1,10,100,100,100,100,100,TRUE
Maine,2314839,Eagle Lake Public Schools,1,10,100,100,100,100,100,TRUE
Maine,2382001,Aroostook Unorganized Territory,15,150,100,100,100,100,100,FALSE
Maine,2382002,Oxford Unorganized Territory,6,60,100,100,100,100,100,FALSE
Maine,2382008,Somerset Unorganized Territory,2,20,100,100,100,100,100,TRUE
Maine,2382009,Piscataquis Unorganized Territory,10,100,100,100,100,100,100,FALSE
Maine,2382010,Penobscot Unorganized Territory,14,140,100,100,100,100,100,FALSE
Maine,2382011,Hancock Unorganized Territory,3,30,100,100,100,100,100,TRUE
Maine,2382012,Washington Unorganized Territory,16,160,100,100,100,100,100,FALSE
Massachusetts,2509840,Provincetown School District,17,170,100,100,100,100,100,FALSE
Massachusetts,2525006,Pittsfield School District in Richmond (9-12),1,10,100,100,100,100,100,TRUE
Michigan,2600011,Sigel Township School District 4F,1,10,100,100,100,100,100,TRUE
Michigan,2600014,Ewen-Trout Creek Consolidated Schools,1,10,100,100,100,100,100,TRUE
Michigan,2600019,Superior Central Schools,19,190,100,100,100,100,100,FALSE
Michigan,2602010,Akron-Fairgrove Schools,13,130,100,100,100,100,100,FALSE
Michigan,2603240,Armada Area Schools,48,480,100,100,100,100,100,FALSE
Michigan,2603270,Arvon Township School District,1,10,100,100,100,100,100,TRUE
Michigan,2604020,Bark River-Harris School District,11,110,100,100,100,100,100,FALSE
Michigan,2604320,Bear Lake School District,8,80,100,100,100,100,100,FALSE
Michigan,2604350,Beaver Island Community School,6,60,100,100,100,100,100,FALSE
Michigan,2604620,Bellaire Public Schools,11,110,100,100,100,100,100,FALSE
Michigan,2605690,Big Bay de Noc School District,11,110,100,100,100,100,100,FALSE
Michigan,2606600,Brandywine Community Schools,26,260,100,100,100,100,100,FALSE
Michigan,2607040,Brown City Community School District,44,440,100,100,100,100,100,FALSE
Michigan,2607140,Buchanan Community School District,52,520,100,100,100,100,100,FALSE
Michigan,2607470,Burt Township School District,2,20,100,100,100,100,100,TRUE
Michigan,2608610,Central Lake Public Schools,11,110,100,100,100,100,100,FALSE
Michigan,2609630,Church School District,4,40,100,100,100,100,100,TRUE
Michigan,2610020,Climax-Scotts Community School District,32,320,100,100,100,100,100,FALSE
Michigan,2610750,Constantine Public School District,56,560,100,100,100,100,100,FALSE
Michigan,2610980,Covert Public Schools,29,290,100,100,100,100,100,FALSE
Michigan,2611190,Forest Park School District,16,160,100,100,100,100,100,FALSE
Michigan,2612660,Easton Township School District 6,6,60,100,100,100,100,100,FALSE
Michigan,2612930,Ecorse Public School District,99,990,100,100,100,100,100,FALSE
Michigan,2613140,Elm River Township School District,1,10,100,100,100,100,100,TRUE
Michigan,2614790,Frankfort-Elberta Area Schools,21,210,100,100,100,100,100,FALSE
Michigan,2615510,Glenn Public School District,1,10,100,100,100,100,100,TRUE
Michigan,2617340,Hagar Township School District 6,1,10,100,100,100,100,100,TRUE
Michigan,2617700,Harbor Springs School District,33,330,100,100,100,100,100,FALSE
Michigan,2618360,Hillman Community Schools,22,220,100,100,100,100,100,FALSE
Michigan,2619100,Imlay City Community Schools,84,840,100,100,100,100,100,FALSE
Michigan,2619290,Ionia Township School District 2,7,70,100,100,100,100,100,FALSE
Michigan,2619890,Johannesburg-Lewiston Area School District,22,220,100,100,100,100,100,FALSE
Michigan,2622260,Mackinaw City Public Schools,1,10,100,100,100,100,100,TRUE
Michigan,2623100,Mason Consolidated Schools,38,380,100,100,100,100,100,FALSE
Michigan,2623830,Mid Peninsula School District,4,40,100,100,100,100,100,TRUE
Michigan,2624540,Moran Township School District,6,60,100,100,100,100,100,FALSE
Michigan,2624720,Mount Morris Consolidated School District,86,860,100,100,100,100,100,FALSE
Michigan,2625920,Northport Public School District,11,110,100,100,100,100,100,FALSE
Michigan,2626100,Nottawa Community School,9,90,100,100,100,100,100,FALSE
Michigan,2626520,Onsted Community Schools,63,630,100,100,100,100,100,FALSE
Michigan,2626550,Ontonagon Area Schools,19,190,100,100,100,100,100,FALSE
Michigan,2626940,Dollar Bay-Tamarack City Area Schools,15,150,100,100,100,100,100,FALSE
Michigan,2628020,Pickford Public Schools,11,110,100,100,100,100,100,FALSE
Michigan,2629190,Powell Township Schools,1,10,100,100,100,100,100,TRUE
Michigan,2629340,Rapid River Public Schools,8,80,100,100,100,100,100,FALSE
Michigan,2629580,Republic-Michigamme Schools,13,130,100,100,100,100,100,FALSE
Michigan,2629760,River Rouge School District,46,460,100,100,100,100,100,FALSE
Michigan,2630360,Rudyard Area Schools,43,430,100,100,100,100,100,FALSE
Michigan,2630480,North Dickinson County Schools,16,160,100,100,100,100,100,FALSE
Michigan,2632970,Stanton Township Public Schools,33,330,100,100,100,100,100,FALSE
Michigan,2634620,Vanderbilt Area Schools,7,70,100,100,100,100,100,FALSE
Michigan,2635010,Wakefield-Marenisco School District,24,240,100,100,100,100,100,FALSE
Michigan,2635790,Wells Township School District,2,20,100,100,100,100,100,TRUE
Michigan,2636060,White Cloud Public Schools,1,10,100,100,100,100,100,TRUE
Michigan,2636240,Whitefish Township Schools,2,20,100,100,100,100,100,TRUE
Michigan,2636600,Yale Public Schools,69,690,100,100,100,100,100,FALSE
Michigan,2699997,School District Not Defined,1,10,100,100,100,100,100,TRUE
Minnesota,.,.,2,20,100,100,100,100,100,TRUE
Minnesota,2700385,Red Lake County Central Public Schools,10,100,100,100,100,100,100,FALSE
Minnesota,2707320,Butterfield-Odin Public School District,11,110,100,100,100,100,100,FALSE
Minnesota,2709540,Comfrey Public School District,2,20,100,100,100,100,100,TRUE
Minnesota,2713680,Hendricks Public School District,6,60,100,100,100,100,100,FALSE
Minnesota,2717010,Kelliher Public School District,11,110,100,100,100,100,100,FALSE
Minnesota,2717880,Lancaster Public School District,3,30,100,100,100,100,100,TRUE
Minnesota,2718540,Mabel-Canton Public School District,5,50,100,100,100,100,100,FALSE
Minnesota,2719170,McGregor Public School District,20,200,100,100,100,100,100,FALSE
Minnesota,2721210,Milroy Public School District,5,50,100,100,100,100,100,FALSE
Minnesota,2728290,Rushford-Peterson Public Schools,24,240,100,100,100,100,100,FALSE
Minnesota,2733300,Spring Grove School District,5,50,100,100,100,100,100,FALSE
Minnesota,2733720,Nett Lake Public School District,5,50,100,100,100,100,100,FALSE
Mississippi,2801140,Coffeeville School District,26,260,100,100,100,100,100,FALSE
Mississippi,2801590,Greene County School District,106,1060,100,100,100,100,100,FALSE
Mississippi,2803570,Perry County Schools,64,640,100,100,100,100,100,FALSE
Missouri,2900002,South Harrison County R-II School District,37,370,100,100,100,100,100,FALSE
Missouri,2902880,Advance R-IV School District,30,300,100,100,100,100,100,FALSE
Missouri,2903040,Altenburg 48 School District,12,120,100,100,100,100,100,FALSE
Missouri,2903200,Archie R-V School District,19,190,100,100,100,100,100,FALSE
Missouri,2903480,Atlanta C-3 Schools,22,220,100,100,100,100,100,FALSE
Missouri,2904110,Avilla R-XIII School District,17,170,100,100,100,100,100,FALSE
Missouri,2904140,Bakersfield R-IV School District,15,150,100,100,100,100,100,FALSE
Missouri,2904170,Ballard R-II School District,1,10,100,100,100,100,100,TRUE
Missouri,2904530,Bell City R-II School District,6,60,100,100,100,100,100,FALSE
Missouri,2904590,Belleview R-III School District,3,30,100,100,100,100,100,TRUE
Missouri,2905130,Bismarck R-V School District,30,300,100,100,100,100,100,FALSE
Missouri,2905190,Blackwater R-II School District,3,30,100,100,100,100,100,TRUE
Missouri,2905700,Bradleyville R-I School District,6,60,100,100,100,100,100,FALSE
Missouri,2905730,Delta C-7 School District,9,90,100,100,100,100,100,FALSE
Missouri,2905790,Adair County R-II School District,15,150,100,100,100,100,100,FALSE
Missouri,2905820,Braymer C-4 School District,9,90,100,100,100,100,100,FALSE
Missouri,2905850,Breckenridge R-I School District,2,20,100,100,100,100,100,TRUE
Missouri,2906090,Bucklin R-II School District,10,100,100,100,100,100,100,FALSE
Missouri,2906150,Cooper County R-IV School District,10,100,100,100,100,100,100,FALSE
Missouri,2906170,Bunker R-III School District,2,20,100,100,100,100,100,TRUE
Missouri,2906450,Cainsville R-I School District,8,80,100,100,100,100,100,FALSE
Missouri,2906540,Callao C-8 School District,6,60,100,100,100,100,100,FALSE
Missouri,2907050,Campbell R-II School District,30,300,100,100,100,100,100,FALSE
Missouri,2907320,Nell Holcomb R-IV School District,23,230,100,100,100,100,100,FALSE
Missouri,2908340,Centerville R-I School District,5,50,100,100,100,100,100,FALSE
Missouri,2908730,Chilhowee R-IV School District,24,240,100,100,100,100,100,FALSE
Missouri,2908790,Livingston County R-III School District,7,70,100,100,100,100,100,FALSE
Missouri,2909090,Clarksburg C-2 School District,4,40,100,100,100,100,100,TRUE
Missouri,2909810,Climax Springs R-IV School District,9,90,100,100,100,100,100,FALSE
Missouri,2910080,Concordia R-II School District,28,280,100,100,100,100,100,FALSE
Missouri,2910140,Cooter R-IV School District,3,30,100,100,100,100,100,TRUE
Missouri,2910200,Couch R-I School District,19,190,100,100,100,100,100,FALSE
Missouri,2910260,Craig R-III School District,2,20,100,100,100,100,100,TRUE
Missouri,2910440,Dadeville R-II School District,4,40,100,100,100,100,100,TRUE
Missouri,2910470,Davis R-XII School District,12,120,100,100,100,100,100,FALSE
Missouri,2910950,Dora R-III School District,4,40,100,100,100,100,100,TRUE
Missouri,2911010,Skyline R-II School District,3,30,100,100,100,100,100,TRUE
Missouri,2911040,Plainview R-VIII School District,6,60,100,100,100,100,100,FALSE
Missouri,2911070,Drexel R-IV School District,12,120,100,100,100,100,100,FALSE
Missouri,2911250,East Buchanan County C-1 School District,38,380,100,100,100,100,100,FALSE
Missouri,2911670,Exeter R-VI School District,19,190,100,100,100,100,100,FALSE
Missouri,2911730,Fair Play R-II School District,21,210,100,100,100,100,100,FALSE
Missouri,2912720,Gasconade C-4 School District,6,60,100,100,100,100,100,FALSE
Missouri,2912840,Gilliam C-4 School District,1,10,100,100,100,100,100,TRUE
Missouri,2912870,Gilman City R-IV School District,11,110,100,100,100,100,100,FALSE
Missouri,2912900,Glasgow School District,20,200,100,100,100,100,100,FALSE
Missouri,2912930,Golden City R-III School District,13,130,100,100,100,100,100,FALSE
Missouri,2913260,Green Forest R-II School District,10,100,100,100,100,100,100,FALSE
Missouri,2913320,Greenfield R-IV School District,28,280,100,100,100,100,100,FALSE
Missouri,2913380,Greenville R-II School District,10,100,100,100,100,100,100,FALSE
Missouri,2913500,Hale R-I School District,3,30,100,100,100,100,100,TRUE
Missouri,2913530,Halfway R-III School District,31,310,100,100,100,100,100,FALSE
Missouri,2914520,Holliday C-2 School District,4,40,100,100,100,100,100,TRUE
Missouri,2915060,Junction Hill C-12 School District,19,190,100,100,100,100,100,FALSE
Missouri,2915180,Glenwood R-VIII School District,4,40,100,100,100,100,100,TRUE
Missouri,2915210,Howell Valley R-I School District,16,160,100,100,100,100,100,FALSE
Missouri,2915240,Hudson R-IX School District,2,20,100,100,100,100,100,TRUE
Missouri,2915270,Pettis County R-V School District,14,140,100,100,100,100,100,FALSE
Missouri,2915300,Humansville R-IV School District,50,500,100,100,100,100,100,FALSE
Missouri,2915330,Hume R-VIII School District,4,40,100,100,100,100,100,TRUE
Missouri,2915510,Iron County C-4 School District,1,10,100,100,100,100,100,TRUE
Missouri,2915630,North Daviess R-III School District,9,90,100,100,100,100,100,FALSE
Missouri,2915660,Jamestown C-1 School District,7,70,100,100,100,100,100,FALSE
Missouri,2916200,Jefferson C-123 School District,1,10,100,100,100,100,100,TRUE
Missouri,2916530,Keytesville R-III School District,2,20,100,100,100,100,100,TRUE
Missouri,2916620,Kingston 42 School District,5,50,100,100,100,100,100,FALSE
Missouri,2916710,Kirbyville R-VI School District,17,170,100,100,100,100,100,FALSE
Missouri,2916860,Oregon-Howell R-III School District,7,70,100,100,100,100,100,FALSE
Missouri,2916920,La Monte R-IV School District,11,110,100,100,100,100,100,FALSE
Missouri,2916950,La Plata R-II School District,8,80,100,100,100,100,100,FALSE
Missouri,2917880,Laquey R-V School District,22,220,100,100,100,100,100,FALSE
Missouri,2917910,Laredo R-VII School District,2,20,100,100,100,100,100,TRUE
Missouri,2918240,West St. Francois County R-IV School District,30,300,100,100,100,100,100,FALSE
Missouri,2918420,Leopold R-III School District,2,20,100,100,100,100,100,TRUE
Missouri,2918510,Liberal R-II School District,27,270,100,100,100,100,100,FALSE
Missouri,2919140,Lockwood R-I School District,9,90,100,100,100,100,100,FALSE
Missouri,2919380,Macks Creek R-V School District,14,140,100,100,100,100,100,FALSE
Missouri,2919920,Malta Bend R-V School District,1,10,100,100,100,100,100,TRUE
Missouri,2919950,Manes R-V School District,7,70,100,100,100,100,100,FALSE
Missouri,2920310,Marionville R-IX School District,37,370,100,100,100,100,100,FALSE
Missouri,2920340,Mark Twain R-VIII School District,5,50,100,100,100,100,100,FALSE
Missouri,2920370,Marquand-Zion R-VI School District,9,90,100,100,100,100,100,FALSE
Missouri,2920550,Maysville R-I School District,36,360,100,100,100,100,100,FALSE
Missouri,2920750,North Mercer County R-III School District,6,60,100,100,100,100,100,FALSE
Missouri,2920820,Miami R-I School District,13,130,100,100,100,100,100,FALSE
Missouri,2920840,Miami R-I School District,1,10,100,100,100,100,100,TRUE
Missouri,2920880,Middle Grove C-1 School District,5,50,100,100,100,100,100,FALSE
Missouri,2921030,Mirabile C-1 School District,6,60,100,100,100,100,100,FALSE
Missouri,2921060,Missouri City 56 School District,1,10,100,100,100,100,100,TRUE
Missouri,2921150,High Point R-III School District,7,70,100,100,100,100,100,FALSE
Missouri,2921180,Moniteau County R-V School District,16,160,100,100,100,100,100,FALSE
Missouri,2921330,Montgomery County R-II School District,49,490,100,100,100,100,100,FALSE
Missouri,2921360,Montrose R-XIV School District,8,80,100,100,100,100,100,FALSE
Missouri,2921940,New Franklin R-I School District,10,100,100,100,100,100,100,FALSE
Missouri,2922140,Newburg R-II School District,9,90,100,100,100,100,100,FALSE
Missouri,2922470,Newtown-Harris R-III School District,5,50,100,100,100,100,100,FALSE
Missouri,2922710,North Andrew County R-VI School District,9,90,100,100,100,100,100,FALSE
Missouri,2922770,North Harrison R-III School District,27,270,100,100,100,100,100,FALSE
Missouri,2922920,Northwestern R-I School District,13,130,100,100,100,100,100,FALSE
Missouri,2922950,Norwood R-I School District,19,190,100,100,100,100,100,FALSE
Missouri,2922980,Adair County R-I School District,20,200,100,100,100,100,100,FALSE
Missouri,2923070,Oak Ridge R-VI School District,15,150,100,100,100,100,100,FALSE
Missouri,2923190,South Holt County R-I School District,8,80,100,100,100,100,100,FALSE
Missouri,2923250,Osborn R-O School District,8,80,100,100,100,100,100,FALSE
Missouri,2923370,Thornfield R-I School District,4,40,100,100,100,100,100,TRUE
Missouri,2925170,Pilot Grove C-4 School District,23,230,100,100,100,100,100,FALSE
Missouri,2925530,Prairie Home R-V School District,12,120,100,100,100,100,100,FALSE
Missouri,2926040,Raymondville R-VII School District,4,40,100,100,100,100,100,TRUE
Missouri,2926310,Rich Hill R-IV School District,16,160,100,100,100,100,100,FALSE
Missouri,2926430,Richland R-IV School District,49,490,100,100,100,100,100,FALSE
Missouri,2926490,Ridgeway R-V School District,1,10,100,100,100,100,100,TRUE
Missouri,2926550,Ripley County R-III School District,4,40,100,100,100,100,100,TRUE
Missouri,2926940,Roscoe C-1 School District,2,20,100,100,100,100,100,TRUE
Missouri,2927330,Hardeman R-X School District,4,40,100,100,100,100,100,TRUE
Missouri,2927450,Orearville R-IV School District,9,90,100,100,100,100,100,FALSE
Missouri,2928080,Shawnee R-III School District,6,60,100,100,100,100,100,FALSE
Missouri,2928170,Sheldon R-VIII School District,3,30,100,100,100,100,100,TRUE
Missouri,2928360,Slater School District,27,270,100,100,100,100,100,FALSE
Missouri,2928470,South Iron County R-I School District,16,160,100,100,100,100,100,FALSE
Missouri,2928500,South Nodaway County R-IV School District,6,60,100,100,100,100,100,FALSE
Missouri,2928680,Southwest Livingston County R-I School District,4,40,100,100,100,100,100,TRUE
Missouri,2928740,Sparta R-III School District,42,420,100,100,100,100,100,FALSE
Missouri,2928770,Spickard R-II School District,2,20,100,100,100,100,100,TRUE
Missouri,2929490,Stewartsville C-2 School District,12,120,100,100,100,100,100,FALSE
Missouri,2929670,Strasburg C-3 School District,14,140,100,100,100,100,100,FALSE
Missouri,2930300,Tina-Avalon R-II School District,2,20,100,100,100,100,100,TRUE
Missouri,2930750,Van Buren R-I School District,9,90,100,100,100,100,100,FALSE
Missouri,2931230,Richwoods R-VII School District,8,80,100,100,100,100,100,FALSE
Missouri,2931800,Midway R-I School District,19,190,100,100,100,100,100,FALSE
Missouri,2931890,Westview C-6 School District,8,80,100,100,100,100,100,FALSE
Missouri,2932110,Henry County R-I School District,40,400,100,100,100,100,100,FALSE
Missouri,2932220,Winona R-III School District,2,20,100,100,100,100,100,TRUE
Missouri,2932250,Winston R-VI School District,3,30,100,100,100,100,100,TRUE
Missouri,2932300,Worth County R-III School District,12,120,100,100,100,100,100,FALSE
Montana,3000097,North Star High School District,3,30,100,100,100,100,100,TRUE
Montana,3000101,Chester-Joplin-Inverness High School District,22,220,100,100,100,100,100,FALSE
Montana,3000102,Dutton/Brady K-12 Schools,12,120,100,100,100,100,100,FALSE
Montana,3000933,Shields Valley High School District,7,70,100,100,100,100,100,FALSE
Montana,3001740,Absarokee High School District,11,110,100,100,100,100,100,FALSE
Montana,3002450,Augusta High School District,3,30,100,100,100,100,100,TRUE
Montana,3002730,Baker K-12 Schools,25,250,100,100,100,100,100,FALSE
Montana,3003270,Belfry K-12 Schools,1,10,100,100,100,100,100,TRUE
Montana,3003450,Belt High School District,10,100,100,100,100,100,100,FALSE
Montana,3003750,Big Sandy K-12 Schools,12,120,100,100,100,100,100,FALSE
Montana,3003840,Bigfork High School District,20,200,100,100,100,100,100,FALSE
Montana,3004800,Bridger K-12 Schools,11,110,100,100,100,100,100,FALSE
Montana,3004920,Broadview High School District,14,140,100,100,100,100,100,FALSE
Montana,3005610,Carter County High School District,10,100,100,100,100,100,100,FALSE
Montana,3005910,Cascade High School District,18,180,100,100,100,100,100,FALSE
Montana,3006115,Charlo High School District,8,80,100,100,100,100,100,FALSE
Montana,3006270,Chinook High School District,19,190,100,100,100,100,100,FALSE
Montana,3006330,Choteau High School District,13,130,100,100,100,100,100,FALSE
Montana,3007080,Colstrip High School District,16,160,100,100,100,100,100,FALSE
Montana,3007860,Culbertson High School District,7,70,100,100,100,100,100,FALSE
Montana,3008130,Custer K-12 Schools,8,80,100,100,100,100,100,FALSE
Montana,3008190,Cut Bank High School District,42,420,100,100,100,100,100,FALSE
Montana,3008280,Darby K-12 Schools,9,90,100,100,100,100,100,FALSE
Montana,3008850,Denton High School District,9,90,100,100,100,100,100,FALSE
Montana,3009120,Dodson K-12,1,10,100,100,100,100,100,TRUE
Montana,3009210,Drummond High School District,4,40,100,100,100,100,100,TRUE
Montana,3009930,Ennis K-12 Schools,13,130,100,100,100,100,100,FALSE
Montana,3010290,Fairview High School District,12,120,100,100,100,100,100,FALSE
Montana,3011100,Florence-Carlton K-12 Schools,21,210,100,100,100,100,100,FALSE
Montana,3011190,Forsyth High School District,24,240,100,100,100,100,100,FALSE
Montana,3011260,Fort Benton High School District,19,190,100,100,100,100,100,FALSE
Montana,3011580,Froid High School District,8,80,100,100,100,100,100,FALSE
Montana,3011650,Fromberg K-12,5,50,100,100,100,100,100,FALSE
Montana,3012210,Geraldine K-12,6,60,100,100,100,100,100,FALSE
Montana,3012300,Geyser K-12 Schools,2,20,100,100,100,100,100,TRUE
Montana,3012420,Glasgow K-12 Schools,32,320,100,100,100,100,100,FALSE
Montana,3012990,Grass Range High School District,5,50,100,100,100,100,100,FALSE
Montana,3013340,Hardin High School District,79,790,100,100,100,100,100,FALSE
Montana,3013360,Plenty Coups High School District,2,20,100,100,100,100,100,TRUE
Montana,3013470,Harlowton K-12 Schools,6,60,100,100,100,100,100,FALSE
Montana,3013530,Harrison K-12 Schools,9,90,100,100,100,100,100,FALSE
Montana,3013660,Hays-Lodge Pole K-12 Schools,7,70,100,100,100,100,100,FALSE
Montana,3014070,Highwood K-12,3,30,100,100,100,100,100,TRUE
Montana,3014370,Hinsdale High School District,7,70,100,100,100,100,100,FALSE
Montana,3014430,Hobson K-12 Schools,5,50,100,100,100,100,100,FALSE
Montana,3014640,Hot Springs K-12,4,40,100,100,100,100,100,TRUE
Montana,3014760,Hysham K-12 Schools,3,30,100,100,100,100,100,TRUE
Montana,3015120,Jefferson High School District,52,520,100,100,100,100,100,FALSE
Montana,3015390,Judith Gap High School District,1,10,100,100,100,100,100,TRUE
Montana,3016020,Lambert High School District,9,90,100,100,100,100,100,FALSE
Montana,3016230,Laurel High School District,79,790,100,100,100,100,100,FALSE
Montana,3016290,Lavina K-12 Schools,2,20,100,100,100,100,100,TRUE
Montana,3016710,Lima K-12 Schools,1,10,100,100,100,100,100,TRUE
Montana,3017640,Manhattan High School District,41,410,100,100,100,100,100,FALSE
Montana,3018170,Medicine Lake K-12 Schools,8,80,100,100,100,100,100,FALSE
Montana,3018900,Moore High School District,6,60,100,100,100,100,100,FALSE
Montana,3019170,Nashua K-12 Schools,4,40,100,100,100,100,100,TRUE
Montana,3019500,Noxon High School District,18,180,100,100,100,100,100,FALSE
Montana,3020070,Park City High School District,12,120,100,100,100,100,100,FALSE
Montana,3021000,Plevna K-12 Schools,1,10,100,100,100,100,100,TRUE
Montana,3021540,Power High School District,8,80,100,100,100,100,100,FALSE
Montana,3021900,Rapelje High School District,5,50,100,100,100,100,100,FALSE
Montana,3022260,Reed Point High School District,1,10,100,100,100,100,100,TRUE
Montana,3022410,Richey High School District,1,10,100,100,100,100,100,TRUE
Montana,3022710,Roberts K-12 Schools,1,10,100,100,100,100,100,TRUE
Montana,3022920,Rosebud K-12,3,30,100,100,100,100,100,TRUE
Montana,3023070,Roundup High School District,24,240,100,100,100,100,100,FALSE
Montana,3023160,Roy K-12 Schools,7,70,100,100,100,100,100,FALSE
Montana,3023340,Ryegate K-12 Schools,2,20,100,100,100,100,100,TRUE
Montana,3023400,Saco High School District,3,30,100,100,100,100,100,TRUE
Montana,3023550,Savage High School District,7,70,100,100,100,100,100,FALSE
Montana,3024230,Sidney High School District,63,630,100,100,100,100,100,FALSE
Montana,3024330,Simms High School District,35,350,100,100,100,100,100,FALSE
Montana,3024930,St. Regis K-12 Schools,8,80,100,100,100,100,100,FALSE
Montana,3024990,Stanford K-12 Schools,2,20,100,100,100,100,100,TRUE
Montana,3025140,Centerville High School District,15,150,100,100,100,100,100,FALSE
Montana,3025320,Sunburst K-12 Schools,11,110,100,100,100,100,100,FALSE
Montana,3025560,Sweet Grass County High School District,18,180,100,100,100,100,100,FALSE
Montana,3025950,Terry K-12 Schools,4,40,100,100,100,100,100,TRUE
Montana,3026190,Three Forks High School District,24,240,100,100,100,100,100,FALSE
Montana,3026730,Twin Bridges K-12 Schools,12,120,100,100,100,100,100,FALSE
Montana,3027090,Valier High School District,10,100,100,100,100,100,100,FALSE
Montana,3027270,Victor K-12 Schools,14,140,100,100,100,100,100,FALSE
Montana,3027630,West Yellowstone K-12,1,10,100,100,100,100,100,TRUE
Montana,3027730,Westby K-12 Schools,7,70,100,100,100,100,100,FALSE
Montana,3027930,Whitewater K-12 Schools,6,60,100,100,100,100,100,FALSE
Montana,3028020,Wibaux K-12 Schools,4,40,100,100,100,100,100,TRUE
Montana,3028170,Willow Creek High School District,3,30,100,100,100,100,100,TRUE
Montana,3028380,Winifred K-12 Schools,2,20,100,100,100,100,100,TRUE
Montana,3028470,Winnett K-12 Schools,2,20,100,100,100,100,100,TRUE
Montana,3028770,White Sulphur Springs K-12,2,20,100,100,100,100,100,TRUE
Montana,3028911,Rocky Boy High School District,26,260,100,100,100,100,100,FALSE
Nebraska,3100018,Wauneta-Palisade Public Schools,1,10,100,100,100,100,100,TRUE
Nebraska,3100023,Maxwell Public Schools,7,70,100,100,100,100,100,FALSE
Nebraska,3100024,Sutherland Public Schools,4,40,100,100,100,100,100,TRUE
Nebraska,3100067,Banner County Public Schools,2,20,100,100,100,100,100,TRUE
Nebraska,3100072,Leyton Public Schools,11,110,100,100,100,100,100,FALSE
Nebraska,3100082,Stuart Public Schools,4,40,100,100,100,100,100,TRUE
Nebraska,3100109,Southern Valley Schools,10,100,100,100,100,100,100,FALSE
Nebraska,3100111,Eustis-Farnam Public Schools,6,60,100,100,100,100,100,FALSE
Nebraska,3100141,Emerson-Hubbard Public Schools,7,70,100,100,100,100,100,FALSE
Nebraska,3103120,Arcadia Public Schools,1,10,100,100,100,100,100,TRUE
Nebraska,3104140,Bloomfield Community Schools,15,150,100,100,100,100,100,FALSE
Nebraska,3104290,Brady Public Schools,7,70,100,100,100,100,100,FALSE
Nebraska,3105010,Chambers Public Schools,5,50,100,100,100,100,100,FALSE
Nebraska,3105280,Cody-Kilgore Public Schools,1,10,100,100,100,100,100,TRUE
Nebraska,3109120,Hayes Center Public Schools,2,20,100,100,100,100,100,TRUE
Nebraska,3170020,Elba Public Schools,2,20,100,100,100,100,100,TRUE
Nebraska,3170220,Elwood Public Schools,4,40,100,100,100,100,100,TRUE
Nebraska,3171820,Hershey Public Schools,11,110,100,100,100,100,100,FALSE
Nebraska,3172210,Hyannis Area Schools,9,90,100,100,100,100,100,FALSE
Nebraska,3172420,Kenesaw Public Schools,7,70,100,100,100,100,100,FALSE
Nebraska,3172480,Keya Paha County Schools,5,50,100,100,100,100,100,FALSE
Nebraska,3172910,Litchfield Public Schools,2,20,100,100,100,100,100,TRUE
Nebraska,3173120,Loup County Public Schools,1,10,100,100,100,100,100,TRUE
Nebraska,3173440,Maywood Public Schools,7,70,100,100,100,100,100,FALSE
Nebraska,3173500,McCool Junction Public Schools,2,20,100,100,100,100,100,TRUE
Nebraska,3173560,McPherson County Schools,1,10,100,100,100,100,100,TRUE
Nebraska,3173660,Meridian Public Schools,4,40,100,100,100,100,100,TRUE
Nebraska,3173800,Minatare Public Schools,6,60,100,100,100,100,100,FALSE
Nebraska,3174040,Mullen Public Schools,2,20,100,100,100,100,100,TRUE
Nebraska,3174370,Niobrara Public Schools,2,20,100,100,100,100,100,TRUE
Nebraska,3175810,Potter-Dix Public Schools,4,40,100,100,100,100,100,TRUE
Nebraska,3176380,Sandhills Public Schools,11,110,100,100,100,100,100,FALSE
Nebraska,3176410,Sargent Public Schools,8,80,100,100,100,100,100,FALSE
Nebraska,3176800,Sioux County Public Schools,10,100,100,100,100,100,100,FALSE
Nebraska,3177100,Stapleton Public Schools,16,160,100,100,100,100,100,FALSE
Nebraska,3177730,Thedford Public Schools,1,10,100,100,100,100,100,TRUE
Nebraska,3178260,Wallace Public School District 65 R,6,60,100,100,100,100,100,FALSE
Nebraska,3178670,Wheeler Central Schools,8,80,100,100,100,100,100,FALSE
Nevada,3200150,Esmeralda County School District,2,20,100,100,100,100,100,TRUE
Nevada,3200180,Eureka County School District,15,150,100,100,100,100,100,FALSE
Nevada,3200270,Lincoln County School District,20,200,100,100,100,100,100,FALSE
Nevada,3200420,Pershing County School District,31,310,100,100,100,100,100,FALSE
Nevada,3200450,Storey County School District,15,150,100,100,100,100,100,FALSE
New Hampshire,3301710,Bath School District,1,10,100,100,100,100,100,TRUE
New Hampshire,3302370,Clarksville School District,1,10,100,100,100,100,100,TRUE
New Hampshire,3302510,Coos County School District,6,60,100,100,100,100,100,FALSE
New Hampshire,3302760,Dunbarton School District,22,220,100,100,100,100,100,FALSE
New Hampshire,3302850,Eaton School District,3,30,100,100,100,100,100,TRUE
New Hampshire,3302940,Errol School District,1,10,100,100,100,100,100,TRUE
New Hampshire,3303120,Freedom School District,2,20,100,100,100,100,100,TRUE
New Hampshire,3303275,Surry School District,5,50,100,100,100,100,100,FALSE
New Hampshire,3303276,Mason School District,7,70,100,100,100,100,100,FALSE
New Hampshire,3303293,Sullivan School District,6,60,100,100,100,100,100,FALSE
New Hampshire,3303303,Lempster School District,2,20,100,100,100,100,100,TRUE
New Hampshire,3303304,Goshen School District,8,80,100,100,100,100,100,FALSE
New Hampshire,3303990,Jackson School District,10,100,100,100,100,100,100,FALSE
New Hampshire,3304170,Landaff School District,1,10,100,100,100,100,100,TRUE
New Hampshire,3304620,Marlborough School District,21,210,100,100,100,100,100,FALSE
New Hampshire,3304650,Marlow School District,3,30,100,100,100,100,100,TRUE
New Hampshire,3304800,Milan School District,1,10,100,100,100,100,100,TRUE
New Hampshire,3304920,Monroe School District,5,50,100,100,100,100,100,FALSE
New Hampshire,3305010,Nelson School District,6,60,100,100,100,100,100,FALSE
New Hampshire,3305070,New Castle School District,4,40,100,100,100,100,100,TRUE
New Hampshire,3305280,Newmarket School District,66,660,100,100,100,100,100,FALSE
New Hampshire,3305400,Northumberland School District,6,60,100,100,100,100,100,FALSE
New Hampshire,3305700,Pittsburg School District,1,10,100,100,100,100,100,TRUE
New Hampshire,3306360,Stewartstown School District,1,10,100,100,100,100,100,TRUE
New Hampshire,3306750,Unity School District,2,20,100,100,100,100,100,TRUE
New Hampshire,3306900,Washington School District,7,70,100,100,100,100,100,FALSE
New Hampshire,3307020,Westmoreland School District,7,70,100,100,100,100,100,FALSE
New Hampshire,3399997,School District Not Defined,2,20,100,100,100,100,100,TRUE
New Jersey,3401110,Avalon Borough School District,5,50,100,100,100,100,100,FALSE
New Jersey,3401890,Bloomsbury Borough School District,4,40,100,100,100,100,100,TRUE
New Jersey,3402820,Carteret Borough School District,221,2210,100,100,100,100,100,FALSE
New Jersey,3403510,Corbin City School District,1,10,100,100,100,100,100,TRUE
New Jersey,3403630,Deal Borough School District,2,20,100,100,100,100,100,TRUE
New Jersey,3404680,Elsinboro Township School District,5,50,100,100,100,100,100,FALSE
New Jersey,3406090,Green Township School District,20,200,100,100,100,100,100,FALSE
New Jersey,3407470,Hope Township School District,7,70,100,100,100,100,100,FALSE
New Jersey,3411370,Newfield Elementary School District,15,150,100,100,100,100,100,FALSE
New Jersey,3412300,Oxford Township School District,9,90,100,100,100,100,100,FALSE
New Jersey,3413380,Port Republic City School District,3,30,100,100,100,100,100,TRUE
New Jersey,3414220,Roosevelt Borough School District,10,100,100,100,100,100,100,FALSE
New Jersey,3414760,Sea Isle City School District,2,20,100,100,100,100,100,TRUE
New Jersey,3415810,Stone Harbor Borough School District,4,40,100,100,100,100,100,TRUE
New Jersey,3417670,West Wildwood Borough School District,2,20,100,100,100,100,100,TRUE
New Mexico,3500001,Vaughn Municipal Schools,2,20,100,100,100,100,100,TRUE
New Mexico,3500330,Carrizozo Municipal Schools,9,90,100,100,100,100,100,FALSE
New Mexico,3500420,Chama Valley Independent Schools,6,60,100,100,100,100,100,FALSE
New Mexico,3500480,Cimarron Public Schools,7,70,100,100,100,100,100,FALSE
New Mexico,3500630,Corona Municipal Schools,8,80,100,100,100,100,100,FALSE
New Mexico,3500720,Des Moines Municipal Schools,8,80,100,100,100,100,100,FALSE
New Mexico,3500790,Dora Consolidated Schools,4,40,100,100,100,100,100,TRUE
New Mexico,3500810,Dulce Independent Schools,18,180,100,100,100,100,100,FALSE
New Mexico,3500840,Elida Municipal Schools,2,20,100,100,100,100,100,TRUE
New Mexico,3501050,Fort Sumner Municipal Schools,14,140,100,100,100,100,100,FALSE
New Mexico,3501140,Grady Municipal Schools,1,10,100,100,100,100,100,TRUE
New Mexico,3501200,Hagerman Municipal Schools,5,50,100,100,100,100,100,FALSE
New Mexico,3501290,Hondo Valley Public Schools,4,40,100,100,100,100,100,TRUE
New Mexico,3501320,House Municipal Schools,1,10,100,100,100,100,100,TRUE
New Mexico,3501380,Jemez Mountain Public Schools,8,80,100,100,100,100,100,FALSE
New Mexico,3501590,Logan Municipal Schools,3,30,100,100,100,100,100,TRUE
New Mexico,3501710,Loving Municipal Schools,19,190,100,100,100,100,100,FALSE
New Mexico,3501770,Magdalena Municipal Schools,14,140,100,100,100,100,100,FALSE
New Mexico,3501800,Maxwell Municipal Schools,2,20,100,100,100,100,100,TRUE
New Mexico,3501830,Melrose Public Schools,7,70,100,100,100,100,100,FALSE
New Mexico,3501860,Mora Independent Schools,9,90,100,100,100,100,100,FALSE
New Mexico,3501920,Mosquero Municipal Schools,1,10,100,100,100,100,100,TRUE
New Mexico,3501980,Mesa Vista Consolidated Schools,31,310,100,100,100,100,100,FALSE
New Mexico,3502220,Reserve Independent Schools,2,20,100,100,100,100,100,TRUE
New Mexico,3502310,Ruidoso Municipal Schools,16,160,100,100,100,100,100,FALSE
New Mexico,3502340,San Jon Municipal Schools,1,10,100,100,100,100,100,TRUE
New Mexico,3502490,Springer Municipal Schools,20,200,100,100,100,100,100,FALSE
New Mexico,3502550,Tatum Municipal Schools,22,220,100,100,100,100,100,FALSE
New Mexico,3502580,Texico Municipal Schools,29,290,100,100,100,100,100,FALSE
New Mexico,3502730,Wagon Mound Public Schools,2,20,100,100,100,100,100,TRUE
New York,3600016,Averill Park Central School District,127,1270,100,100,100,100,100,FALSE
New York,3603000,Andes Central School District,3,30,100,100,100,100,100,TRUE
New York,3604620,Berlin Central School District,31,310,100,100,100,100,100,FALSE
New York,3604758,Kiryas Joel Village Union Free School District,739,7390,100,100,100,100,100,FALSE
New York,3605370,Bridgehampton Union Free School District,1,10,100,100,100,100,100,TRUE
New York,3605670,Brookfield Central School District,8,80,100,100,100,100,100,FALSE
New York,3607260,Chenango Forks Central School District,73,730,100,100,100,100,100,FALSE
New York,3607710,Clifton-Fine Central School District,1,10,100,100,100,100,100,TRUE
New York,3608340,Pembroke Central School District,28,280,100,100,100,100,100,FALSE
New York,3608490,Coxsackie-Athens Central School District,22,220,100,100,100,100,100,FALSE
New York,3608610,Crown Point Central School District,2,20,100,100,100,100,100,TRUE
New York,3608850,DeRuyter Central School District,13,130,100,100,100,100,100,FALSE
New York,3609870,East Moriches Union Free School District,63,630,100,100,100,100,100,FALSE
New York,3611370,Fort Plain Central School District,46,460,100,100,100,100,100,FALSE
New York,3611430,Franklin Central School District,5,50,100,100,100,100,100,FALSE
New York,3612120,Gilboa-Conesville Central School District,3,30,100,100,100,100,100,TRUE
New York,3612960,Greenwood Lake Union Free School District,31,310,100,100,100,100,100,FALSE
New York,3613530,Hampton Bays Union Free School District,105,1050,100,100,100,100,100,FALSE
New York,3613560,Hancock Central School District,12,120,100,100,100,100,100,FALSE
New York,3614430,Highland Falls Central School District,84,840,100,100,100,100,100,FALSE
New York,3614490,Hinsdale Central School District,5,50,100,100,100,100,100,FALSE
New York,3616170,AuSable Valley Central School District,15,150,100,100,100,100,100,FALSE
New York,3618990,Menands Union Free School District,38,380,100,100,100,100,100,FALSE
New York,3619830,Moriah Central School District,9,90,100,100,100,100,100,FALSE
New York,3620430,New Lebanon Central School District,13,130,100,100,100,100,100,FALSE
New York,3620520,New Suffolk Common School District,1,10,100,100,100,100,100,TRUE
New York,3621510,Oakfield-Alabama Central School District,49,490,100,100,100,100,100,FALSE
New York,3621540,Fire Island Union Free School District,2,20,100,100,100,100,100,TRUE
New York,3621840,Onteora Central School District,18,180,100,100,100,100,100,FALSE
New York,3622200,Van Hornesville-Owen D. Young Central School District,16,160,100,100,100,100,100,FALSE
New York,3623970,Putnam Central School District,2,20,100,100,100,100,100,TRUE
New York,3624270,Manchester-Shortsville Central School District,22,220,100,100,100,100,100,FALSE
New York,3625020,Roscoe Central School District,2,20,100,100,100,100,100,TRUE
New York,3626640,Shelter Island Union Free School District,35,350,100,100,100,100,100,FALSE
New York,3627620,Southold Union Free School District,27,270,100,100,100,100,100,FALSE
New York,3627900,Springs Union Free School District,47,470,100,100,100,100,100,FALSE
New York,3627990,St. Regis Falls Central School District,10,100,100,100,100,100,100,FALSE
New York,3628140,Stockbridge Valley Central School District,17,170,100,100,100,100,100,FALSE
New York,3628680,Ticonderoga Central School District,13,130,100,100,100,100,100,FALSE
New York,3628800,Town of Webb Union Free School District,1,10,100,100,100,100,100,TRUE
New York,3631200,Wheelerville Union Free School District,8,80,100,100,100,100,100,FALSE
New York,3631350,Whitesville Central School District,7,70,100,100,100,100,100,FALSE
New York,3631950,York Central School District,29,290,100,100,100,100,100,FALSE
North Carolina,3700300,Avery County Schools,2,20,100,100,100,100,100,TRUE
North Carolina,3701770,Graham County Schools,25,250,100,100,100,100,100,FALSE
North Carolina,3702280,Hyde County Schools,10,100,100,100,100,100,100,FALSE
North Carolina,3702760,Macon County Schools,61,610,100,100,100,100,100,FALSE
North Carolina,3703000,Mitchell County Schools,1,10,100,100,100,100,100,TRUE
North Carolina,3704590,Tyrrell County Schools,15,150,100,100,100,100,100,FALSE
North Carolina,3705070,Yancey County Schools,52,520,100,100,100,100,100,FALSE
North Dakota,.,.,1,10,100,100,100,100,100,TRUE
North Dakota,3800015,Naughton Public School District 25,6,60,100,100,100,100,100,FALSE
North Dakota,3800016,Strasburg Public School District 15,3,30,100,100,100,100,100,TRUE
North Dakota,3800023,Scranton Public School District 33,9,90,100,100,100,100,100,FALSE
North Dakota,3800024,Powers Lake Public School District 27,2,20,100,100,100,100,100,TRUE
North Dakota,3800027,New England Public School District 9,7,70,100,100,100,100,100,FALSE
North Dakota,3800029,Drake Public School District 57,5,50,100,100,100,100,100,FALSE
North Dakota,3800033,Fort Ransom Public School District 6,1,10,100,100,100,100,100,TRUE
North Dakota,3800042,Midkota Public School District 7,3,30,100,100,100,100,100,TRUE
North Dakota,3800043,Gackle-Streeter Public School District 56,7,70,100,100,100,100,100,FALSE
North Dakota,3800045,Elgin-New Leipzig Public School District 49,6,60,100,100,100,100,100,FALSE
North Dakota,3800047,TGU Public School District 60,16,160,100,100,100,100,100,FALSE
North Dakota,3800048,Richardton-Taylor Public School District 34,21,210,100,100,100,100,100,FALSE
North Dakota,3800056,Fordville-Lankin Public School District 5,3,30,100,100,100,100,100,TRUE
North Dakota,3800057,Litchville-Marion Public School District 46,3,30,100,100,100,100,100,TRUE
North Dakota,3800060,Barnes County North Public School District 7,14,140,100,100,100,100,100,FALSE
North Dakota,3800825,Newburg United Public School District 54,2,20,100,100,100,100,100,TRUE
North Dakota,3801760,Alexander Public School District 2,5,50,100,100,100,100,100,FALSE
North Dakota,3802014,Apple Creek Public School District 39,16,160,100,100,100,100,100,FALSE
North Dakota,3802240,Bakker Public School District 10,1,10,100,100,100,100,100,TRUE
North Dakota,3802380,Beach Public School District 3,14,140,100,100,100,100,100,FALSE
North Dakota,3802840,Billings County Public School District 1,4,40,100,100,100,100,100,TRUE
North Dakota,3803090,Bowbells Public School District 14,3,30,100,100,100,100,100,TRUE
North Dakota,3803590,Burke Central Public School District 36,5,50,100,100,100,100,100,FALSE
North Dakota,3805670,Earl Public School District 18,1,10,100,100,100,100,100,TRUE
North Dakota,3805950,Edmore Public School District 2,2,20,100,100,100,100,100,TRUE
North Dakota,3806010,Eight Mile Public School District 6,3,30,100,100,100,100,100,TRUE
North Dakota,3806690,Fairmount Public School District 18,4,40,100,100,100,100,100,TRUE
North Dakota,3806910,Finley-Sharon Public School District 19,9,90,100,100,100,100,100,FALSE
North Dakota,3806930,Flasher Public School District 39,9,90,100,100,100,100,100,FALSE
North Dakota,3807590,Garrison Public School District 51,3,30,100,100,100,100,100,TRUE
North Dakota,3807830,Glen Ullin Public School District 48,9,90,100,100,100,100,100,FALSE
North Dakota,3807850,Glenburn Public School District 26,12,120,100,100,100,100,100,FALSE
North Dakota,3808460,Grenora Public School District 99,18,180,100,100,100,100,100,FALSE
North Dakota,3810260,Kensal Public School District 19,2,20,100,100,100,100,100,TRUE
North Dakota,3810810,Langdon Area Public School District 23,29,290,100,100,100,100,100,FALSE
North Dakota,3810980,Leeds Public School District 6,12,120,100,100,100,100,100,FALSE
North Dakota,3811140,Lidgerwood Public School District 28,12,120,100,100,100,100,100,FALSE
North Dakota,3811540,Little Heart Public School District 4,1,10,100,100,100,100,100,TRUE
North Dakota,3811610,Lone Tree Public School District 6,3,30,100,100,100,100,100,TRUE
North Dakota,3811850,Mandaree Public School District 36,23,230,100,100,100,100,100,FALSE
North Dakota,3811970,Manning Public School District 45,33,330,100,100,100,100,100,FALSE
North Dakota,3812000,Manvel Public School District 125,5,50,100,100,100,100,100,FALSE
North Dakota,3812020,Maple Valley Public School District 4,9,90,100,100,100,100,100,FALSE
North Dakota,3812350,Max Public School District 50,12,120,100,100,100,100,100,FALSE
North Dakota,3812720,Menoken Public School District 33,4,40,100,100,100,100,100,TRUE
North Dakota,3813050,Minto Public School District 20,8,80,100,100,100,100,100,FALSE
North Dakota,3813230,Montpelier Public School District 14,2,20,100,100,100,100,100,TRUE
North Dakota,3813440,Munich Public School District 19,2,20,100,100,100,100,100,TRUE
North Dakota,3813920,New Town Public School District 1,66,660,100,100,100,100,100,FALSE
North Dakota,3814520,Oberon Public School District 16,11,110,100,100,100,100,100,FALSE
North Dakota,3815150,Pingree-Buchanan Public School District 10,3,30,100,100,100,100,100,TRUE
North Dakota,3816050,Rolette Public School District 29,9,90,100,100,100,100,100,FALSE
North Dakota,3817130,South Heart Public School District 9,28,280,100,100,100,100,100,FALSE
North Dakota,3817670,Starkweather Public School District 44,4,40,100,100,100,100,100,TRUE
North Dakota,3817760,Sterling Public School District 35,8,80,100,100,100,100,100,FALSE
North Dakota,3818500,Turtle Lake-Mercer Public School District 72,16,160,100,100,100,100,100,FALSE
North Dakota,3818660,Underwood Public School District 8,5,50,100,100,100,100,100,FALSE
North Dakota,3819470,Westhope Public School District 17,2,20,100,100,100,100,100,TRUE
North Dakota,3819680,White Shield Public School District 85,3,30,100,100,100,100,100,TRUE
North Dakota,3820130,Wing Public School District 28,6,60,100,100,100,100,100,FALSE
North Dakota,3820340,Yellowstone Public School District 14,5,50,100,100,100,100,100,FALSE
North Dakota,3820400,Zeeland Public School District 4,1,10,100,100,100,100,100,TRUE
Ohio,3900537,Manchester Local School District,45,450,100,100,100,100,100,FALSE
Ohio,3904444,Nelsonville-York City School District,7,70,100,100,100,100,100,FALSE
Ohio,3904522,Bradford Exempted Village School District,23,230,100,100,100,100,100,FALSE
Ohio,3904533,Covington Exempted Village School District,29,290,100,100,100,100,100,FALSE
Ohio,3904538,Gibsonburg Exempted Village School District,27,270,100,100,100,100,100,FALSE
Ohio,3904541,Hicksville Exempted Village School District,33,330,100,100,100,100,100,FALSE
Ohio,3904545,Lisbon Exempted Village School District,44,440,100,100,100,100,100,FALSE
Ohio,3904551,Milton-Union Exempted Village School District,96,960,100,100,100,100,100,FALSE
Ohio,3904552,Montpelier Exempted Village School District,40,400,100,100,100,100,100,FALSE
Ohio,3904603,Eastern Local School District,57,570,100,100,100,100,100,FALSE
Ohio,3904638,Blanchester Local School District,90,900,100,100,100,100,100,FALSE
Ohio,3904747,Vanlue Local School District,8,80,100,100,100,100,100,FALSE
Ohio,3904768,East Holmes Local School District,232,2320,100,100,100,100,100,FALSE
Ohio,3904833,Lowellville Local School District,11,110,100,100,100,100,100,FALSE
Ohio,3904839,Western Reserve Local School District,26,260,100,100,100,100,100,FALSE
Ohio,3904863,Newton Local School District,28,280,100,100,100,100,100,FALSE
Ohio,3904895,Middle Bass Local School District,1,10,100,100,100,100,100,TRUE
Ohio,3904906,Southern Local School District,4,40,100,100,100,100,100,TRUE
Ohio,3904927,National Trail Local School District,47,470,100,100,100,100,100,FALSE
Ohio,3904944,Lucas Local School District,26,260,100,100,100,100,100,FALSE
Ohio,3904977,Fairlawn Local School District,21,210,100,100,100,100,100,FALSE
Ohio,3904978,Fort Loramie Local School District,38,380,100,100,100,100,100,FALSE
Ohio,3905009,Bloomfield-Mespo Local School District,77,770,100,100,100,100,100,FALSE
Ohio,3905011,Bristol Local School District,61,610,100,100,100,100,100,FALSE
Ohio,3905027,Garaway Local School District,132,1320,100,100,100,100,100,FALSE
Ohio,3905063,Millcreek-West Unity Local School District,27,270,100,100,100,100,100,FALSE
Ohio,3905074,Mohawk Local School District,29,290,100,100,100,100,100,FALSE
Ohio,3999997,School District Not Defined,19,190,100,100,100,100,100,FALSE
Oklahoma,4000013,Timberlake Public Schools,12,120,100,100,100,100,100,FALSE
Oklahoma,4000782,Graham-Dustin Public Schools,11,110,100,100,100,100,100,FALSE
Oklahoma,4000797,Olustee-Eldorado Public Schools,5,50,100,100,100,100,100,FALSE
Oklahoma,4002580,Albion Public School,7,70,100,100,100,100,100,FALSE
Oklahoma,4002720,Aline-Cleo Public Schools,10,100,100,100,100,100,100,FALSE
Oklahoma,4003450,Avant Public School,4,40,100,100,100,100,100,TRUE
Oklahoma,4003510,Balko Public Schools,1,10,100,100,100,100,100,TRUE
Oklahoma,4003660,Battiest Public Schools,11,110,100,100,100,100,100,FALSE
Oklahoma,4003750,Beaver Public Schools,16,160,100,100,100,100,100,FALSE
Oklahoma,4004350,Big Pasture Public Schools,1,10,100,100,100,100,100,TRUE
Oklahoma,4004360,Billings Public Schools,10,100,100,100,100,100,100,FALSE
Oklahoma,4004860,Boise City Public Schools,22,220,100,100,100,100,100,FALSE
Oklahoma,4004950,Bokoshe Public Schools,11,110,100,100,100,100,100,FALSE
Oklahoma,4005130,Bowlegs Public Schools,9,90,100,100,100,100,100,FALSE
Oklahoma,4005280,Braggs Public Schools,9,90,100,100,100,100,100,FALSE
Oklahoma,4005580,Brushy Public School,3,30,100,100,100,100,100,TRUE
Oklahoma,4005910,Burlington Public Schools,4,40,100,100,100,100,100,TRUE
Oklahoma,4006270,Calvin Public Schools,7,70,100,100,100,100,100,FALSE
Oklahoma,4006630,Carnegie Public Schools,6,60,100,100,100,100,100,FALSE
Oklahoma,4006690,Carney Public Schools,11,110,100,100,100,100,100,FALSE
Oklahoma,4006930,Cave Springs Public Schools,1,10,100,100,100,100,100,TRUE
Oklahoma,4006960,Cement Public Schools,8,80,100,100,100,100,100,FALSE
Oklahoma,4007170,Central High Public Schools,8,80,100,100,100,100,100,FALSE
Oklahoma,4007320,Chattanooga Public Schools,11,110,100,100,100,100,100,FALSE
Oklahoma,4007410,Cherokee Public Schools,7,70,100,100,100,100,100,FALSE
Oklahoma,4007500,Cheyenne Public Schools,8,80,100,100,100,100,100,FALSE
Oklahoma,4007710,Cimarron Public Schools,21,210,100,100,100,100,100,FALSE
Oklahoma,4007800,Clayton Public Schools,10,100,100,100,100,100,100,FALSE
Oklahoma,4008610,Copan Public Schools,4,40,100,100,100,100,100,TRUE
Oklahoma,4008730,Cottonwood Public School,2,20,100,100,100,100,100,TRUE
Oklahoma,4008790,Covington-Douglas Schools,10,100,100,100,100,100,100,FALSE
Oklahoma,4009360,Dahlonegah Public School,5,50,100,100,100,100,100,FALSE
Oklahoma,4010050,Dover Public Schools,6,60,100,100,100,100,100,FALSE
Oklahoma,4010260,Duke Public Schools,2,20,100,100,100,100,100,TRUE
Oklahoma,4010560,Peavine Public School,8,80,100,100,100,100,100,FALSE
Oklahoma,4011040,Erick Public Schools,16,160,100,100,100,100,100,FALSE
Oklahoma,4011400,Fanshawe Public School,3,30,100,100,100,100,100,TRUE
Oklahoma,4011580,Felt Public Schools,1,10,100,100,100,100,100,TRUE
Oklahoma,4011880,Forgan Public Schools,1,10,100,100,100,100,100,TRUE
Oklahoma,4012000,Fort Supply Public Schools,5,50,100,100,100,100,100,FALSE
Oklahoma,4012060,Fox Public Schools,8,80,100,100,100,100,100,FALSE
Oklahoma,4012180,Freedom Public Schools,9,90,100,100,100,100,100,FALSE
Oklahoma,4012300,Fort Towson Public Schools,16,160,100,100,100,100,100,FALSE
Oklahoma,4012750,Glover Public School,2,20,100,100,100,100,100,TRUE
Oklahoma,4012870,Goodwell Public Schools,9,90,100,100,100,100,100,FALSE
Oklahoma,4013080,Gracemont Public Schools,1,10,100,100,100,100,100,TRUE
Oklahoma,4013200,Grandfield Public Schools,3,30,100,100,100,100,100,TRUE
Oklahoma,4013290,Granite Public Schools,3,30,100,100,100,100,100,TRUE
Oklahoma,4013380,Greenville Public School,8,80,100,100,100,100,100,FALSE
Oklahoma,4013650,Hammon Public Schools,5,50,100,100,100,100,100,FALSE
Oklahoma,4013680,Hanna Public Schools,3,30,100,100,100,100,100,TRUE
Oklahoma,4013740,Hardesty Public Schools,1,10,100,100,100,100,100,TRUE
Oklahoma,4014100,Haywood Public School,8,80,100,100,100,100,100,FALSE
Oklahoma,4015090,Hooker Public Schools,17,170,100,100,100,100,100,FALSE
Oklahoma,4015420,Indiahoma Public Schools,6,60,100,100,100,100,100,FALSE
Oklahoma,4015900,Justice Public School,1,10,100,100,100,100,100,TRUE
Oklahoma,4016320,Kenwood Public School,7,70,100,100,100,100,100,FALSE
Oklahoma,4016620,Kinta Public Schools,11,110,100,100,100,100,100,FALSE
Oklahoma,4016720,Krebs Public School,15,150,100,100,100,100,100,FALSE
Oklahoma,4016740,Kremlin-Hillsdale Schools,14,140,100,100,100,100,100,FALSE
Oklahoma,4017220,Laverne Public Schools,12,120,100,100,100,100,100,FALSE
Oklahoma,4017370,Leedey Public Schools,4,40,100,100,100,100,100,TRUE
Oklahoma,4018480,Lowrey Public School,16,160,100,100,100,100,100,FALSE
Oklahoma,4018870,Mannsville Public School,6,60,100,100,100,100,100,FALSE
Oklahoma,4018960,Marble City Public School,4,40,100,100,100,100,100,TRUE
Oklahoma,4020040,Mill Creek Public Schools,4,40,100,100,100,100,100,TRUE
Oklahoma,4020190,Monroe Public School,7,70,100,100,100,100,100,FALSE
Oklahoma,4020430,Moseley Public School,9,90,100,100,100,100,100,FALSE
Oklahoma,4020550,Mounds Public Schools,27,270,100,100,100,100,100,FALSE
Oklahoma,4020640,Moyers Public Schools,4,40,100,100,100,100,100,TRUE
Oklahoma,4021030,Sharon-Mutual Public Schools,5,50,100,100,100,100,100,FALSE
Oklahoma,4021120,Nashoba Public School,7,70,100,100,100,100,100,FALSE
Oklahoma,4022410,Oaks-Mission Public Schools,5,50,100,100,100,100,100,FALSE
Oklahoma,4022620,Okay Public Schools,9,90,100,100,100,100,100,FALSE
Oklahoma,4022950,Lomega Public Schools,5,50,100,100,100,100,100,FALSE
Oklahoma,4023070,Optima Public School,1,10,100,100,100,100,100,TRUE
Oklahoma,4023220,Osage Hills Public School,2,20,100,100,100,100,100,TRUE
Oklahoma,4023700,Peckham Public School,5,50,100,100,100,100,100,FALSE
Oklahoma,4024180,Pittsburg Public Schools,4,40,100,100,100,100,100,TRUE
Oklahoma,4024510,Pioneer-Pleasant Vale Schools,16,160,100,100,100,100,100,FALSE
Oklahoma,4024720,Pond Creek-Hunter Schools,6,60,100,100,100,100,100,FALSE
Oklahoma,4024840,Porum Public Schools,21,210,100,100,100,100,100,FALSE
Oklahoma,4025590,Red Oak Public Schools,8,80,100,100,100,100,100,FALSE
Oklahoma,4025800,Reydon Public Schools,5,50,100,100,100,100,100,FALSE
Oklahoma,4026100,Robin Hill Public School,16,160,100,100,100,100,100,FALSE
Oklahoma,4026250,Rocky Mountain Public School,2,20,100,100,100,100,100,TRUE
Oklahoma,4026610,Ryan Public Schools,6,60,100,100,100,100,100,FALSE
Oklahoma,4026940,Sasakwa Public Schools,2,20,100,100,100,100,100,TRUE
Oklahoma,4027090,Schulter Public Schools,2,20,100,100,100,100,100,TRUE
Oklahoma,4027330,Sentinel Public Schools,8,80,100,100,100,100,100,FALSE
Oklahoma,4029010,Stringtown Public Schools,4,40,100,100,100,100,100,TRUE
Oklahoma,4029310,Sweetwater Public Schools,8,80,100,100,100,100,100,FALSE
Oklahoma,4029520,Tannehill Public School,3,30,100,100,100,100,100,TRUE
Oklahoma,4029760,Terral Public School,3,30,100,100,100,100,100,TRUE
Oklahoma,4030030,Tipton Public Schools,3,30,100,100,100,100,100,TRUE
Oklahoma,4030390,Tuskahoma Public School,1,10,100,100,100,100,100,TRUE
Oklahoma,4030480,Tyrone Public Schools,6,60,100,100,100,100,100,FALSE
Oklahoma,4031080,Verden Public Schools,10,100,100,100,100,100,100,FALSE
Oklahoma,4031170,Vici Public Schools,12,120,100,100,100,100,100,FALSE
Oregon,4100003,Falls City School District 57,6,60,100,100,100,100,100,FALSE
Oregon,4100014,Vale School District 84,23,230,100,100,100,100,100,FALSE
Oregon,4100016,Yamhill-Carlton School District 1,36,360,100,100,100,100,100,FALSE
Oregon,4100019,Harrisburg School District 7J,51,510,100,100,100,100,100,FALSE
Oregon,4100021,South Wasco County School District 1,8,80,100,100,100,100,100,FALSE
Oregon,4100040,Knappa School District 4,6,60,100,100,100,100,100,FALSE
Oregon,4100047,Ione School District 2,9,90,100,100,100,100,100,FALSE
Oregon,4100990,Adel School District 21,1,10,100,100,100,100,100,TRUE
Oregon,4101020,Adrian School District 61,12,120,100,100,100,100,100,FALSE
Oregon,4101200,Alsea School District 7J,2,20,100,100,100,100,100,TRUE
Oregon,4101230,Amity School District 4J,35,350,100,100,100,100,100,FALSE
Oregon,4101350,Annex School District 29,4,40,100,100,100,100,100,TRUE
Oregon,4101500,Arock School District 81,3,30,100,100,100,100,100,TRUE
Oregon,4101660,Athena-Weston School District 29J,5,50,100,100,100,100,100,FALSE
Oregon,4101740,Burnt River School District 30J,3,30,100,100,100,100,100,TRUE
Oregon,4102160,Blachly School District 090,7,70,100,100,100,100,100,FALSE
Oregon,4102190,Black Butte School District 41,3,30,100,100,100,100,100,TRUE
Oregon,4102310,Brookings-Harbor School District 17,55,550,100,100,100,100,100,FALSE
Oregon,4102580,Butte Falls School District 91,3,30,100,100,100,100,100,TRUE
Oregon,4102610,Camas Valley School District 21J,5,50,100,100,100,100,100,FALSE
Oregon,4103260,Clatskanie School District 6J,16,160,100,100,100,100,100,FALSE
Oregon,4103270,Colton School District 53,24,240,100,100,100,100,100,FALSE
Oregon,4103330,Condon School District 25J,3,30,100,100,100,100,100,TRUE
Oregon,4103390,Coquille School District 8,29,290,100,100,100,100,100,FALSE
Oregon,4103420,Corbett School District 39,32,320,100,100,100,100,100,FALSE
Oregon,4103630,Harney County Union High School District 1J,8,80,100,100,100,100,100,FALSE
Oregon,4103840,Culver School District 4,21,210,100,100,100,100,100,FALSE
Oregon,4104020,Dayville School District 16J,5,50,100,100,100,100,100,FALSE
Oregon,4104350,North Douglas School District 22,5,50,100,100,100,100,100,FALSE
Oregon,4104530,Echo School District 5,2,20,100,100,100,100,100,TRUE
Oregon,4104590,Elgin School District 23,16,160,100,100,100,100,100,FALSE
Oregon,4104620,Elkton School District 34,14,140,100,100,100,100,100,FALSE
Oregon,4105250,Fossil School District 21J,1,10,100,100,100,100,100,TRUE
Oregon,4105430,Gaston School District 511J,8,80,100,100,100,100,100,FALSE
Oregon,4106120,Harper School District 66,1,10,100,100,100,100,100,TRUE
Oregon,4106600,Huntington School District 16J,1,10,100,100,100,100,100,TRUE
Oregon,4106710,Jefferson School District 14J,37,370,100,100,100,100,100,FALSE
Oregon,4106750,Jewell School District 8,17,170,100,100,100,100,100,FALSE
Oregon,4106820,Jordan Valley School District 3,1,10,100,100,100,100,100,TRUE
Oregon,4106960,Juntura School District 12,1,10,100,100,100,100,100,TRUE
Oregon,4107530,Long Creek School District 17,14,140,100,100,100,100,100,FALSE
Oregon,4107710,Mapleton School District 32,12,120,100,100,100,100,100,FALSE
Oregon,4107740,Marcola School District 79J,12,120,100,100,100,100,100,FALSE
Oregon,4107880,McDermitt School District 51,3,30,100,100,100,100,100,TRUE
Oregon,4108100,Santiam Canyon School District 129J,19,190,100,100,100,100,100,FALSE
Oregon,4108280,Mitchell School District 55,7,70,100,100,100,100,100,FALSE
Oregon,4108460,Monument School District 8,2,20,100,100,100,100,100,TRUE
Oregon,4108700,Nestucca Valley School District 101J,31,310,100,100,100,100,100,FALSE
Oregon,4108940,North Powder School District 8J,5,50,100,100,100,100,100,FALSE
Oregon,4109120,Oakland School District 1,30,300,100,100,100,100,100,FALSE
Oregon,4109430,Paisley School District 11,2,20,100,100,100,100,100,TRUE
Oregon,4109530,Perrydale School District 21,6,60,100,100,100,100,100,FALSE
Oregon,4109660,Pilot Rock School District 2,6,60,100,100,100,100,100,FALSE
Oregon,4109750,Pinehurst School District 94,4,40,100,100,100,100,100,TRUE
Oregon,4109960,Plush School District 18,1,10,100,100,100,100,100,TRUE
Oregon,4110080,Powers School District 31,8,80,100,100,100,100,100,FALSE
Oregon,4111040,Scio School District 95,44,440,100,100,100,100,100,FALSE
Oregon,4111400,North Lake School District 14,17,170,100,100,100,100,100,FALSE
Oregon,4111490,Sisters School District 6,7,70,100,100,100,100,100,FALSE
Oregon,4111640,Spray School District 1,2,20,100,100,100,100,100,TRUE
Oregon,4112540,Ukiah School District 80,1,10,100,100,100,100,100,TRUE
Oregon,4112600,Umatilla School District 6,40,400,100,100,100,100,100,FALSE
Oregon,4112690,Union School District 5,28,280,100,100,100,100,100,FALSE
Oregon,4112990,Wallowa School District 12,17,170,100,100,100,100,100,FALSE
Oregon,4113650,Yoncalla School District 32,15,150,100,100,100,100,100,FALSE
Pennsylvania,.,.,5,50,100,100,100,100,100,FALSE
Pennsylvania,4203360,Bentworth School District,43,430,100,100,100,100,100,FALSE
Pennsylvania,4203420,Berlin Brothersvalley School District,51,510,100,100,100,100,100,FALSE
Pennsylvania,4204090,Bryn Athyn School District,3,30,100,100,100,100,100,TRUE
Pennsylvania,4205430,Central Greene School District,68,680,100,100,100,100,100,FALSE
Pennsylvania,4206360,Columbia Borough School District,29,290,100,100,100,100,100,FALSE
Pennsylvania,4206430,Conemaugh Valley School District,24,240,100,100,100,100,100,FALSE
Pennsylvania,4208790,Eastern York School District,145,1450,100,100,100,100,100,FALSE
Pennsylvania,4209240,Ellwood City Area School District,94,940,100,100,100,100,100,FALSE
Pennsylvania,4209660,Fannett-Metal School District,17,170,100,100,100,100,100,FALSE
Pennsylvania,4209870,Forbes Road School District,21,210,100,100,100,100,100,FALSE
Pennsylvania,4211160,Greenville Area School District,87,870,100,100,100,100,100,FALSE
Pennsylvania,4211220,Grove City Area School District,63,630,100,100,100,100,100,FALSE
Pennsylvania,4212210,Iroquois School District,39,390,100,100,100,100,100,FALSE
Pennsylvania,4212330,Jeannette City School District,48,480,100,100,100,100,100,FALSE
Pennsylvania,4212570,Johnsonburg Area School District,38,380,100,100,100,100,100,FALSE
Pennsylvania,4212630,Juniata Valley School District,19,190,100,100,100,100,100,FALSE
Pennsylvania,4212990,Lackawanna Trail School District,32,320,100,100,100,100,100,FALSE
Pennsylvania,4214880,McGuffey School District,73,730,100,100,100,100,100,FALSE
Pennsylvania,4215270,Midland Borough School District,20,200,100,100,100,100,100,FALSE
Pennsylvania,4215360,Millersburg Area School District,46,460,100,100,100,100,100,FALSE
Pennsylvania,4215450,Millville Area School District,46,460,100,100,100,100,100,FALSE
Pennsylvania,4215990,Mount Carmel Area School District,75,750,100,100,100,100,100,FALSE
Pennsylvania,4218030,Octorara Area School District,206,2060,100,100,100,100,100,FALSE
Pennsylvania,4218210,Oswayo Valley School District,28,280,100,100,100,100,100,FALSE
Pennsylvania,4218450,Panther Valley School District,127,1270,100,100,100,100,100,FALSE
Pennsylvania,4218900,Pequea Valley School District,291,2910,100,100,100,100,100,FALSE
Pennsylvania,4219830,Purchase Line School District,18,180,100,100,100,100,100,FALSE
Pennsylvania,4220520,Rockwood Area School District,18,180,100,100,100,100,100,FALSE
Pennsylvania,4220760,Salisbury-Elk Lick School District,18,180,100,100,100,100,100,FALSE
Pennsylvania,4221180,Shade-Central City School District,17,170,100,100,100,100,100,FALSE
Pennsylvania,4222230,South Side Area School District,28,280,100,100,100,100,100,FALSE
Pennsylvania,4223880,Turkeyfoot Valley Area School District,5,50,100,100,100,100,100,FALSE
Pennsylvania,4224090,Union City Area School District,28,280,100,100,100,100,100,FALSE
Pennsylvania,4225650,West Middlesex Area School District,32,320,100,100,100,100,100,FALSE
Pennsylvania,4226400,Williams Valley School District,36,360,100,100,100,100,100,FALSE
Pennsylvania,4226430,Williamsburg Community School District,34,340,100,100,100,100,100,FALSE
Pennsylvania,4226520,Wilmington Area School District,80,800,100,100,100,100,100,FALSE
Puerto Rico,.,.,63,630,100,100,100,100,100,FALSE
Puerto Rico,7200030,Puerto Rico Department of Education,12961,129610,100,100,100,100,100,FALSE
Rhode Island,4400690,New Shoreham School District,5,50,100,100,100,100,100,FALSE
South Dakota,4600042,Agar-Blunt-Onida School District 58-3,9,90,100,100,100,100,100,FALSE
South Dakota,4600045,Groton Area School District 06-6,28,280,100,100,100,100,100,FALSE
South Dakota,4600046,Hitchcock-Tulare School District 56-6,6,60,100,100,100,100,100,FALSE
South Dakota,4602640,Hanson School District 30-1,16,160,100,100,100,100,100,FALSE
South Dakota,4603932,Sanborn Central School District 55-5,6,60,100,100,100,100,100,FALSE
South Dakota,4604270,Avon School District 04-1,8,80,100,100,100,100,100,FALSE
South Dakota,4607050,Bison School District 52-1,15,150,100,100,100,100,100,FALSE
South Dakota,4607670,South Central School District 26-5,12,120,100,100,100,100,100,FALSE
South Dakota,4609300,Harding County School District 31-1,7,70,100,100,100,100,100,FALSE
South Dakota,4610320,Canistota School District 43-1,6,60,100,100,100,100,100,FALSE
South Dakota,4612300,Chester School District 39-1,4,40,100,100,100,100,100,TRUE
South Dakota,4614130,Colome Consolidated School District 59-3,7,70,100,100,100,100,100,FALSE
South Dakota,4619170,Doland School District 56-2,8,80,100,100,100,100,100,FALSE
South Dakota,4619450,Dupree School District 64-2,23,230,100,100,100,100,100,FALSE
South Dakota,4622500,Ethan School District 17-1,9,90,100,100,100,100,100,FALSE
South Dakota,4622940,Faith School District 46-2,6,60,100,100,100,100,100,FALSE
South Dakota,4624540,Florence School District 14-1,11,110,100,100,100,100,100,FALSE
South Dakota,4626970,Gettysburg School District 53-1,11,110,100,100,100,100,100,FALSE
South Dakota,4632340,Henry School District 14-2,4,40,100,100,100,100,100,TRUE
South Dakota,4632430,Herreid School District 10-1,9,90,100,100,100,100,100,FALSE
South Dakota,4634440,Edmunds Central School District 22-5,6,60,100,100,100,100,100,FALSE
South Dakota,4634600,Hoven School District 53-2,4,40,100,100,100,100,100,TRUE
South Dakota,4636150,Iroquois School District 02-3,14,140,100,100,100,100,100,FALSE
South Dakota,4638220,Kimball School District 07-2,10,100,100,100,100,100,100,FALSE
South Dakota,4639990,Lake Preston School District 38-3,5,50,100,100,100,100,100,FALSE
South Dakota,4640860,Langford School District 45-5,13,130,100,100,100,100,100,FALSE
South Dakota,4646260,McIntosh School District 15-1,7,70,100,100,100,100,100,FALSE
South Dakota,4651750,Northwestern Area School District 56-7,5,50,100,100,100,100,100,FALSE
South Dakota,4663360,Rosholt School District 54-4,5,50,100,100,100,100,100,FALSE
South Dakota,4666300,Sioux Valley School District 05-5,44,440,100,100,100,100,100,FALSE
South Dakota,4670140,Summit School District 54-6,5,50,100,100,100,100,100,FALSE
South Dakota,4671880,Timber Lake School District 20-3,27,270,100,100,100,100,100,FALSE
South Dakota,4675600,Smee School District 15-3,3,30,100,100,100,100,100,TRUE
South Dakota,4676020,Warner School District 06-5,2,20,100,100,100,100,100,TRUE
South Dakota,4676680,Waubay School District 18-3,1,10,100,100,100,100,100,TRUE
South Dakota,4676740,Waverly School District 14-5,13,130,100,100,100,100,100,FALSE
South Dakota,4678510,White Lake School District 01-3,5,50,100,100,100,100,100,FALSE
South Dakota,4678570,White River School District 47-1,13,130,100,100,100,100,100,FALSE
South Dakota,4680445,Corsica-Stickney School District 21-3,18,180,100,100,100,100,100,FALSE
South Dakota,4680447,Oldham-Ramona-Rutland 39-6,7,70,100,100,100,100,100,FALSE
Tennessee,4704230,Unicoi County School District,8,80,100,100,100,100,100,FALSE
Texas,4800001,Crosbyton Consolidated Independent School District,15,150,100,100,100,100,100,FALSE
Texas,4800002,Spur Independent School District,15,150,100,100,100,100,100,FALSE
Texas,4800005,Blackwell Consolidated Independent School District,2,20,100,100,100,100,100,TRUE
Texas,4800007,Panther Creek Consolidated Independent School District,2,20,100,100,100,100,100,TRUE
Texas,4807410,Abernathy Independent School District,20,200,100,100,100,100,100,FALSE
Texas,4808160,Amherst Independent School District,6,60,100,100,100,100,100,FALSE
Texas,4808490,Apple Springs Independent School District,5,50,100,100,100,100,100,FALSE
Texas,4809000,Austwell-Tivoli Independent School District,5,50,100,100,100,100,100,FALSE
Texas,4809090,Avinger Independent School District,3,30,100,100,100,100,100,TRUE
Texas,4809330,Balmorhea Independent School District,1,10,100,100,100,100,100,TRUE
Texas,4810170,Big Sandy Independent School District,15,150,100,100,100,100,100,FALSE
Texas,4810380,Blanket Independent School District,3,30,100,100,100,100,100,TRUE
Texas,4810500,Bloomington Independent School District,16,160,100,100,100,100,100,FALSE
Texas,4810620,Bluff Dale Independent School District,9,90,100,100,100,100,100,FALSE
Texas,4810860,Borden County Independent School District,5,50,100,100,100,100,100,FALSE
Texas,4811400,Fort Elliott Consolidated Independent School District,7,70,100,100,100,100,100,FALSE
Texas,4811550,Brookesmith Independent School District,5,50,100,100,100,100,100,FALSE
Texas,4811850,Buckholts Independent School District,8,80,100,100,100,100,100,FALSE
Texas,4811910,Buena Vista Independent School District,13,130,100,100,100,100,100,FALSE
Texas,4812360,Bynum Independent School District,4,40,100,100,100,100,100,TRUE
Texas,4813770,Chester Independent School District,13,130,100,100,100,100,100,FALSE
Texas,4814600,Colmesneil Independent School District,7,70,100,100,100,100,100,FALSE
Texas,4815120,Coolidge Independent School District,13,130,100,100,100,100,100,FALSE
Texas,4815690,Crockett County Consolidated Common School District,14,140,100,100,100,100,100,FALSE
Texas,4815870,Crowell Independent School District,10,100,100,100,100,100,100,FALSE
Texas,4816920,Devers Independent School District,19,190,100,100,100,100,100,FALSE
Texas,4817010,Deweyville Independent School District,7,70,100,100,100,100,100,FALSE
Texas,4817130,Dime Box Independent School District,2,20,100,100,100,100,100,TRUE
Texas,4817190,Divide Independent School District,2,20,100,100,100,100,100,TRUE
Texas,4817400,Doss Consolidated Common School District,4,40,100,100,100,100,100,TRUE
Texas,4818030,Ector Independent School District,12,120,100,100,100,100,100,FALSE
Texas,4818070,Eden Consolidated Independent School District,8,80,100,100,100,100,100,FALSE
Texas,4818600,Era Independent School District,22,220,100,100,100,100,100,FALSE
Texas,4818890,Ezzell Independent School District,4,40,100,100,100,100,100,TRUE
Texas,4819110,Farwell Independent School District,19,190,100,100,100,100,100,FALSE
Texas,4819500,Follett Independent School District,1,10,100,100,100,100,100,TRUE
Texas,4819530,Forestburg Independent School District,5,50,100,100,100,100,100,FALSE
Texas,4819620,Forsan Independent School District,19,190,100,100,100,100,100,FALSE
Texas,4820070,Fruitvale Independent School District,10,100,100,100,100,100,100,FALSE
Texas,4820130,Fort Hancock Independent School District,2,20,100,100,100,100,100,TRUE
Texas,4820520,Gause Independent School District,7,70,100,100,100,100,100,FALSE
Texas,4820610,Gholson Independent School District,2,20,100,100,100,100,100,TRUE
Texas,4820790,Glasscock County Independent School District,11,110,100,100,100,100,100,FALSE
Texas,4821270,Gorman Independent School District,3,30,100,100,100,100,100,TRUE
Texas,4821300,Grady Independent School District,3,30,100,100,100,100,100,TRUE
Texas,4821560,Grandview-Hopkins Independent School District,1,10,100,100,100,100,100,TRUE
Texas,4821600,Grape Creek Independent School District,68,680,100,100,100,100,100,FALSE
Texas,4821840,Groom Independent School District,3,30,100,100,100,100,100,TRUE
Texas,4821990,Gustine Independent School District,1,10,100,100,100,100,100,TRUE
Texas,4822020,Guthrie Common School District,1,10,100,100,100,100,100,TRUE
Texas,4822620,Harrold Independent School District,4,40,100,100,100,100,100,TRUE
Texas,4822710,Harts Bluff Independent School District,16,160,100,100,100,100,100,FALSE
Texas,4823190,Highland Independent School District,4,40,100,100,100,100,100,TRUE
Texas,4823700,Hubbard Independent School District,1,10,100,100,100,100,100,TRUE
Texas,4823970,Hunt Independent School District,2,20,100,100,100,100,100,TRUE
Texas,4824300,Ira Independent School District,1,10,100,100,100,100,100,TRUE
Texas,4824330,Iraan-Sheffield Collegiate Independent School District,1,10,100,100,100,100,100,TRUE
Texas,4824360,Iredell Independent School District,10,100,100,100,100,100,100,FALSE
Texas,4824900,Jonesboro Independent School District,4,40,100,100,100,100,100,TRUE
Texas,4825290,Kelton Independent School District,1,10,100,100,100,100,100,TRUE
Texas,4825470,Kennard Independent School District,16,160,100,100,100,100,100,FALSE
Texas,4825560,Kermit Independent School District,58,580,100,100,100,100,100,FALSE
Texas,4825790,Klondike Independent School District,12,120,100,100,100,100,100,FALSE
Texas,4825870,Knox City-O'Brien Consolidated Independent School District,1,10,100,100,100,100,100,TRUE
Texas,4825890,Kopperl Independent School District,5,50,100,100,100,100,100,FALSE
Texas,4826700,Laneville Independent School District,4,40,100,100,100,100,100,TRUE
Texas,4827270,Leveretts Chapel Independent School District,2,20,100,100,100,100,100,TRUE
Texas,4827930,Lohn Independent School District,1,10,100,100,100,100,100,TRUE
Texas,4828140,Loop Independent School District,3,30,100,100,100,100,100,TRUE
Texas,4828170,Loraine Independent School District,2,20,100,100,100,100,100,TRUE
Texas,4829040,Marfa Independent School District,10,100,100,100,100,100,100,FALSE
Texas,4829370,Matagorda Independent School District,3,30,100,100,100,100,100,TRUE
Texas,4829520,May Independent School District,2,20,100,100,100,100,100,TRUE
Texas,4829760,McDade Independent School District,34,340,100,100,100,100,100,FALSE
Texas,4829940,McMullen County Independent School District,7,70,100,100,100,100,100,FALSE
Texas,4830030,Medina Independent School District,4,40,100,100,100,100,100,TRUE
Texas,4830450,Meyersville Independent School District,15,150,100,100,100,100,100,FALSE
Texas,4830480,Miami Independent School District,1,10,100,100,100,100,100,TRUE
Texas,4830660,Midway Independent School District,5,50,100,100,100,100,100,FALSE
Texas,4830690,Milano Independent School District,17,170,100,100,100,100,100,FALSE
Texas,4831320,Moran Independent School District,1,10,100,100,100,100,100,TRUE
Texas,4831500,Motley County Independent School District,12,120,100,100,100,100,100,FALSE
Texas,4831650,Mount Enterprise Independent School District,3,30,100,100,100,100,100,TRUE
Texas,4832220,Nazareth Independent School District,3,30,100,100,100,100,100,TRUE
Texas,4832490,New Home Independent School District,1,10,100,100,100,100,100,TRUE
Texas,4832700,Newcastle Independent School District,1,10,100,100,100,100,100,TRUE
Texas,4832740,Nixon-Smiley Consolidated Independent School District,48,480,100,100,100,100,100,FALSE
Texas,4832880,Nordheim Independent School District,1,10,100,100,100,100,100,TRUE
Texas,4833090,Northside Independent School District,4,40,100,100,100,100,100,TRUE
Texas,4833340,Oakwood Independent School District,7,70,100,100,100,100,100,FALSE
Texas,4833390,O'Donnell Independent School District,6,60,100,100,100,100,100,FALSE
Texas,4833420,Oglesby Independent School District,14,140,100,100,100,100,100,FALSE
Texas,4833960,Paint Creek Independent School District,4,40,100,100,100,100,100,TRUE
Texas,4833980,Paint Rock Independent School District,5,50,100,100,100,100,100,FALSE
Texas,4834140,Palo Pinto Independent School District,8,80,100,100,100,100,100,FALSE
Texas,4834630,Perrin-Whitt Consolidated Independent School District,8,80,100,100,100,100,100,FALSE
Texas,4834710,Petrolia Consolidated Independent School District,2,20,100,100,100,100,100,TRUE
Texas,4834770,Pettus Independent School District,18,180,100,100,100,100,100,FALSE
Texas,4835040,Plains Independent School District,43,430,100,100,100,100,100,FALSE
Texas,4835730,Prairie Valley Independent School District,4,40,100,100,100,100,100,TRUE
Texas,4835800,Presidio Independent School District,34,340,100,100,100,100,100,FALSE
Texas,4835890,Pringle-Morse Consolidated Independent School District,3,30,100,100,100,100,100,TRUE
Texas,4835910,Progreso Independent School District,71,710,100,100,100,100,100,FALSE
Texas,4836510,Rankin Independent School District,6,60,100,100,100,100,100,FALSE
Texas,4836570,Reagan County Independent School District,41,410,100,100,100,100,100,FALSE
Texas,4837080,Richland Springs Independent School District,8,80,100,100,100,100,100,FALSE
Texas,4837230,Rising Star Independent School District,5,50,100,100,100,100,100,FALSE
Texas,4837380,Robert Lee Independent School District,8,80,100,100,100,100,100,FALSE
Texas,4837470,Roby Consolidated Independent School District,5,50,100,100,100,100,100,FALSE
Texas,4838040,Rotan Independent School District,13,130,100,100,100,100,100,FALSE
Texas,4838100,Round Top-Carmine Independent School District,7,70,100,100,100,100,100,FALSE
Texas,4838280,Rule Independent School District,3,30,100,100,100,100,100,TRUE
Texas,4838490,Sabine Pass Independent School District,2,20,100,100,100,100,100,TRUE
Texas,4838910,San Isidro Independent School District,1,10,100,100,100,100,100,TRUE
Texas,4839000,San Perlita Independent School District,15,150,100,100,100,100,100,FALSE
Texas,4839120,Sands Consolidated Independent School District,1,10,100,100,100,100,100,TRUE
Texas,4839150,Sanford-Fritch Independent School District,22,220,100,100,100,100,100,FALSE
Texas,4839390,Santo Independent School District,20,200,100,100,100,100,100,FALSE
Texas,4839450,Savoy Independent School District,12,120,100,100,100,100,100,FALSE
Texas,4839510,Schleicher Independent School District,43,430,100,100,100,100,100,FALSE
Texas,4839600,Seagraves Independent School District,30,300,100,100,100,100,100,FALSE
Texas,4840200,Sierra Blanca Independent School District,4,40,100,100,100,100,100,TRUE
Texas,4840290,Silverton Independent School District,5,50,100,100,100,100,100,FALSE
Texas,4840470,Slidell Independent School District,5,50,100,100,100,100,100,FALSE
Texas,4840890,Southland Independent School District,1,10,100,100,100,100,100,TRUE
Texas,4841130,Spring Creek Independent School District,1,10,100,100,100,100,100,TRUE
Texas,4841790,Sulphur Bluff Independent School District,8,80,100,100,100,100,100,FALSE
Texas,4842390,Terlingua Common School District,2,20,100,100,100,100,100,TRUE
Texas,4842540,Texhoma Independent School District,1,10,100,100,100,100,100,TRUE
Texas,4842570,Texline Independent School District,6,60,100,100,100,100,100,FALSE
Texas,4842720,Three Way Independent School District,2,20,100,100,100,100,100,TRUE
Texas,4842870,Tioga Independent School District,3,30,100,100,100,100,100,TRUE
Texas,4843170,Trinidad Independent School District,1,10,100,100,100,100,100,TRUE
Texas,4843400,Turkey-Quitaque Independent School District,1,10,100,100,100,100,100,TRUE
Texas,4843680,Utopia Independent School District,7,70,100,100,100,100,100,FALSE
Texas,4843740,Valentine Independent School District,4,40,100,100,100,100,100,TRUE
Texas,4843760,Valley Mills Independent School District,36,360,100,100,100,100,100,FALSE
Texas,4844310,Waelder Independent School District,7,70,100,100,100,100,100,FALSE
Texas,4844370,Walcott Independent School District,4,40,100,100,100,100,100,TRUE
Texas,4844520,Walnut Springs Independent School District,7,70,100,100,100,100,100,FALSE
Texas,4844710,Water Valley Independent School District,9,90,100,100,100,100,100,FALSE
Texas,4844810,Webb Consolidated Independent School District,7,70,100,100,100,100,100,FALSE
Texas,4845480,White Oak Independent School District,50,500,100,100,100,100,100,FALSE
Texas,4845690,Whitharral Independent School District,9,90,100,100,100,100,100,FALSE
Texas,4846380,Woodsboro Independent School District,7,70,100,100,100,100,100,FALSE
Texas,4846740,Zavalla Independent School District,16,160,100,100,100,100,100,FALSE
Texas,4846770,Zephyr Independent School District,3,30,100,100,100,100,100,TRUE
Texas,4899130,Benavides Independent School District,51,510,100,100,100,100,100,FALSE
Utah,4900180,Daggett School District,4,40,100,100,100,100,100,TRUE
Utah,4901020,Tintic School District,7,70,100,100,100,100,100,FALSE
Vermont,5000012,Ferdinand School District,1,10,100,100,100,100,100,TRUE
Vermont,5000013,Glastenbury School District,2,20,100,100,100,100,100,TRUE
Vermont,5001770,Alburgh School District,3,30,100,100,100,100,100,TRUE
Vermont,5003390,Craftsbury School District,1,10,100,100,100,100,100,TRUE
Vermont,5004080,Fletcher School District,6,60,100,100,100,100,100,FALSE
Vermont,5004500,Halifax,2,20,100,100,100,100,100,TRUE
Vermont,5006780,Readsboro,2,20,100,100,100,100,100,TRUE
Vermont,5007170,Sandgate School District,2,20,100,100,100,100,100,TRUE
Vermont,5007680,Stamford School District,9,90,100,100,100,100,100,FALSE
Vermont,5009330,Winhall School District,2,20,100,100,100,100,100,TRUE
Vermont,5099001,West River Valley Modified Union Education District 72B (7-12),5,50,100,100,100,100,100,FALSE
Virginia,5100330,Bath County Public Schools,13,130,100,100,100,100,100,FALSE
Virginia,5101950,Highland County Public Schools,6,60,100,100,100,100,100,FALSE
Washington,5300090,Almira School District,2,20,100,100,100,100,100,TRUE
Washington,5300280,Asotin-Anatone School District,22,220,100,100,100,100,100,FALSE
Washington,5300510,Bickleton School District,5,50,100,100,100,100,100,FALSE
Washington,5300570,Blaine School District,106,1060,100,100,100,100,100,FALSE
Washington,5300720,Bridgeport School District,34,340,100,100,100,100,100,FALSE
Washington,5300750,Brinnon School District,8,80,100,100,100,100,100,FALSE
Washington,5300840,Cape Flattery School District,9,90,100,100,100,100,100,FALSE
Washington,5300870,Carbonado School District,5,50,100,100,100,100,100,FALSE
Washington,5301050,Centerville School District,3,30,100,100,100,100,100,TRUE
Washington,5301560,Columbia (Stevens) School District,5,50,100,100,100,100,100,FALSE
Washington,5301590,Columbia (Walla Walla) School District,43,430,100,100,100,100,100,FALSE
Washington,5301680,Conway School District,22,220,100,100,100,100,100,FALSE
Washington,5301710,Cosmopolis School District,10,100,100,100,100,100,100,FALSE
Washington,5301830,Crescent School District,11,110,100,100,100,100,100,FALSE
Washington,5301920,Cusick School District,13,130,100,100,100,100,100,FALSE
Washington,5301950,Damman School District,1,10,100,100,100,100,100,TRUE
Washington,5302010,Davenport School District,23,230,100,100,100,100,100,FALSE
Washington,5302040,Dayton School District,33,330,100,100,100,100,100,FALSE
Washington,5302160,Dixie School District,4,40,100,100,100,100,100,TRUE
Washington,5302310,Eastmont School District,237,2370,100,100,100,100,100,FALSE
Washington,5302640,Evaline School District,2,20,100,100,100,100,100,TRUE
Washington,5302730,Evergreen School District (Stevens),2,20,100,100,100,100,100,TRUE
Washington,5302910,Finley School District,20,200,100,100,100,100,100,FALSE
Washington,5303000,Garfield School District,5,50,100,100,100,100,100,FALSE
Washington,5303030,Glenwood School District,4,40,100,100,100,100,100,TRUE
Washington,5303240,Grapeview School District,9,90,100,100,100,100,100,FALSE
Washington,5303270,Great Northern School District,46,460,100,100,100,100,100,FALSE
Washington,5303300,Green Mountain School District,21,210,100,100,100,100,100,FALSE
Washington,5303330,Griffin School District,30,300,100,100,100,100,100,FALSE
Washington,5303440,Coulee-Hartline School District,13,130,100,100,100,100,100,FALSE
Washington,5303570,Hockinson School District,43,430,100,100,100,100,100,FALSE
Washington,5303720,Index School District,2,20,100,100,100,100,100,TRUE
Washington,5303780,Kahlotus School District,3,30,100,100,100,100,100,TRUE
Washington,5303870,Keller School District,2,20,100,100,100,100,100,TRUE
Washington,5304050,Kittitas School District,27,270,100,100,100,100,100,FALSE
Washington,5304170,La Center School District,78,780,100,100,100,100,100,FALSE
Washington,5304290,Lamont School District,1,10,100,100,100,100,100,TRUE
Washington,5304410,Lind School District,7,70,100,100,100,100,100,FALSE
Washington,5304620,Lynden School District,175,1750,100,100,100,100,100,FALSE
Washington,5304710,Mansfield School District,5,50,100,100,100,100,100,FALSE
Washington,5304890,McCleary School District,34,340,100,100,100,100,100,FALSE
Washington,5305010,Meridian School District,98,980,100,100,100,100,100,FALSE
Washington,5305040,Mill A School District,2,20,100,100,100,100,100,TRUE
Washington,5305160,Montesano School District,57,570,100,100,100,100,100,FALSE
Washington,5305250,Mossyrock School District,20,200,100,100,100,100,100,FALSE
Washington,5305340,Mount Pleasant School District,1,10,100,100,100,100,100,TRUE
Washington,5305520,Naselle-Grays River Valley School District,9,90,100,100,100,100,100,FALSE
Washington,5305550,Nespelem School District,4,40,100,100,100,100,100,TRUE
Washington,5305640,Nine Mile Falls School District,58,580,100,100,100,100,100,FALSE
Washington,5305670,Nooksack Valley School District,108,1080,100,100,100,100,100,FALSE
Washington,5305820,North River School District,5,50,100,100,100,100,100,FALSE
Washington,5306000,Oakville School District,15,150,100,100,100,100,100,FALSE
Washington,5306360,Orient School District,3,30,100,100,100,100,100,TRUE
Washington,5306510,Palisades School District,3,30,100,100,100,100,100,TRUE
Washington,5306600,Pateros School District,17,170,100,100,100,100,100,FALSE
Washington,5306630,Paterson School District,2,20,100,100,100,100,100,TRUE
Washington,5306660,Pe Ell School District,16,160,100,100,100,100,100,FALSE
Washington,5306780,Pomeroy School District,8,80,100,100,100,100,100,FALSE
Washington,5306840,Port Townsend School District,48,480,100,100,100,100,100,FALSE
Washington,5307080,Quincy School District,127,1270,100,100,100,100,100,FALSE
Washington,5307210,Reardan-Edwall School District,30,300,100,100,100,100,100,FALSE
Washington,5307260,Republic School District,11,110,100,100,100,100,100,FALSE
Washington,5307740,Sedro-Woolley School District,239,2390,100,100,100,100,100,FALSE
Washington,5307860,Shaw Island School District,2,20,100,100,100,100,100,TRUE
Washington,5307950,Skamania School District,9,90,100,100,100,100,100,FALSE
Washington,5308070,Soap Lake School District,28,280,100,100,100,100,100,FALSE
Washington,5308220,Southside School District,9,90,100,100,100,100,100,FALSE
Washington,5308280,Sprague School District,3,30,100,100,100,100,100,TRUE
Washington,5308310,St. John School District,4,40,100,100,100,100,100,TRUE
Washington,5308490,Steptoe School District,2,20,100,100,100,100,100,TRUE
Washington,5308550,Sultan School District,134,1340,100,100,100,100,100,FALSE
Washington,5308790,Tekoa School District,3,30,100,100,100,100,100,TRUE
Washington,5308850,Thorp School District,12,120,100,100,100,100,100,FALSE
Washington,5309000,Touchet School District,13,130,100,100,100,100,100,FALSE
Washington,5309030,Toutle Lake School District,3,30,100,100,100,100,100,TRUE
Washington,5309060,Trout Lake School District,10,100,100,100,100,100,100,FALSE
Washington,5309150,Union Gap School District,39,390,100,100,100,100,100,FALSE
Washington,5309240,Valley School District,4,40,100,100,100,100,100,TRUE
Washington,5309570,Washtucna School District,1,10,100,100,100,100,100,TRUE
Washington,5309600,Waterville School District,15,150,100,100,100,100,100,FALSE
Washington,5309750,White Pass School District,3,30,100,100,100,100,100,TRUE
Washington,5309810,White Salmon Valley School District,26,260,100,100,100,100,100,FALSE
Washington,5309900,Wilson Creek School District,3,30,100,100,100,100,100,TRUE
Washington,5309930,Winlock School District,52,520,100,100,100,100,100,FALSE
Washington,5309990,Wishkah Valley School District,18,180,100,100,100,100,100,FALSE
Washington,5310020,Wishram School District,2,20,100,100,100,100,100,TRUE
Washington,5310170,Zillah School District,39,390,100,100,100,100,100,FALSE
Wisconsin,5500150,Algoma School District,37,370,100,100,100,100,100,FALSE
Wisconsin,5502400,Cassville School District,21,210,100,100,100,100,100,FALSE
Wisconsin,5502580,Clayton School District,8,80,100,100,100,100,100,FALSE
Wisconsin,5502880,Cornell School District,8,80,100,100,100,100,100,FALSE
Wisconsin,5503810,Drummond Area School District,17,170,100,100,100,100,100,FALSE
Wisconsin,5504170,Elcho School District,3,30,100,100,100,100,100,TRUE
Wisconsin,5504860,Frederic School District,19,190,100,100,100,100,100,FALSE
Wisconsin,5505370,Gilmanton School District,6,60,100,100,100,100,100,FALSE
Wisconsin,5505580,Goodman-Armstrong School District,10,100,100,100,100,100,100,FALSE
Wisconsin,5507830,Laona School District,2,20,100,100,100,100,100,TRUE
Wisconsin,5507860,Lena School District,12,120,100,100,100,100,100,FALSE
Wisconsin,5508880,Mayville School District,71,710,100,100,100,100,100,FALSE
Wisconsin,5509150,Mercer School District,2,20,100,100,100,100,100,TRUE
Wisconsin,5512210,Prentice School District,9,90,100,100,100,100,100,FALSE
Wisconsin,5514970,Flambeau School District,24,240,100,100,100,100,100,FALSE
Wisconsin,5515390,Wabeno Area School District,9,90,100,100,100,100,100,FALSE
Wisconsin,5515570,Washington Island School District,1,10,100,100,100,100,100,TRUE
Wisconsin,5516740,Williams Bay School District,48,480,100,100,100,100,100,FALSE
Wyoming,5601090,Big Horn County School District 4,3,30,100,100,100,100,100,TRUE
Wyoming,5601260,Sublette County School District 9,8,80,100,100,100,100,100,FALSE
Wyoming,5602670,Fremont County School District 2,10,100,100,100,100,100,100,FALSE
Wyoming,5602830,Fremont County School District 6,8,80,100,100,100,100,100,FALSE
Wyoming,5604230,Niobrara County School District 1,8,80,100,100,100,100,100,FALSE
Wyoming,5604380,Park County School District 16,2,20,100,100,100,100,100,TRUE
Wyoming,5605680,Sheridan County School District 3,8,80,100,100,100,100,100,FALSE
Wyoming,5605700,Fremont County School District 24,30,300,100,100,100,100,100,FALSE
Wyoming,5605820,Washakie County School District 2,10,100,100,100,100,100,100,FALSE
Wyoming,5606090,Weston County School District 7,12,120,100,100,100,100,100,FALSE
Indiana,1808250,Northwest Allen County Schools,316,3160,99.7,100,100,100,99.7,FALSE
Kansas,2011370,Salina Unified School District 305,300,3000,99.7,100,99.7,100,100,FALSE
North Carolina,3700148,Fort Bragg Schools,314,3140,99.7,100,100,100,99.7,FALSE
California,600017,Apple Valley Unified School District,762,7620,99.6,100,100,100,100,FALSE
Georgia,1300003,Fort Stewart School District,242,2420,99.6,100,99.6,100,99.6,FALSE
New York,3615630,Jamestown City School District,280,2800,99.6,100,99.6,100,100,FALSE
Idaho,1601590,Jerome Joint School District 261,193,1930,99.5,100,100,100,99.5,FALSE
Arizona,407170,Saddle Mountain Unified School District,172,1720,99.4,99.4,100,100,100,FALSE
Washington,5304560,Riverview School District,172,1720,99.4,100,99.4,100,100,FALSE
California,611040,Denair Unified School District,134,1340,99.3,100,100,100,100,FALSE
California,611460,Downey Unified School District,718,7180,99.3,100,100,100,100,FALSE
California,639930,Tulare Joint Union High School District,846,8460,99.3,100,100,99.8,99.8,FALSE
California,606031,Tracy Unified School District (9-12),123,1230,99.2,100,100,99.2,100,FALSE
Illinois,1724570,Marengo Community High School District 154,113,1130,99.1,100,100,100,100,FALSE
Washington,5307350,Ridgefield School District,235,2350,99.1,100,100,100,99.1,FALSE
Indiana,1808100,North West Hendricks Schools,102,1020,99,100,100,100,100,FALSE
Pennsylvania,4202820,Avonworth School District,104,1040,99,100,100,100,99,FALSE
California,604290,Beaumont Unified School District,654,6540,98.9,100,100,100,99.5,FALSE
California,632370,Rialto Unified School District,928,9280,98.9,100,100,100,100,FALSE
Idaho,1600930,Bonneville Joint School District 93,629,6290,98.7,100,100,100,100,FALSE
Michigan,2614460,Fitzgerald Public Schools,153,1530,98.7,100,100,100,100,FALSE
Missouri,2913620,Hancock Place School District,78,780,98.7,100,100,100,98.7,FALSE
Wyoming,5604120,Laramie County School District 2,76,760,98.7,100,100,98.7,100,FALSE
California,608130,Ceres Unified School District,484,4840,98.6,100,100,100,100,FALSE
Indiana,1800118,North Central Parke Community School Corporation,73,730,98.6,100,100,100,100,FALSE
Indiana,1807980,North Putnam Community Schools,69,690,98.6,100,98.6,100,100,FALSE
Alaska,200020,Bering Strait School District,68,680,98.5,98.5,98.5,100,100,FALSE
Michigan,2607800,Capac Community School District,65,650,98.5,100,100,98.5,100,FALSE
New York,3610950,Fallsburg Central School District,66,660,98.5,100,100,98.5,100,FALSE
New York,3619650,Monroe-Woodbury Central School District,397,3970,98.5,100,100,100,100,FALSE
Arkansas,505470,Drew Central School District,64,640,98.4,100,100,100,98.4,FALSE
Illinois,1718240,Harlem Unit School District 122,317,3170,98.4,100,100,100,100,FALSE
Michigan,2610410,Colon Community School District,63,630,98.4,100,100,98.4,100,FALSE
New Hampshire,3304680,Mascoma Valley Regional School District,60,600,98.3,100,100,98.3,100,FALSE
New York,3611700,Fulton City School District,178,1780,98.3,100,100,98.3,100,FALSE
Ohio,3904389,Dover City School District,59,590,98.3,100,100,100,98.3,FALSE
Pennsylvania,4213080,Lakeview School District,58,580,98.3,100,100,100,98.3,FALSE
Pennsylvania,4220400,Ringgold School District,118,1180,98.3,100,100,100,98.3,FALSE
Idaho,1600600,Vallivue School District 139,552,5520,98.2,100,100,100,100,FALSE
Idaho,1601800,Lakeland Joint School District 272,284,2840,98.2,100,98.2,100,100,FALSE
Illinois,1739600,Tuscola Community Unit School District 301,55,550,98.2,100,100,100,98.2,FALSE
Indiana,1805280,Kankakee Valley School Corporation,169,1690,98.2,100,100,100,100,FALSE
South Carolina,4502370,Greenwood School District 51,110,1100,98.2,100,98.2,100,100,FALSE
California,608550,Chowchilla Union High School District,214,2140,98.1,98.1,100,100,100,FALSE
California,630030,Patterson Joint Unified School District,320,3200,98.1,99.4,100,99.4,99.1,FALSE
Pennsylvania,4209600,Karns City Area School District,53,530,98.1,98.1,100,100,100,FALSE
California,636820,Silver Valley Unified School District,196,1960,98,100,100,100,98,FALSE
Idaho,1602550,Parma School District 137,50,500,98,100,100,98,100,FALSE
Indiana,1810620,Southeast Fountain School Corporation,50,500,98,100,98,100,100,FALSE
Kansas,2006300,Frontenac Public Schools Unified School District 249,51,510,98,100,98,100,100,FALSE
Michigan,2622380,Manchester Community Schools,50,500,98,100,100,100,98,FALSE
Missouri,2932190,Winfield R-IV School District,98,980,98,100,100,100,98,FALSE
New York,3622290,Oyster Bay-East Norwich Central School District,147,1470,98,100,100,100,98.6,FALSE
Pennsylvania,4211190,Greenwood School District,50,500,98,100,100,98,100,FALSE
California,641430,Wasco Union High School District,283,2830,97.9,100,100,100,97.9,FALSE
Pennsylvania,4218330,Palisades School District,97,970,97.9,100,100,100,99,FALSE
Washington,5303150,Grandview School District,143,1430,97.9,99.3,100,100,97.9,FALSE
Washington,5307470,Rochester School District,143,1430,97.9,99.3,100,100,100,FALSE
Indiana,1802700,Delphi Community School Corporation,46,460,97.8,97.8,100,100,100,FALSE
Michigan,2623280,Mayville Community School District,46,460,97.8,100,100,97.8,100,FALSE
West Virginia,5401080,Pendleton County School District,45,450,97.8,100,97.8,100,100,FALSE
Alaska,200480,Kodiak Island Borough School District,44,440,97.7,100,97.7,100,97.7,FALSE
California,607900,Center Joint Unified School District,298,2980,97.7,100,100,100,100,FALSE
California,617220,Hilmar Unified School District,86,860,97.7,100,100,100,97.7,FALSE
Illinois,1715030,Fenton Community High School District 100,214,2140,97.7,100,100,100,100,FALSE
Michigan,2629790,River Valley School District,44,440,97.7,100,100,100,97.7,FALSE
Oklahoma,4013590,Guymon Public Schools,129,1290,97.7,100,97.7,100,100,FALSE
Pennsylvania,4222290,Southern Fulton School District,44,440,97.7,97.7,100,100,100,FALSE
Texas,4822560,Harmony Independent School District,43,430,97.7,100,100,100,97.7,FALSE
Texas,4842900,Tolar Independent School District,44,440,97.7,100,100,100,97.7,FALSE
Wisconsin,5514190,Spencer School District,44,440,97.7,100,100,97.7,100,FALSE
Arizona,406740,Sanders Unified District,41,410,97.6,100,97.6,100,100,FALSE
California,600016,Upland Unified School District,466,4660,97.6,100,100,100,100,FALSE
California,637620,Southern Kern Unified School District,250,2500,97.6,100,100,100,100,FALSE
Indiana,1803960,Greater Jasper Consolidated Schools,169,1690,97.6,100,98.2,100,100,FALSE
Ohio,3904857,Parkway Local School District,41,410,97.6,97.6,97.6,100,100,FALSE
Oregon,4108880,North Marion School District 15,85,850,97.6,100,100,97.6,100,FALSE
Washington,5302880,Fife Public Schools,167,1670,97.6,100,100,100,100,FALSE
Oregon,4104500,Eagle Point School District 9,284,2840,97.5,100,100,100,97.5,FALSE
Arizona,406030,Patagonia Union High School District,39,390,97.4,100,97.4,100,100,FALSE
Colorado,806060,Peyton School District 23-JT,39,390,97.4,100,97.4,100,100,FALSE
Idaho,1601650,Kellogg Joint School District 391,39,390,97.4,100,97.4,100,100,FALSE
Idaho,1602130,Middleton School District 134,190,1900,97.4,98.4,100,100,100,FALSE
Michigan,2623460,Melvindale-North Allen Park School District,193,1930,97.4,100,100,100,97.4,FALSE
Michigan,2630780,Sand Creek Community Schools,38,380,97.4,100,100,97.4,100,FALSE
Missouri,2912630,Galena R-II School District,38,380,97.4,100,97.4,100,100,FALSE
New York,3626730,Sherman Central School District,39,390,97.4,100,97.4,100,100,FALSE
Ohio,3904956,Lakota Local School District,38,380,97.4,100,97.4,100,100,FALSE
Oregon,4102910,Central Linn School District 552,38,380,97.4,100,100,97.4,100,FALSE
Pennsylvania,4203180,Bedford Area School District,78,780,97.4,100,100,100,97.4,FALSE
Pennsylvania,4216050,Mountain View School District,38,380,97.4,100,97.4,100,100,FALSE
Texas,4810260,Bishop Consolidated Independent School District,38,380,97.4,100,97.4,100,100,FALSE
Texas,4846320,Woden Independent School District,39,390,97.4,100,97.4,100,100,FALSE
Indiana,1800960,Brown County County School Corporation,73,730,97.3,100,97.3,100,100,FALSE
Indiana,1808120,Northeast Dubois County School Corporation,37,370,97.3,100,97.3,100,100,FALSE
Michigan,2615420,Fulton Schools,37,370,97.3,100,100,97.3,100,FALSE
Michigan,2619800,Jefferson Schools,74,740,97.3,100,100,100,100,FALSE
North Carolina,3700600,Camden County Schools,74,740,97.3,100,100,100,97.3,FALSE
Ohio,3904995,Tuslaw Local School District,73,730,97.3,100,100,100,97.3,FALSE
Georgia,1305220,Twiggs County School District,36,360,97.2,100,97.2,100,100,FALSE
Indiana,1808310,Northwestern Consolidated School Corporation,36,360,97.2,100,97.2,100,100,FALSE
Kansas,2005490,De Soto Unified School District 232,253,2530,97.2,100,100,97.2,100,FALSE
New York,3627810,East Ramapo Central School District (Spring Valley),2040,20400,97.2,100,100,100,98.6,FALSE
Arkansas,504410,Clinton School District,70,700,97.1,98.6,98.6,100,97.1,FALSE
California,606013,Turlock Unified School District (9-12),68,680,97.1,100,100,100,97.1,FALSE
California,621400,Lemoore Union High School District,412,4120,97.1,100,100,100,97.3,FALSE
Colorado,805100,North Conejos School District RE-1J,34,340,97.1,100,100,100,97.1,FALSE
Idaho,1601080,Firth School District 59,34,340,97.1,100,100,100,97.1,FALSE
Indiana,1803030,Eastbrook Community School Corporation,69,690,97.1,100,97.1,100,100,FALSE
Indiana,1807560,New Prairie United School Corporation,136,1360,97.1,100,100,100,100,FALSE
Michigan,2623490,Memphis Community Schools,35,350,97.1,100,100,97.1,100,FALSE
Pennsylvania,4217610,Northern Cambria School District,68,680,97.1,100,100,100,97.1,FALSE
Pennsylvania,4222060,South Park School District,104,1040,97.1,100,100,100,97.1,FALSE
Texas,4838610,Saltillo Independent School District,34,340,97.1,100,97.1,100,100,FALSE
Washington,5308020,Snohomish School District,475,4750,97.1,100,100,100,97.9,FALSE
Alaska,200800,Chugach School District,33,330,97,100,97,100,100,FALSE
Pennsylvania,4215600,Monessen City School District,66,660,97,100,100,100,100,FALSE
Virginia,5102120,King William County Public Schools,133,1330,97,97,99.2,100,100,FALSE
California,601415,Washington Unified School District,96,960,96.9,100,100,100,96.9,FALSE
Colorado,807290,Wiggins School District RE-50J,32,320,96.9,100,96.9,100,96.9,FALSE
Hawaii,.,.,326,3260,96.9,100,100,100,97.5,FALSE
Ohio,3904529,Chesapeake Union Exempted Village School District,32,320,96.9,100,96.9,100,96.9,FALSE
Ohio,3904627,Southeastern Local School District,32,320,96.9,100,96.9,100,100,FALSE
Texas,4808230,Anderson-Shiro Consolidated Independent School District,32,320,96.9,100,96.9,100,96.9,FALSE
Texas,4825440,Kenedy Independent School District,32,320,96.9,100,100,100,100,FALSE
Virginia,5101470,Frederick County Public Schools,645,6450,96.9,99.2,99.2,99.8,100,FALSE
Arizona,400023,Pinon Unified District,63,630,96.8,96.8,98.4,100,100,FALSE
Illinois,1704260,Arthur Community Unit School District 305,63,630,96.8,100,96.8,98.4,100,FALSE
Illinois,1713860,Elverado Community Unit School District 196,31,310,96.8,100,96.8,100,100,FALSE
Missouri,2904500,Bayless School District,93,930,96.8,100,100,100,100,FALSE
Texas,4818690,Eula Independent School District,31,310,96.8,100,96.8,100,100,FALSE
Washington,5306240,Onalaska School District,63,630,96.8,100,96.8,100,100,FALSE
Washington,5306750,Pioneer School District,63,630,96.8,100,96.8,100,100,FALSE
Arizona,404010,Joseph City Unified District,30,300,96.7,100,96.7,100,100,FALSE
Colorado,804770,Ignacio School District 11-JT,30,300,96.7,96.7,96.7,100,100,FALSE
Idaho,1602940,Shoshone Joint School District 312,30,300,96.7,96.7,100,100,100,FALSE
Indiana,1802610,Decatur County Community Schools,90,900,96.7,100,96.7,100,100,FALSE
Iowa,1913350,Clayton Ridge Community School District,30,300,96.7,96.7,96.7,96.7,96.7,FALSE
Nebraska,3100099,Centennial Public Schools,30,300,96.7,100,96.7,100,96.7,FALSE
New York,3607290,Chenango Valley Central School District,61,610,96.7,100,100,100,100,FALSE
Ohio,3904609,Edgewood City School District,120,1200,96.7,100,96.7,100,100,FALSE
Texas,4846230,Winona Independent School District,92,920,96.7,96.7,97.8,100,100,FALSE
Utah,4900990,South Summit School District,60,600,96.7,100,100,100,96.7,FALSE
West Virginia,5400210,Calhoun County School District,30,300,96.7,96.7,96.7,100,100,FALSE
Alaska,200240,Sitka School District,29,290,96.6,100,100,100,100,FALSE
Arkansas,500021,Izard Cty Consolidated Schools,29,290,96.6,100,100,100,96.6,FALSE
Arkansas,500073,Ouachita River School District,29,290,96.6,100,96.6,100,100,FALSE
California,613470,Fall River Joint Unified School District,58,580,96.6,96.6,100,100,100,FALSE
California,691137,Big Oak Flat-Groveland Unified School District,29,290,96.6,100,100,96.6,100,FALSE
Idaho,1601950,Marsh Valley Joint School District 21,58,580,96.6,100,98.3,98.3,98.3,FALSE
Indiana,1802460,Crawfordsville Community Schools,116,1160,96.6,100,100,100,100,FALSE
Indiana,1810830,Southwestern Shelby County Consolidated Schools,29,290,96.6,100,96.6,100,100,FALSE
Iowa,1910130,Easton Valley Community School District,29,290,96.6,100,96.6,100,100,FALSE
Kansas,2006450,Garnett Unified School District 365,58,580,96.6,100,96.6,100,100,FALSE
Michigan,2617760,Harper Woods City Schools,59,590,96.6,100,100,100,100,FALSE
Minnesota,2730510,Red Lake Public School District,59,590,96.6,96.6,98.3,100,100,FALSE
New Jersey,3400720,Allamuchy Township School District,59,590,96.6,100,100,100,100,FALSE
New York,3612390,Gowanda Central School District,58,580,96.6,96.6,100,100,100,FALSE
New York,3621180,North Salem Central School District,58,580,96.6,100,100,100,96.6,FALSE
Ohio,3904826,Jonathan Alder Local School District,88,880,96.6,97.7,97.7,100,98.9,FALSE
Oregon,4108650,Neah-Kah-Nie School District 56,29,290,96.6,100,100,96.6,96.6,FALSE
Virginia,5102220,Lexington City Public Schools,29,290,96.6,100,100,100,96.6,FALSE
Wisconsin,5512690,Reedsville School District,29,290,96.6,100,100,100,96.6,FALSE
Michigan,2627420,Parchment School District,85,850,96.5,100,100,100,100,FALSE
Arizona,405730,Owens-Whitney Elementary District,28,280,96.4,100,100,100,96.4,FALSE
New York,3606160,Cairo-Durham Central School District,55,550,96.4,100,100,98.2,98.2,FALSE
Oklahoma,4009090,Crowder Public Schools,28,280,96.4,100,96.4,100,96.4,FALSE
Oregon,4109870,Pleasant Hill School District 1,28,280,96.4,100,100,96.4,100,FALSE
Pennsylvania,4218630,Penn Manor School District,330,3300,96.4,100,100,100,97,FALSE
South Dakota,4644770,Lyman School District 42-1,28,280,96.4,96.4,100,100,100,FALSE
Washington,5300380,Battle Ground School District,580,5800,96.4,100,100,100,98.1,FALSE
Wisconsin,5513500,Sevastopol School District,28,280,96.4,100,100,100,96.4,FALSE
Wisconsin,5515480,Big Foot Union High School District,55,550,96.4,100,96.4,100,100,FALSE
Alaska,200710,Southwest Region School District,54,540,96.3,98.1,96.3,100,100,FALSE
Arkansas,503090,Bergman School District,27,270,96.3,100,100,100,96.3,FALSE
Michigan,2617520,Hamtramck Public Schools,328,3280,96.3,100,100,100,96.3,FALSE
Texas,4828350,Louise Independent School District,27,270,96.3,100,100,100,96.3,FALSE
Texas,4828410,Lovelady Independent School District,27,270,96.3,100,96.3,100,100,FALSE
Texas,4834800,Pewitt Consolidated Independent School District,27,270,96.3,100,96.3,100,100,FALSE
Texas,4844470,Brazos Independent School District,27,270,96.3,100,96.3,100,100,FALSE
Utah,4900840,Rich School District,27,270,96.3,100,96.3,100,100,FALSE
Wisconsin,5511970,Port Edwards School District,27,270,96.3,100,100,100,100,FALSE
Arizona,403290,Ganado Unified District,26,260,96.2,100,96.2,100,100,FALSE
California,600015,Lucerne Valley Unified School District,53,530,96.2,100,100,100,96.2,FALSE
Illinois,1715490,Forrestville Valley Community Unit School District 221,26,260,96.2,100,96.2,100,100,FALSE
Illinois,1732770,Princeville Community Unit School District 326,26,260,96.2,96.2,96.2,96.2,100,FALSE
Indiana,1806270,Manchester Community Schools,53,530,96.2,96.2,100,100,100,FALSE
Missouri,2910320,Sherwood Cass R-VIII School District,26,260,96.2,100,96.2,100,100,FALSE
Missouri,2914320,Hickory County R-I School District,53,530,96.2,100,96.2,100,100,FALSE
Oklahoma,4010890,Empire Public Schools,26,260,96.2,100,100,100,96.2,FALSE
Pennsylvania,4203450,Bermudian Springs School District,53,530,96.2,100,100,100,96.2,FALSE
Wyoming,5604500,Uinta County School District 4,26,260,96.2,96.2,100,100,100,FALSE
California,630210,Perris Union High School District,388,3880,96.1,100,100,96.6,100,FALSE
Pennsylvania,4214730,Marion Center Area School District,76,760,96.1,100,96.1,96.1,100,FALSE
Wisconsin,5510770,Norwalk-Ontario-Wilton School District,51,510,96.1,100,96.1,96.1,100,FALSE
California,636800,Sierra Sands Unified School District,328,3280,96,100,100,100,99.1,FALSE
California,643560,Yucaipa-Calimesa Joint Unified School District,496,4960,96,100,100,100,98,FALSE
Idaho,1602970,Snake River School District 52,50,500,96,100,100,100,96,FALSE
Minnesota,2730450,Red Lake Falls Public School District,25,250,96,100,100,96,100,FALSE
Missouri,2925590,Princeton R-V School District,25,250,96,100,96,96,100,FALSE
Ohio,3904915,Western Local School District,25,250,96,96,96,100,100,FALSE
Oklahoma,4002910,Amber-Pocasset Public Schools,25,250,96,100,96,100,100,FALSE
Oklahoma,4015990,Kansas Public Schools,25,250,96,100,100,100,100,FALSE
Pennsylvania,4202480,Antietam School District,50,500,96,100,100,100,98,FALSE
Wisconsin,5504980,North Crawford School District,25,250,96,100,96,96,100,FALSE
Alaska,200625,Northwest Arctic Borough School District,73,730,95.9,100,95.9,100,100,FALSE
Ohio,3905058,Southeast Local School District,219,2190,95.9,100,100,100,95.9,FALSE
Pennsylvania,4221150,Yough School District,98,980,95.9,96.9,100,100,99,FALSE
Texas,4842210,Tarkington Independent School District,123,1230,95.9,100,95.9,100,100,FALSE
California,691135,Val Verde Unified School District,684,6840,95.8,100,100,99.9,100,FALSE
Colorado,804920,Weld County School District RE-3J,166,1660,95.8,100,96.4,99.4,100,FALSE
Hawaii,1500030,Hawaii Department of Education,9536,95360,95.8,99.9,100,99.8,96.9,FALSE
Idaho,1601290,Grace Joint School District 148,24,240,95.8,100,95.8,95.8,100,FALSE
Kansas,2010800,West Franklin Unified School District 287,24,240,95.8,100,95.8,100,100,FALSE
Kentucky,2103330,Leslie County School District,48,480,95.8,95.8,100,100,100,FALSE
Michigan,2616020,Glen Lake Community Schools,24,240,95.8,100,100,95.8,100,FALSE
Nebraska,3100077,Dundy County Stratton Public Schools,24,240,95.8,100,95.8,100,100,FALSE
South Dakota,4646380,McLaughlin School District 15-2,24,240,95.8,95.8,95.8,100,100,FALSE
Washington,5305310,Mount Baker School District,71,710,95.8,95.8,98.6,100,100,FALSE
Washington,5306870,Prescott School District,24,240,95.8,100,95.8,100,100,FALSE
Wisconsin,5505910,Greendale School District,119,1190,95.8,100,100,100,100,FALSE
Wisconsin,5506480,Hillsboro School District,48,480,95.8,100,97.9,100,97.9,FALSE
Wisconsin,5506810,Independence School District,24,240,95.8,100,95.8,100,100,FALSE
Alaska,200610,North Slope Borough School District,70,700,95.7,100,95.7,100,100,FALSE
Arizona,400720,Antelope Union High School District,23,230,95.7,95.7,100,100,100,FALSE
California,638610,Sutter Union High School District,46,460,95.7,100,100,100,95.7,FALSE
Georgia,1303750,Montgomery County School District,46,460,95.7,100,95.7,100,95.7,FALSE
Indiana,1807710,North Daviess Community Schools,117,1170,95.7,100,100,100,95.7,FALSE
Kansas,2006930,Southern Lyon County Unified School District 252,23,230,95.7,95.7,95.7,100,100,FALSE
Montana,3007410,Corvallis K-12 Schools,46,460,95.7,95.7,100,100,95.7,FALSE
New York,3600006,Cherry Valley-Springfield Central School District,23,230,95.7,100,95.7,100,100,FALSE
Ohio,3904750,Ridgemont Local School District,23,230,95.7,100,100,100,95.7,FALSE
Oklahoma,4018630,Luther Public Schools,46,460,95.7,100,97.8,100,95.7,FALSE
Pennsylvania,4218810,Penns Valley Area School District,94,940,95.7,100,100,98.9,97.9,FALSE
Texas,4812510,Callisburg Independent School District,47,470,95.7,100,95.7,100,100,FALSE
Colorado,804200,Weld County School District RE-1,114,1140,95.6,100,95.6,100,100,FALSE
New York,3628620,Taconic Hills Central School District,45,450,95.6,97.8,95.6,100,100,FALSE
Arizona,402600,Duncan Unified District,22,220,95.5,95.5,100,100,100,FALSE
Arkansas,511880,Quitman School District,22,220,95.5,95.5,100,100,95.5,FALSE
Georgia,1300090,Atkinson County School District,66,660,95.5,98.5,95.5,100,95.5,FALSE
Illinois,1742990,Shawnee Community Unit School District 84,22,220,95.5,100,95.5,100,100,FALSE
Iowa,1906240,Cardinal Community School District,22,220,95.5,100,95.5,100,95.5,FALSE
Michigan,2603570,Atlanta Community Schools,22,220,95.5,95.5,100,100,100,FALSE
New York,3610530,Ellicottville Central School District,22,220,95.5,100,100,100,95.5,FALSE
New York,3627660,Southwestern Central School District at Jamestown,44,440,95.5,100,100,100,95.5,FALSE
North Carolina,3703720,Polk County Schools,66,660,95.5,100,100,100,95.5,FALSE
North Dakota,3810270,Killdeer Public School District 16,22,220,95.5,100,100,100,95.5,FALSE
Oklahoma,4021780,Chisholm Public Schools,22,220,95.5,100,100,100,100,FALSE
Tennessee,4704490,West Carroll Special District,44,440,95.5,100,95.5,100,100,FALSE
Texas,4825230,Keene Independent School District,22,220,95.5,100,100,100,100,FALSE
Washington,5303510,Highland School District,67,670,95.5,100,95.5,100,100,FALSE
Washington,5305460,Naches Valley School District,66,660,95.5,100,100,100,95.5,FALSE
Wyoming,5605690,Sheridan County School District 1,22,220,95.5,100,100,100,95.5,FALSE
California,623160,Lynwood Unified School District,460,4600,95.4,100,100,100,100,FALSE
Indiana,1803000,East Washington School Corporation,65,650,95.4,100,95.4,100,100,FALSE
Ohio,3910033,Northwestern Local School District,65,650,95.4,100,98.5,100,96.9,FALSE
Arizona,407860,Solomon Elementary District,43,430,95.3,100,95.3,100,100,FALSE
Arizona,408020,St. David Unified District,43,430,95.3,100,95.3,100,100,FALSE
Indiana,1808340,Oak Hill United School Corporation,43,430,95.3,100,95.3,100,100,FALSE
Kansas,2008430,Leavenworth Unified School District 453,191,1910,95.3,100,100,100,100,FALSE
Michigan,2635220,Warren Woods Public Schools,172,1720,95.3,100,100,100,100,FALSE
Washington,5300950,Cascade School District,64,640,95.3,96.9,95.3,100,100,FALSE
Washington,5304020,Kiona-Benton City School District,107,1070,95.3,100,100,100,100,FALSE
Wisconsin,5513800,Shorewood School District,129,1290,95.3,100,100,100,100,FALSE
Illinois,1701395,Mercer County School District 404,62,620,95.2,100,100,100,100,FALSE
Illinois,1710240,North Wayne Community Unit School District 200,21,210,95.2,100,95.2,100,100,FALSE
Indiana,1803480,Fairfield Community Schools,166,1660,95.2,100,100,100,95.2,FALSE
Kansas,2003200,Auburn-Washburn Unified School District 437,250,2500,95.2,100,98.4,99.6,100,FALSE
Michigan,2622350,Mancelona Public Schools,42,420,95.2,100,100,100,100,FALSE
Michigan,2629400,Reading Community Schools,42,420,95.2,95.2,100,100,100,FALSE
Missouri,2910650,North Wood R-IV School District,21,210,95.2,100,100,100,95.2,FALSE
Missouri,2912450,Spring Bluff R-XV School District,21,210,95.2,100,100,100,100,FALSE
Nevada,3200330,Mineral County School District,42,420,95.2,100,95.2,100,100,FALSE
New York,3626160,Schuylerville Central School District,62,620,95.2,100,100,95.2,100,FALSE
Pennsylvania,4206480,Conestoga Valley School District,311,3110,95.2,100,100,100,99,FALSE
South Dakota,4647942,Miller Area School District 29-4,21,210,95.2,95.2,100,100,95.2,FALSE
Texas,4815990,Culberson County-Allamoore Independent School District,21,210,95.2,100,95.2,100,95.2,FALSE
Texas,4832910,Normangee Independent School District,21,210,95.2,100,100,100,95.2,FALSE
Utah,4901170,Wayne School District,21,210,95.2,100,95.2,100,100,FALSE
North Carolina,3700383,Camp Lejeune Schools,325,3250,95.1,100,100,100,95.1,FALSE
Washington,5309300,Vashon Island School District,41,410,95.1,100,95.1,100,100,FALSE
Arkansas,500071,Hillcrest School District,40,400,95,100,100,95,100,FALSE
Idaho,1601380,Hagerman Joint School District 233,20,200,95,100,100,95,100,FALSE
Kansas,2000029,Rock Hills Unified School District 107,20,200,95,100,95,95,100,FALSE
Kansas,2010590,Peabody-Burns Unified School District 398,20,200,95,100,95,95,100,FALSE
Michigan,2619170,Inland Lakes Schools,20,200,95,95,100,95,100,FALSE
Minnesota,2709690,Cromwell-Wright Public Schools,20,200,95,100,100,95,100,FALSE
New Mexico,3500930,Estancia Municipal Schools,20,200,95,100,100,95,100,FALSE
New York,3611400,Frankfort-Schuyler Central School District,40,400,95,100,100,95,100,FALSE
New York,3616380,La Fargeville Central School District,20,200,95,100,95,95,100,FALSE
Ohio,3904626,Northwestern Local School District,60,600,95,100,95,100,100,FALSE
Ohio,3905068,Elmwood Local School District,60,600,95,100,96.7,98.3,100,FALSE
South Dakota,4680439,Irene-Wakonda School District 13-3,20,200,95,100,95,95,100,FALSE
Texas,4822350,Happy Independent School District,20,200,95,100,95,100,100,FALSE
Arkansas,512480,Sloan-Hendrix School District,39,390,94.9,100,100,100,94.9,FALSE
California,625860,Morongo Unified School District,605,6050,94.9,100,100,98.8,98,FALSE
California,634170,San Bernardino City Unified School District,2398,23980,94.9,100,100,100,100,FALSE
Georgia,1313215,Muscogee County for Fort Benning,138,1380,94.9,100,100,100,94.9,FALSE
Illinois,1733270,Reavis Township High School District 220,236,2360,94.9,100,100,100,100,FALSE
Indiana,1806240,Madison-Grant United School Corporation,59,590,94.9,100,94.9,100,100,FALSE
Michigan,2608130,Carson City-Crystal Area School District,59,590,94.9,98.3,100,96.6,100,FALSE
Michigan,2612960,Montabella Community Schools,78,780,94.9,97.4,100,100,97.4,FALSE
Virginia,5100930,Colonial Beach Town Public Schools,39,390,94.9,100,100,100,100,FALSE
Washington,5304380,Liberty School District,39,390,94.9,100,100,100,94.9,FALSE
California,600014,Hesperia Unified School District,903,9030,94.8,100,100,98.2,97.7,FALSE
Indiana,1810920,Speedway School Town,191,1910,94.8,100,100,100,96.9,FALSE
Virginia,5102580,Nelson County Public Schools,116,1160,94.8,100,95.7,100,99.1,FALSE
Arizona,403150,Fort Huachuca Accommodation District,57,570,94.7,100,100,100,96.5,FALSE
Connecticut,900660,Canterbury School District,19,190,94.7,100,94.7,100,100,FALSE
Illinois,1731890,Pleasant Hill Community Unit School District 3,19,190,94.7,100,94.7,100,100,FALSE
Indiana,1808160,Northeast School Corporation,38,380,94.7,100,94.7,100,100,FALSE
Indiana,1809840,Daleville Community Schools,38,380,94.7,100,100,100,94.7,FALSE
Indiana,1813230,Whitko Community School Corporation,76,760,94.7,100,100,100,94.7,FALSE
Kansas,2006420,Gardner Edgerton Unified School District 231,283,2830,94.7,100,100,100,100,FALSE
Kansas,2011100,Riley County Unified School District 378,38,380,94.7,100,97.4,100,100,FALSE
Michigan,2608160,Carsonville-Port Sanilac School District,19,190,94.7,94.7,100,100,100,FALSE
Missouri,2922830,North Platte County R-I School District,38,380,94.7,100,100,94.7,100,FALSE
Missouri,2923790,Pemiscot County R-III School District,19,190,94.7,100,100,100,100,FALSE
Missouri,2931710,West Platte County R-II School District,19,190,94.7,100,94.7,100,100,FALSE
New Hampshire,3304890,Monadnock Regional School District,75,750,94.7,100,94.7,100,97.3,FALSE
New York,3600003,Edwards-Knox Central School District,38,380,94.7,100,94.7,100,100,FALSE
Ohio,3904601,Union Local School District,57,570,94.7,98.2,96.5,100,100,FALSE
Oklahoma,4027630,Shidler Public Schools,19,190,94.7,100,94.7,100,100,FALSE
South Dakota,4679350,Willow Lake School District 12-3,19,190,94.7,100,94.7,94.7,100,FALSE
Texas,4838400,S and S Consolidated Independent School District,19,190,94.7,100,94.7,100,100,FALSE
Virginia,5102730,Northumberland County Public Schools,57,570,94.7,100,100,100,94.7,FALSE
Washington,5306450,Orting School District,169,1690,94.7,100,100,100,95.9,FALSE
Wyoming,5604260,Uinta County School District 6,19,190,94.7,94.7,100,100,94.7,FALSE
Illinois,1705460,Beecher City Community Unit School District 20,37,370,94.6,100,94.6,100,100,FALSE
Indiana,1809000,East Porter County School Corporation,56,560,94.6,100,100,100,94.6,FALSE
Michigan,2628170,Pinconning Area Schools,74,740,94.6,98.6,100,98.6,98.6,FALSE
Arizona,402920,Florence Unified School District,837,8370,94.5,100,100,100,95.1,FALSE
Idaho,1602100,Meridian Joint School District 2,1652,16520,94.5,100,100,100,98.2,FALSE
Pennsylvania,4220430,Riverview School District,55,550,94.5,100,100,100,100,FALSE
Arkansas,502280,Alpena School District,36,360,94.4,100,100,100,94.4,FALSE
Colorado,803240,De Beque School District 49-JT,18,180,94.4,100,94.4,100,100,FALSE
Illinois,1710820,Westville Community Unit School District 2,71,710,94.4,100,98.6,98.6,100,FALSE
Illinois,1735970,Indian Creek Community Unit District 425,18,180,94.4,100,94.4,100,100,FALSE
Indiana,1806570,Michigan City Area Schools,301,3010,94.4,95,100,100,100,FALSE
Indiana,1810800,Southwestern Jefferson County Consolidated Schools,72,720,94.4,94.4,94.4,100,100,FALSE
Kansas,2005800,Ell-Saline Unified School District 307,18,180,94.4,100,94.4,100,100,FALSE
Kansas,2008880,Little River Unified School District 444,18,180,94.4,100,94.4,100,100,FALSE
Maine,2308250,Milford,18,180,94.4,100,100,94.4,94.4,FALSE
Michigan,2622740,Marcellus Community Schools,36,360,94.4,100,100,94.4,100,FALSE
Minnesota,2717940,Laporte Public School District,18,180,94.4,100,94.4,100,100,FALSE
Nebraska,3102790,Ainsworth Community Schools,18,180,94.4,94.4,94.4,94.4,94.4,FALSE
New Hampshire,3304960,Moultonborough School District,18,180,94.4,100,94.4,100,94.4,FALSE
North Dakota,3810500,Kulm Public School District 7,18,180,94.4,100,94.4,94.4,100,FALSE
North Dakota,3817040,Velva Public School District 1,18,180,94.4,100,100,100,94.4,FALSE
Oklahoma,4003120,Arapaho Public Schools,18,180,94.4,100,94.4,100,100,FALSE
Oklahoma,4006000,Butner Public Schools,18,180,94.4,100,94.4,100,100,FALSE
Oklahoma,4006330,Cameron Public Schools,18,180,94.4,100,100,100,94.4,FALSE
South Dakota,4619580,Jones County School District 37-3,18,180,94.4,94.4,100,94.4,100,FALSE
Tennessee,4701620,Hancock County School District,54,540,94.4,100,98.1,100,100,FALSE
Texas,4824480,Itasca Independent School District,36,360,94.4,100,94.4,100,100,FALSE
Texas,4833660,Olton Independent School District,36,360,94.4,100,94.4,100,100,FALSE
Wisconsin,5509000,Melrose-Mindoro School District,36,360,94.4,100,97.2,100,97.2,FALSE
Wisconsin,5515930,Wausaukee School District,18,180,94.4,100,94.4,100,100,FALSE
California,623940,Mariposa County Unified School District,53,530,94.3,96.2,100,98.1,96.2,FALSE
Indiana,1802130,Clinton Central School Corporation,70,700,94.3,100,94.3,100,100,FALSE
Missouri,2911550,Cole County R-V School District,53,530,94.3,100,94.3,100,100,FALSE
Montana,3000656,Lockwood K-12,53,530,94.3,98.1,100,100,100,FALSE
New York,3615300,Indian River Central School District,261,2610,94.3,100,100,95.4,100,FALSE
New York,3630240,Watkins Glen Central School District,35,350,94.3,100,100,100,97.1,FALSE
Pennsylvania,4202190,Allegheny Valley School District,53,530,94.3,100,100,100,94.3,FALSE
Virginia,5100180,Amelia County Public Schools,88,880,94.3,98.9,96.6,100,100,FALSE
Alabama,100001,Fort Rucker School District,104,1040,94.2,100,100,100,94.2,FALSE
California,601421,Santa Paula Unified School District,243,2430,94.2,100,100,100,100,FALSE
California,626490,Muroc Joint Unified School District,86,860,94.2,100,100,100,94.2,FALSE
Colorado,803750,Ellicott School District 22,86,860,94.2,100,94.2,100,100,FALSE
Michigan,2636120,White Pigeon Community Schools,52,520,94.2,100,100,100,100,FALSE
Washington,5304200,Lake Stevens School District,446,4460,94.2,100,100,100,100,FALSE
Arkansas,500030,Nevada School District,17,170,94.1,94.1,100,100,100,FALSE
Idaho,1602070,Melba Joint School District 136,17,170,94.1,100,94.1,100,100,FALSE
Illinois,1724900,Martinsville Community Unit School District 3C,17,170,94.1,100,94.1,94.1,100,FALSE
Illinois,1743800,Zeigler-Royalton Community Unit School District 188,17,170,94.1,94.1,94.1,100,94.1,FALSE
Indiana,1802970,East Noble School Corporation,153,1530,94.1,100,94.1,100,100,FALSE
Indiana,1810380,South Henry School Corporation,17,170,94.1,94.1,100,100,100,FALSE
Kansas,2005640,Easton Unified School District 449,17,170,94.1,100,94.1,100,100,FALSE
Kansas,2010170,Onaga-Havensville-Wheaton Unified School District 322,17,170,94.1,100,100,94.1,100,FALSE
Michigan,2623520,Mendon Community School District,17,170,94.1,100,100,94.1,100,FALSE
Minnesota,2712480,Fulda Public School District,17,170,94.1,100,100,94.1,100,FALSE
Missouri,2916660,Kingsville R-I School District,17,170,94.1,100,100,100,94.1,FALSE
Missouri,2921420,Scott County Central Schools,17,170,94.1,100,100,100,94.1,FALSE
Missouri,2923040,Oak Hill R-I School District,17,170,94.1,94.1,100,100,94.1,FALSE
Missouri,2930720,Valley R-VI School District,17,170,94.1,100,94.1,94.1,100,FALSE
New Jersey,3410680,Moonachie Borough School District,17,170,94.1,100,100,100,100,FALSE
North Dakota,3806360,Emerado Public School District 127,17,170,94.1,100,94.1,100,100,FALSE
North Dakota,3816980,Solen Public School District 3,17,170,94.1,100,94.1,100,100,FALSE
Ohio,3904899,Antwerp Local School District,34,340,94.1,100,94.1,100,100,FALSE
Oklahoma,4014080,Haworth Public Schools,17,170,94.1,94.1,100,94.1,100,FALSE
Oklahoma,4031500,Wanette Public Schools,17,170,94.1,100,94.1,100,94.1,FALSE
Pennsylvania,4208460,Eastern Lebanon County School District,135,1350,94.1,100,100,100,94.1,FALSE
Pennsylvania,4212300,Jamestown Area School District,17,170,94.1,94.1,100,100,100,FALSE
South Dakota,4601028,Selby School District 62-5,17,170,94.1,100,94.1,100,100,FALSE
Texas,4837800,Roosevelt Independent School District,17,170,94.1,100,100,100,94.1,FALSE
Texas,4844910,Wellman-Union Consolidated Independent School District,17,170,94.1,100,94.1,100,100,FALSE
Virginia,5101690,Grayson County Public Schools,68,680,94.1,95.6,100,100,100,FALSE
Wisconsin,5516470,Weston School District,17,170,94.1,100,94.1,100,100,FALSE
Indiana,1802850,East Allen County Schools,671,6710,94,100,100,100,97.2,FALSE
Indiana,1802910,Lake Station Community Schools,67,670,94,100,95.5,100,100,FALSE
Indiana,1810470,South Newton School Corporation,50,500,94,96,98,100,100,FALSE
Missouri,2912290,Fort Osage R-I School District,317,3170,94,100,97.8,100,98.1,FALSE
Pennsylvania,4211010,Greencastle-Antrim School District,166,1660,94,100,100,100,94.6,FALSE
Tennessee,4701830,Henry County School District,134,1340,94,98.5,96.3,99.3,98.5,FALSE
Wisconsin,5511310,Owen-Withee School District,50,500,94,100,94,100,100,FALSE
Michigan,2607530,Byron Area Schools,49,490,93.9,100,100,100,93.9,FALSE
Washington,5303090,Goldendale School District,33,330,93.9,100,100,100,93.9,FALSE
Arkansas,513560,Viola School District,16,160,93.8,93.8,100,100,93.8,FALSE
California,605040,Biggs Unified School District,16,160,93.8,100,100,100,100,FALSE
California,606580,Butte Valley Unified School District,16,160,93.8,100,100,100,93.8,FALSE
Illinois,1740080,Valmeyer Community Unit School District 3,16,160,93.8,100,93.8,100,93.8,FALSE
Iowa,1999019,Southeast Valley Community School District,48,480,93.8,100,100,95.8,97.9,FALSE
Maine,2308400,Moosabec Community School District,16,160,93.8,100,93.8,100,100,FALSE
Maine,2311250,School Administrative District 31,32,320,93.8,100,93.8,100,100,FALSE
Mississippi,2801110,Coahoma County School District,80,800,93.8,97.5,100,100,95,FALSE
Missouri,2921660,Northeast Nodaway County R-V School District,16,160,93.8,100,93.8,100,100,FALSE
Montana,3010170,Fairfield High School District,16,160,93.8,100,100,93.8,93.8,FALSE
Montana,3013400,Harlem High School District,32,320,93.8,93.8,100,96.9,100,FALSE
Nebraska,3100070,Amherst Public Schools,16,160,93.8,100,100,100,100,FALSE
Nebraska,3172000,Homer Community Schools,16,160,93.8,100,93.8,100,100,FALSE
New Mexico,3501950,Mountainair Public Schools,16,160,93.8,100,100,93.8,100,FALSE
New York,3604757,Gilbertsville-Mount Upton Central School District,16,160,93.8,100,100,100,100,FALSE
New York,3606900,Central Square Central School District,176,1760,93.8,100,96.6,98.9,100,FALSE
North Dakota,3805160,Divide County Public School District 1,16,160,93.8,100,100,93.8,93.8,FALSE
North Dakota,3810860,Larimore Public School District 44,16,160,93.8,100,93.8,93.8,93.8,FALSE
Oklahoma,4005340,Bray-Doyle Public Schools,16,160,93.8,100,93.8,100,100,FALSE
Oklahoma,4006390,Canadian Public Schools,16,160,93.8,100,93.8,100,93.8,FALSE
Oklahoma,4013950,Haskell Public Schools,32,320,93.8,100,100,100,100,FALSE
Oklahoma,4029040,Strother Public Schools,16,160,93.8,100,93.8,100,100,FALSE
Pennsylvania,4206090,Clarion-Limestone Area School District,48,480,93.8,100,100,100,93.8,FALSE
Pennsylvania,4219350,Plum Borough School District,176,1760,93.8,100,100,100,96.6,FALSE
Pennsylvania,4221690,Smethport Area School District,32,320,93.8,100,93.8,100,100,FALSE
South Dakota,4678300,Deubrook School District 05-6,16,160,93.8,100,93.8,100,100,FALSE
Texas,4840800,Sonora Independent School District,32,320,93.8,100,96.9,96.9,96.9,FALSE
Texas,4842780,Throckmorton Collegiate Independent School District,16,160,93.8,100,93.8,100,100,FALSE
Virginia,5100720,Charles City County Public Schools,32,320,93.8,93.8,93.8,100,100,FALSE
Washington,5300060,Adna School District,16,160,93.8,100,100,100,93.8,FALSE
West Virginia,5401590,Wirt County School District,32,320,93.8,96.9,96.9,100,93.8,FALSE
Wisconsin,5500630,Augusta School District,65,650,93.8,100,96.9,98.5,100,FALSE
Arkansas,510200,Mountain View School District,79,790,93.7,100,98.7,98.7,93.7,FALSE
Kansas,2012990,Wichita Unified School District 259,2443,24430,93.7,100,99.8,99.9,99.6,FALSE
California,636970,Snowline Joint Unified School District,437,4370,93.6,100,100,99.8,98.2,FALSE
Pennsylvania,4215810,Montrose Area School District,47,470,93.6,100,100,95.7,97.9,FALSE
Texas,4844410,Wall Independent School District,78,780,93.6,100,100,100,98.7,FALSE
Washington,5309360,Wahluke School District,47,470,93.6,93.6,95.7,100,93.6,FALSE
Alaska,200050,Alaska Gateway School District,31,310,93.5,93.5,93.5,100,100,FALSE
California,600160,Yosemite Unified School District,62,620,93.5,100,100,98.4,95.2,FALSE
Indiana,1801560,Centerville-Abington Community Schools,46,460,93.5,100,100,100,93.5,FALSE
Michigan,2627720,Pellston Public Schools,31,310,93.5,96.8,100,96.8,96.8,FALSE
Minnesota,2725140,Osakis Public School District,31,310,93.5,93.5,100,93.5,100,FALSE
Ohio,3905051,Wolf Creek Local School District,31,310,93.5,100,100,100,93.5,FALSE
Oklahoma,4030960,Vanoss Public Schools,46,460,93.5,100,97.8,100,95.7,FALSE
Alabama,100300,Barbour County School District,61,610,93.4,100,98.4,100,95.1,FALSE
Montana,3023970,Shepherd High School District,61,610,93.4,100,100,93.4,100,FALSE
Ohio,3904639,Clinton-Massie Local School District,61,610,93.4,98.4,98.4,100,95.1,FALSE
Arkansas,508340,Junction City School District,15,150,93.3,93.3,100,100,100,FALSE
Arkansas,510320,South Pike County School District,30,300,93.3,93.3,100,100,93.3,FALSE
Illinois,1700223,Okaw Valley Community Unit School District 302,30,300,93.3,100,93.3,100,100,FALSE
Illinois,1711100,Crab Orchard Community Unit School District 3,15,150,93.3,100,93.3,93.3,100,FALSE
Illinois,1720550,Johnston City Community Unit School District 1,30,300,93.3,100,100,100,100,FALSE
Iowa,1921090,Northeast Community School District,15,150,93.3,100,100,100,93.3,FALSE
Iowa,1925380,Schaller-Crestland Community School District,15,150,93.3,100,93.3,100,100,FALSE
Kansas,2011430,Skyline Schools Unified School District 438,15,150,93.3,100,93.3,100,100,FALSE
Kentucky,2104830,Pikeville Independent School District,30,300,93.3,93.3,100,100,100,FALSE
Missouri,2913290,Green Ridge R-VIII School District,15,150,93.3,100,100,100,93.3,FALSE
Nebraska,3100008,Wisner-Pilger Public Schools,15,150,93.3,93.3,93.3,93.3,93.3,FALSE
New Hampshire,3302580,Deerfield School District,15,150,93.3,100,93.3,100,100,FALSE
New York,3625470,Salem Central School District,15,150,93.3,100,93.3,100,100,FALSE
Ohio,3904773,South Central Local School District,30,300,93.3,100,93.3,100,100,FALSE
Oklahoma,4012570,Geary Public Schools,15,150,93.3,100,100,100,93.3,FALSE
Oklahoma,4016530,Kildare Public School,15,150,93.3,100,93.3,100,100,FALSE
Oklahoma,4016650,Kiowa Public Schools,15,150,93.3,100,93.3,100,100,FALSE
Oklahoma,4018900,Maple Public School,15,150,93.3,100,100,100,93.3,FALSE
Oklahoma,4029886,Mountain View-Gotebo Schools,15,150,93.3,100,93.3,100,100,FALSE
South Carolina,4501250,Calhoun County School District,75,750,93.3,93.3,97.3,100,100,FALSE
Texas,4814010,Christoval Independent School District,15,150,93.3,93.3,93.3,100,93.3,FALSE
Texas,4845000,West Hardin County Consolidated Independent School District,15,150,93.3,100,93.3,100,100,FALSE
Vermont,5000430,Echo Valley Community School District,15,150,93.3,100,93.3,93.3,100,FALSE
Virginia,5100390,Bland County Public Schools,30,300,93.3,93.3,96.7,100,100,FALSE
Washington,5302970,Freeman School District,45,450,93.3,100,93.3,100,100,FALSE
Washington,5305490,Napavine School District,15,150,93.3,100,100,100,100,FALSE
Wisconsin,5506450,Hilbert School District,15,150,93.3,100,93.3,100,100,FALSE
Wisconsin,5512780,Rib Lake School District,15,150,93.3,100,93.3,100,100,FALSE
Wisconsin,5513230,St. Croix Falls School District,45,450,93.3,100,93.3,100,100,FALSE
Wyoming,5600960,Fremont County School District 38,15,150,93.3,100,100,100,100,FALSE
Alabama,102250,Marengo County School District,74,740,93.2,100,94.6,98.6,100,FALSE
Illinois,1714050,Elmwood Community Unit School District 322,59,590,93.2,100,93.2,100,100,FALSE
Indiana,1802040,Northwestern School Corporation,73,730,93.2,100,97.3,100,95.9,FALSE
Michigan,2607710,Camden-Frontier School District,44,440,93.2,100,100,100,100,FALSE
Minnesota,2710060,Dassel-Cokato Public School District,103,1030,93.2,100,100,96.1,100,FALSE
Texas,4824840,Johnson City Independent School District,44,440,93.2,97.7,100,100,100,FALSE
Virginia,5101020,Craig County Public Schools,44,440,93.2,100,100,93.2,100,FALSE
Arizona,405880,Palominas Elementary District,29,290,93.1,100,93.1,100,100,FALSE
Indiana,1800210,Attica Consolidated School Corporation,43,430,93,100,100,100,93,FALSE
Michigan,2618930,Huron School District,86,860,93,100,100,97.7,100,FALSE
Michigan,2622980,Martin Public Schools,43,430,93,95.3,100,95.3,97.7,FALSE
Missouri,2916140,Jasper County R-V School District,43,430,93,100,100,100,93,FALSE
Missouri,2929640,Strafford R-VI School District,57,570,93,100,100,100,93,FALSE
New York,3609900,East Quogue Union Free School District,43,430,93,100,100,100,93,FALSE
Ohio,3904612,Madison Local School District,57,570,93,100,93,100,100,FALSE
Oklahoma,4017760,Liberty Public Schools,43,430,93,100,95.3,100,97.7,FALSE
Wisconsin,5505940,Greenfield School District,157,1570,93,100,100,100,100,FALSE
Alabama,103090,Sumter County School District,84,840,92.9,96.4,100,98.8,97.6,FALSE
Alaska,200210,Juneau Borough School District,28,280,92.9,100,92.9,100,92.9,FALSE
Alaska,200700,Southeast Island School District,28,280,92.9,92.9,96.4,100,100,FALSE
Arkansas,504560,Concord Public Schools,14,140,92.9,100,100,100,92.9,FALSE
Arkansas,507860,Horatio School District,42,420,92.9,100,100,92.9,100,FALSE
Arkansas,510080,Mount Vernon-Enola School District,14,140,92.9,100,100,100,92.9,FALSE
Arkansas,514040,West Side School District,28,280,92.9,100,92.9,100,100,FALSE
California,606028,Exeter Unified School District (9-12),14,140,92.9,100,100,100,92.9,FALSE
Colorado,803030,Plateau Valley School District 50,28,280,92.9,100,92.9,100,100,FALSE
Georgia,1302370,Glascock County School District,14,140,92.9,100,100,92.9,100,FALSE
Idaho,1600450,Bruneau-Grand View Joint School District 365,28,280,92.9,100,92.9,100,100,FALSE
Illinois,1704440,Astoria Community Unit School District 1,14,140,92.9,100,92.9,100,100,FALSE
Illinois,1709400,Chadwick-Milledgeville Community Unit School District 399,14,140,92.9,100,92.9,92.9,100,FALSE
Illinois,1711610,Dakota Community Unit School District 201,14,140,92.9,100,100,92.9,100,FALSE
Indiana,1800060,Adams Central Community Schools,126,1260,92.9,100,92.9,100,100,FALSE
Kansas,2004170,Altoona-Midway Unified School District 387,14,140,92.9,100,92.9,100,100,FALSE
Missouri,2920280,Marion County R-II School District,14,140,92.9,100,92.9,100,100,FALSE
Missouri,2928290,Silex R-I School District,28,280,92.9,100,92.9,100,100,FALSE
Montana,3017040,Lodge Grass High School District,14,140,92.9,100,92.9,100,100,FALSE
Nebraska,3100178,Southwest Public Schools,14,140,92.9,100,92.9,100,100,FALSE
Nebraska,3175030,Osmond Community Schools,14,140,92.9,100,92.9,92.9,100,FALSE
New York,3622410,Panama Central School District,14,140,92.9,100,92.9,92.9,100,FALSE
New York,3625380,Sag Harbor Union Free School District,28,280,92.9,100,92.9,100,100,FALSE
Oklahoma,4015750,Jennings Public School,14,140,92.9,100,92.9,100,100,FALSE
Oklahoma,4019890,Middleberg Public School,14,140,92.9,100,92.9,100,92.9,FALSE
Oregon,4111250,Sherman School District 1,14,140,92.9,100,100,92.9,100,FALSE
Pennsylvania,4217700,Northern Potter School District,14,140,92.9,100,100,100,92.9,FALSE
Pennsylvania,4223040,Susquenita School District,84,840,92.9,100,100,100,92.9,FALSE
South Dakota,4603720,Arlington School District 38-1,14,140,92.9,100,92.9,100,100,FALSE
South Dakota,4616950,Custer School District 16-1,28,280,92.9,100,100,92.9,100,FALSE
South Dakota,4621390,Elkton School District 05-3,28,280,92.9,100,92.9,100,100,FALSE
Tennessee,4700450,Cannon County School District,99,990,92.9,100,93.9,99,100,FALSE
Texas,4813980,Chireno Independent School District,14,140,92.9,100,92.9,100,100,FALSE
Texas,4815600,Crawford Independent School District,28,280,92.9,100,100,96.4,92.9,FALSE
Texas,4816140,D'Hanis Independent School District,14,140,92.9,100,100,100,100,FALSE
Wisconsin,5505280,Gilman School District,14,140,92.9,100,92.9,100,100,FALSE
Wisconsin,5516590,White Lake School District,14,140,92.9,100,92.9,100,100,FALSE
Georgia,1302790,Heard County School District,97,970,92.8,100,92.8,100,97.9,FALSE
Minnesota,2700008,St. Louis County School District,110,1100,92.7,99.1,98.2,94.5,100,FALSE
Mississippi,2802640,Lincoln County School District,109,1090,92.7,97.2,100,100,95.4,FALSE
New York,3600002,Sauquoit Valley Central School District,41,410,92.7,100,100,97.6,100,FALSE
New York,3605820,Brushton-Moira Central School District,41,410,92.7,100,92.7,100,100,FALSE
Arkansas,508240,Jasper School District,27,270,92.6,96.3,100,100,92.6,FALSE
Georgia,1303090,Jenkins County School District,27,270,92.6,96.3,96.3,100,92.6,FALSE
Illinois,1730660,Panhandle Community Unit School District 2,27,270,92.6,100,96.3,96.3,100,FALSE
Illinois,1735940,Sesser-Valier Community Unit School District 196,27,270,92.6,100,96.3,100,96.3,FALSE
Indiana,1808040,Tipton County Northern Community School Corporation,27,270,92.6,100,96.3,100,96.3,FALSE
Indiana,1808940,Pioneer Regional School Corporation,27,270,92.6,100,92.6,100,100,FALSE
Indiana,1811260,Tell City-Troy Township School Corporation,81,810,92.6,100,100,100,100,FALSE
Iowa,1917820,Louisa-Muscatine Community School District,27,270,92.6,100,100,92.6,100,FALSE
Michigan,2618030,Hazel Park City School District,81,810,92.6,100,100,100,93.8,FALSE
Minnesota,2717570,Lake of the Woods School District,27,270,92.6,96.3,100,96.3,100,FALSE
New York,3600007,Jasper-Troupsburg Central School District,27,270,92.6,92.6,100,100,100,FALSE
Texas,4844940,Wells Independent School District,27,270,92.6,96.3,96.3,100,100,FALSE
Washington,5301440,Colfax School District,27,270,92.6,100,100,100,92.6,FALSE
Washington,5304590,Lyle School District,27,270,92.6,100,92.6,100,100,FALSE
Arizona,408410,Thatcher Unified District,53,530,92.5,100,100,100,100,FALSE
California,600035,Farmersville Unified School District,53,530,92.5,100,100,100,100,FALSE
California,637590,Southern Humboldt Joint Unified School District,40,400,92.5,100,100,100,92.5,FALSE
Florida,1201170,Liberty County School District,40,400,92.5,100,92.5,100,100,FALSE
Indiana,1804260,Hamilton Heights School Corporation,53,530,92.5,100,92.5,100,100,FALSE
Indiana,1810140,Shelbyville Central Schools,254,2540,92.5,100,100,100,100,FALSE
New Mexico,3500660,Cuba Independent Schools,40,400,92.5,100,92.5,97.5,100,FALSE
North Dakota,3817910,Surrey Public School District 41,40,400,92.5,100,97.5,97.5,97.5,FALSE
Ohio,3904910,Westfall Local School District,53,530,92.5,94.3,94.3,100,98.1,FALSE
Pennsylvania,4213110,Lampeter-Strasburg School District,187,1870,92.5,100,100,100,92.5,FALSE
Virginia,5102370,Madison County Public Schools,107,1070,92.5,92.5,92.5,100,96.3,FALSE
California,614880,Garden Grove Unified School District,1583,15830,92.4,100,100,100,98.7,FALSE
Louisiana,2201950,West Carroll Parish School District,66,660,92.4,100,93.9,100,100,FALSE
Alaska,200010,Aleutian Region School District,13,130,92.3,100,92.3,100,100,FALSE
Arkansas,503840,Calico Rock School District,13,130,92.3,92.3,100,100,100,FALSE
Arkansas,505190,Des Arc Public Schools,26,260,92.3,92.3,92.3,100,92.3,FALSE
Arkansas,512930,Strong School District,13,130,92.3,92.3,100,100,100,FALSE
Colorado,802550,Briggsdale School District RE-10,26,260,92.3,100,92.3,100,100,FALSE
Kansas,2004790,Cheylin Unified School District 103,13,130,92.3,100,92.3,100,100,FALSE
Kansas,2006060,Mission Valley Unified School District 330,26,260,92.3,100,92.3,100,100,FALSE
Maine,2382003,Franklin Unorganized Territory,13,130,92.3,100,100,100,92.3,FALSE
Michigan,2601890,Adams Township School District,13,130,92.3,100,100,100,100,FALSE
Michigan,2625650,North Adams-Jerome Schools,26,260,92.3,96.2,100,92.3,100,FALSE
Minnesota,2712180,Fisher Public School District,13,130,92.3,100,92.3,100,100,FALSE
Missouri,2906000,Linn County R-I School District,13,130,92.3,100,92.3,100,100,FALSE
Missouri,2911100,East Carter County R-II School District,26,260,92.3,100,100,92.3,100,FALSE
Missouri,2923310,Otterville R-VI School District,13,130,92.3,100,92.3,100,100,FALSE
New Hampshire,3306030,Rye School District,13,130,92.3,100,100,100,92.3,FALSE
New York,3600018,Chautauqua Lake Central School District,26,260,92.3,100,92.3,100,100,FALSE
New York,3603630,Avoca Central School District,26,260,92.3,100,100,92.3,100,FALSE
New York,3606360,Canaseraga Central School District,13,130,92.3,100,100,100,92.3,FALSE
New York,3614250,Hermon-DeKalb Central School District,26,260,92.3,100,92.3,100,100,FALSE
New York,3625110,Roxbury Central School District,13,130,92.3,100,100,92.3,100,FALSE
North Dakota,3800044,Northern Cass Public School District 97,26,260,92.3,100,92.3,100,100,FALSE
Oklahoma,4019620,Medford Public Schools,13,130,92.3,100,92.3,100,100,FALSE
Oklahoma,4025500,Rattan Public Schools,13,130,92.3,92.3,92.3,100,100,FALSE
Oklahoma,4028590,Sterling Public Schools,13,130,92.3,100,92.3,100,100,FALSE
Oklahoma,4030300,Turner Public Schools,13,130,92.3,100,92.3,100,100,FALSE
Oregon,4103780,Crow-Applegate-Lorane Sd 66,13,130,92.3,100,100,100,92.3,FALSE
Oregon,4112930,Vernonia School District 47J,26,260,92.3,92.3,100,100,92.3,FALSE
Pennsylvania,4212725,Keystone Central School District,233,2330,92.3,99.6,100,100,92.7,FALSE
South Dakota,4648780,Montrose School District 43-2,13,130,92.3,100,92.3,92.3,100,FALSE
Texas,4835340,Poolville Independent School District,39,390,92.3,100,92.3,100,100,FALSE
Texas,4839330,Santa Maria Independent School District,26,260,92.3,100,96.2,100,100,FALSE
Vermont,5000415,Northeast Kingdom Choice School District,13,130,92.3,100,92.3,100,100,FALSE
Virginia,5100540,Buckingham County Public Schools,91,910,92.3,95.6,96.7,100,97.8,FALSE
Virginia,5102070,King and Queen County Public Schools,39,390,92.3,100,92.3,100,100,FALSE
Wisconsin,5505670,Grantsburg School District,26,260,92.3,100,100,100,92.3,FALSE
Wisconsin,5511880,Plum City School District,13,130,92.3,100,92.3,100,100,FALSE
Alabama,100690,Choctaw County School District,77,770,92.2,98.7,98.7,100,94.8,FALSE
Indiana,1810530,South Ripley Community School Corporation,51,510,92.2,100,92.2,100,100,FALSE
Kansas,2010140,Olathe Unified School District 233,1153,11530,92.2,100,100,100,100,FALSE
Kansas,2012180,Shawnee Heights Unified School District 450,129,1290,92.2,100,97.7,98.4,96.9,FALSE
Mississippi,2804800,Yazoo County School District,102,1020,92.2,100,98,100,95.1,FALSE
Illinois,1704020,Argo Community High School District 217,328,3280,92.1,100,100,100,100,FALSE
Illinois,1718840,Herscher Community Unit School District 2,101,1010,92.1,98,98,99,100,FALSE
Missouri,2921000,Miller R-II School District,38,380,92.1,100,92.1,100,100,FALSE
Pennsylvania,4209570,Fairview School District,76,760,92.1,100,100,100,92.1,FALSE
Texas,4814490,Coahoma Independent School District,38,380,92.1,100,97.4,100,94.7,FALSE
Virginia,.,.,191,1910,92.1,99.5,99.5,100,95.8,FALSE
Wisconsin,5516650,Whitehall School District,38,380,92.1,100,92.1,100,100,FALSE
Arizona,403820,Holbrook Unified District,75,750,92,94.7,100,100,92,FALSE
California,629850,Paramount Unified School District,486,4860,92,100,100,100,100,FALSE
Maine,2314300,School Administrative District 58,25,250,92,100,96,100,96,FALSE
Maine,2314844,Richmond Public Schools,25,250,92,100,100,100,92,FALSE
Michigan,2634920,Vestaburg Community Schools,25,250,92,100,100,92,100,FALSE
Missouri,2905640,Crawford County R-I School District,50,500,92,100,98,100,100,FALSE
Missouri,2925140,Pike County R-III School District,25,250,92,100,92,100,100,FALSE
Missouri,2930810,Verona R-VII School District,25,250,92,100,92,100,100,FALSE
Nebraska,3100071,Tekamah-Herman Community Schools,25,250,92,100,92,92,92,FALSE
New Hampshire,3303210,Gilmanton School District,25,250,92,100,100,100,92,FALSE
Ohio,3905023,Southington Local School District,25,250,92,100,92,100,100,FALSE
Oklahoma,4015930,Justus-Tiawah Public School,25,250,92,100,100,100,100,FALSE
South Dakota,4665180,Scotland School District 04-3,25,250,92,92,92,92,100,FALSE
Texas,4816080,Cushing Independent School District,25,250,92,100,92,100,100,FALSE
Utah,4900480,Kane School District,50,500,92,100,92,100,92,FALSE
Illinois,1700324,Sangamon Valley Community Unit School District 9,37,370,91.9,100,91.9,100,100,FALSE
Kansas,2003780,Basehor-Linwood Unified School District 458,74,740,91.9,100,91.9,100,100,FALSE
Mississippi,2802370,Lafayette County School District,136,1360,91.9,100,100,100,91.9,FALSE
New York,3618690,William Floyd Union Free School District,484,4840,91.9,100,100,100,98.8,FALSE
Ohio,3904968,Seneca East Local School District,37,370,91.9,100,100,100,91.9,FALSE
Pennsylvania,4202970,Baldwin-Whitehall School District,248,2480,91.9,100,100,100,97.2,FALSE
Pennsylvania,4212600,Juniata County School District,161,1610,91.9,96.3,100,97.5,98.1,FALSE
Arkansas,500070,Cedar Ridge School District,49,490,91.8,100,100,100,91.8,FALSE
Kansas,2006540,Goddard Unified School District 265,195,1950,91.8,100,100,100,100,FALSE
New York,3604200,Beaver River Central School District,49,490,91.8,100,95.9,100,100,FALSE
Pennsylvania,4203660,Big Spring School District,158,1580,91.8,100,100,99.4,92.4,FALSE
Pennsylvania,4203750,Blairsville-Saltsburg School District,85,850,91.8,100,91.8,100,100,FALSE
Texas,4825530,Kerens Independent School District,49,490,91.8,100,95.9,100,98,FALSE
Virginia,5103370,Rockbridge County Public Schools,97,970,91.8,100,94.8,100,96.9,FALSE
Washington,5308940,Tonasket School District,49,490,91.8,93.9,91.8,100,93.9,FALSE
Alabama,100900,Coosa County School District,72,720,91.7,94.4,100,94.4,100,FALSE
California,606003,Twin Rivers Unified School District (9-12),24,240,91.7,100,100,91.7,100,FALSE
Georgia,1300180,Baker County School District,12,120,91.7,91.7,91.7,100,100,FALSE
Georgia,1305250,Union County School District,108,1080,91.7,91.7,91.7,100,91.7,FALSE
Illinois,1700122,Shiloh Community Unit School District 1,12,120,91.7,100,91.7,100,100,FALSE
Illinois,1718180,Calhoun Community Unit School District 40,12,120,91.7,100,91.7,100,100,FALSE
Illinois,1742660,Winchester Community Unit School District 1,24,240,91.7,100,91.7,91.7,100,FALSE
Indiana,1810170,Shoals Community School Corporation,12,120,91.7,100,91.7,100,100,FALSE
Iowa,1918960,Melcher-Dallas Community School District,12,120,91.7,100,91.7,100,100,FALSE
Iowa,1919710,Moravia Community School District,12,120,91.7,100,91.7,100,100,FALSE
Kansas,2003430,Argonia Public Schools Unified School District 359,12,120,91.7,100,91.7,100,100,FALSE
Kansas,2011400,Satanta Unified School District 507,12,120,91.7,100,91.7,91.7,91.7,FALSE
Kansas,2012810,Lebo-Waverly Unified School District 243,12,120,91.7,100,91.7,91.7,100,FALSE
Michigan,2602670,Almont Community Schools,72,720,91.7,100,100,100,93.1,FALSE
Michigan,2625230,New Haven Community Schools,192,1920,91.7,100,100,100,93.2,FALSE
Minnesota,2717460,Lake Benton Public School District,12,120,91.7,100,91.7,91.7,100,FALSE
Minnesota,2721450,Moose Lake Public School District,24,240,91.7,100,100,91.7,100,FALSE
Missouri,2921690,North Nodaway County R-VI School District,12,120,91.7,100,91.7,100,100,FALSE
Montana,3026580,Troy High School District,24,240,91.7,91.7,100,100,100,FALSE
Nebraska,3100133,Exeter-Milligan Public Schools,12,120,91.7,100,91.7,91.7,100,FALSE
Nebraska,3173590,Mead Public Schools,12,120,91.7,100,91.7,100,100,FALSE
Nebraska,3175690,Pleasanton Public Schools,12,120,91.7,100,91.7,91.7,100,FALSE
New Jersey,3406810,Harmony Township School District,12,120,91.7,100,100,100,100,FALSE
New York,3600020,Campbell-Savona Central School District,24,240,91.7,95.8,95.8,91.7,100,FALSE
New York,3606420,Candor Central School District,36,360,91.7,100,91.7,94.4,100,FALSE
New York,3609060,Deposit Central School District,12,120,91.7,100,91.7,100,100,FALSE
New York,3626310,Scotia-Glenville Central School District,132,1320,91.7,100,100,100,99.2,FALSE
North Dakota,3800390,North Star School District,12,120,91.7,100,100,91.7,91.7,FALSE
North Dakota,3805850,Edgeley Public School District 3,12,120,91.7,100,91.7,100,100,FALSE
North Dakota,3809000,Hatton-Eielson Public School District 7,12,120,91.7,100,100,100,91.7,FALSE
North Dakota,3812660,Medina Public School District 3,12,120,91.7,100,91.7,100,91.7,FALSE
Ohio,3905071,Northwood Local School District,36,360,91.7,100,100,100,91.7,FALSE
Ohio,3906968,East Guernsey Local School District,36,360,91.7,100,91.7,100,100,FALSE
Oklahoma,4005760,Buffalo Public Schools,12,120,91.7,100,91.7,100,100,FALSE
Oklahoma,4023340,Paden Public Schools,12,120,91.7,100,91.7,100,100,FALSE
Oklahoma,4023730,Peggs Public School,12,120,91.7,100,91.7,100,100,FALSE
Oklahoma,4031590,Wapanucka Public Schools,12,120,91.7,91.7,91.7,100,100,FALSE
Pennsylvania,4217100,Moniteau School District,36,360,91.7,97.2,100,100,94.4,FALSE
Pennsylvania,4224750,Wallenpaupack Area School District,133,1330,91.7,97.7,100,99.2,93.2,FALSE
South Dakota,4621300,Elk Mountain School District 16-2,12,120,91.7,100,91.7,100,100,FALSE
South Dakota,4655710,Plankinton School District 01-1,12,120,91.7,91.7,91.7,100,100,FALSE
Tennessee,4702160,Johnson County School District,36,360,91.7,97.2,100,100,94.4,FALSE
Tennessee,4704320,Van Buren County School District,36,360,91.7,97.2,94.4,100,100,FALSE
Texas,4811490,Bronte Independent School District,12,120,91.7,100,91.7,100,100,FALSE
Texas,4812540,Calvert Independent School District,12,120,91.7,100,91.7,100,100,FALSE
Texas,4813200,Cayuga Independent School District,12,120,91.7,100,91.7,100,100,FALSE
Texas,4819320,Florence Independent School District,36,360,91.7,97.2,94.4,100,100,FALSE
Texas,4827180,Leon Independent School District,24,240,91.7,100,91.7,100,100,FALSE
Texas,4840320,Simms Independent School District,24,240,91.7,100,91.7,100,100,FALSE
Washington,5304830,Mary Walker School District,24,240,91.7,100,91.7,100,100,FALSE
Washington,5307620,Royal School District,84,840,91.7,91.7,98.8,100,94,FALSE
Wisconsin,5501830,Bruce School District,24,240,91.7,100,91.7,100,100,FALSE
Wisconsin,5507680,Lake Holcombe School District,12,120,91.7,100,91.7,100,100,FALSE
Wisconsin,5509070,Menominee Indian School District,48,480,91.7,91.7,93.8,100,100,FALSE
California,638880,Tehachapi Unified School District,225,2250,91.6,100,100,100,100,FALSE
Maine,2311520,School Administrative District 03,83,830,91.6,98.8,97.6,95.2,100,FALSE
Colorado,804530,Harrison School District 2,692,6920,91.5,100,100,100,100,FALSE
Indiana,1804140,Monroe-Gregg School District,59,590,91.5,100,100,100,91.5,FALSE
Kentucky,2100079,Fort Knox Dependent Schools,141,1410,91.5,100,100,100,92.2,FALSE
Maine,2314796,Regional School Unit 25,59,590,91.5,100,91.5,100,91.5,FALSE
Ohio,3904881,Northmor Local School District,47,470,91.5,100,91.5,100,100,FALSE
Texas,4841610,Stockdale Independent School District,47,470,91.5,93.6,91.5,93.6,100,FALSE
Alaska,.,.,338,3380,91.4,98.2,97.3,100,94.7,FALSE
Arkansas,504020,Westside Consolidated School District,58,580,91.4,100,91.4,100,100,FALSE
Arkansas,504080,Cedarville School District,35,350,91.4,91.4,100,100,100,FALSE
Idaho,1600001,West Bonner County School District 83,105,1050,91.4,96.2,100,100,93.3,FALSE
Pennsylvania,4218930,Perkiomen Valley School District,243,2430,91.4,100,100,100,93.4,FALSE
Wisconsin,5500780,Bangor School District,35,350,91.4,100,91.4,100,100,FALSE
Arizona,408520,Tolleson Union High School District,1945,19450,91.3,100,100,100,95.7,FALSE
Arkansas,500067,Cleveland County School District,23,230,91.3,91.3,100,95.7,100,FALSE
Idaho,1600009,Troy School District 287,23,230,91.3,100,91.3,100,100,FALSE
Indiana,1809720,Rossville Consolidated School District,46,460,91.3,100,91.3,100,100,FALSE
Iowa,1910980,English Valleys Community School District,23,230,91.3,100,91.3,95.7,100,FALSE
Iowa,1926850,Southeast Warren Community School District,23,230,91.3,100,91.3,95.7,100,FALSE
Iowa,1928230,Underwood Community School District,23,230,91.3,100,91.3,95.7,100,FALSE
Kansas,2010290,Osborne County Unified School District 392,23,230,91.3,100,91.3,100,100,FALSE
New York,3614880,Sackets Harbor Central School District,23,230,91.3,100,100,100,100,FALSE
New York,3629190,Tuxedo Union Free School District,23,230,91.3,100,100,100,100,FALSE
Oklahoma,4016470,Keystone Public School,23,230,91.3,100,91.3,100,100,FALSE
Texas,4820370,Garner Independent School District,23,230,91.3,100,91.3,100,100,FALSE
Texas,4827630,Lipan Independent School District,23,230,91.3,100,91.3,100,100,FALSE
Virginia,5103980,Westmoreland County Public Schools,69,690,91.3,98.6,94.2,100,97.1,FALSE
Washington,5306090,Ocosta School District,23,230,91.3,100,100,100,91.3,FALSE
Arkansas,513350,Valley Springs School District,34,340,91.2,100,100,91.2,100,FALSE
Illinois,1727840,Neoga Community Unit School District 3,34,340,91.2,100,97.1,94.1,94.1,FALSE
New York,3601107,Oppenheim-Ephratah-St. Johnsville Central School District,34,340,91.2,100,100,91.2,100,FALSE
Pennsylvania,4210115,North Star School District,57,570,91.2,94.7,100,100,100,FALSE
Pennsylvania,4225080,Wattsburg Area School District,68,680,91.2,100,100,100,91.2,FALSE
Pennsylvania,4225440,West Greene School District,34,340,91.2,100,100,91.2,100,FALSE
Tennessee,4701920,Houston County School District,34,340,91.2,97.1,94.1,100,97.1,FALSE
Texas,4809390,Bangs Independent School District,45,450,91.1,100,97.8,100,100,FALSE
New York,3602820,Altmar-Parish-Williamstown Central School District,67,670,91,100,91,98.5,100,FALSE
Arkansas,507920,Jessieville School District,22,220,90.9,100,100,100,90.9,FALSE
Arkansas,509570,Maynard School District,11,110,90.9,100,100,100,90.9,FALSE
Arkansas,512420,Shirley School District,11,110,90.9,100,100,100,90.9,FALSE
California,616920,Hemet Unified School District,1161,11610,90.9,100,100,99.1,100,FALSE
Connecticut,901380,Eastford School District,11,110,90.9,100,90.9,100,100,FALSE
Georgia,1304650,Talbot County School District,22,220,90.9,100,100,95.5,100,FALSE
Idaho,1601680,Kendrick Joint School District 283,11,110,90.9,100,90.9,100,100,FALSE
Idaho,1602340,Nampa School District 131,795,7950,90.9,100,100,100,100,FALSE
Idaho,1603480,Wilder School District 133,22,220,90.9,100,100,100,100,FALSE
Illinois,1700045,Gallatin Community Unit School District 7,22,220,90.9,100,100,100,90.9,FALSE
Illinois,1709810,Chester Community Unit School District 139,33,330,90.9,100,90.9,100,100,FALSE
Illinois,1713590,Egyptian Community Unit School District 5,11,110,90.9,100,90.9,100,100,FALSE
Illinois,1716020,Galatia Community Unit School District 1,11,110,90.9,100,90.9,100,90.9,FALSE
Indiana,1809360,West Central School Corporation,22,220,90.9,90.9,100,100,100,FALSE
Iowa,1928560,United Community School District,22,220,90.9,100,100,100,90.9,FALSE
Kansas,2000349,Central Plains Unified School District 112,22,220,90.9,100,95.5,90.9,100,FALSE
Kentucky,2101680,Elliott County School District,33,330,90.9,100,100,100,100,FALSE
Maine,2306180,Greenbush,11,110,90.9,100,90.9,100,100,FALSE
Maine,2314762,School Administrative District 70,22,220,90.9,100,95.5,100,95.5,FALSE
Michigan,2615600,Engadine Consolidated Schools,11,110,90.9,100,100,90.9,100,FALSE
Missouri,2908320,Johnson County R-VII School District,44,440,90.9,100,100,100,90.9,FALSE
Missouri,2921720,Naylor R-II School District,11,110,90.9,90.9,100,100,90.9,FALSE
Missouri,2923400,Lutie R-VI School District,11,110,90.9,100,90.9,100,100,FALSE
Missouri,2929820,Sunrise R-IX School District,11,110,90.9,100,100,100,100,FALSE
Missouri,2931560,Wellington-Napoleon R-IX School District,11,110,90.9,100,90.9,100,90.9,FALSE
Montana,3022110,Red Lodge High School District,11,110,90.9,100,100,90.9,90.9,FALSE
Nebraska,3100066,Silver Lake Public Schools,11,110,90.9,100,100,90.9,100,FALSE
Nebraska,3100080,Alma Public Schools,11,110,90.9,90.9,90.9,100,100,FALSE
Nebraska,3170050,Elgin Public Schools,11,110,90.9,100,90.9,90.9,90.9,FALSE
New Jersey,3400870,Alpine Borough School District,11,110,90.9,100,100,100,90.9,FALSE
New York,3608100,Colton-Pierrepont Central School District,11,110,90.9,100,90.9,100,100,FALSE
New York,3622100,Georgetown-South Otselic Central School District,22,220,90.9,100,90.9,100,100,FALSE
New York,3631830,Wynantskill Union Free School District,11,110,90.9,100,100,100,100,FALSE
North Dakota,3804140,Central Valley Public School District 3,22,220,90.9,95.5,95.5,95.5,95.5,FALSE
North Dakota,3809130,Hazelton-Moffit-Braddock Public School District 6,11,110,90.9,100,100,100,90.9,FALSE
Ohio,3904761,Bright Local School District,22,220,90.9,100,90.9,100,100,FALSE
Oklahoma,4004630,Blackwell Public Schools,55,550,90.9,100,90.9,100,100,FALSE
Oklahoma,4008220,Colbert Public Schools,44,440,90.9,95.5,90.9,100,100,FALSE
Oklahoma,4019500,McCord Public School,11,110,90.9,100,90.9,100,100,FALSE
Oklahoma,4020910,Mulhall-Orlando Public Schools,11,110,90.9,100,90.9,100,100,FALSE
Oklahoma,4026640,South Coffeyville Schools,11,110,90.9,100,90.9,100,100,FALSE
Oklahoma,4033603,Binger-Oney Public Schools,11,110,90.9,100,90.9,90.9,100,FALSE
Pennsylvania,4220970,Schuylkill Valley School District,77,770,90.9,92.2,100,100,100,FALSE
Pennsylvania,4223700,Tri-Valley School District,33,330,90.9,100,100,90.9,100,FALSE
Pennsylvania,4225140,Weatherly Area School District,22,220,90.9,100,90.9,100,100,FALSE
South Dakota,4600002,Milbank School District 25-4,33,330,90.9,100,100,90.9,100,FALSE
Texas,4800012,Chisum Independent School District,55,550,90.9,100,100,100,100,FALSE
Texas,4810780,Boling Independent School District,44,440,90.9,100,97.7,100,93.2,FALSE
Texas,4812060,Bullard Independent School District,88,880,90.9,100,92,100,100,FALSE
Texas,4823880,Hull-Daisetta Independent School District,11,110,90.9,100,90.9,100,100,FALSE
Texas,4827120,Leggett Independent School District,11,110,90.9,100,90.9,100,100,FALSE
Texas,4829220,Martins Mill Independent School District,11,110,90.9,100,90.9,100,100,FALSE
Texas,4841550,Sterling City Independent School District,22,220,90.9,100,95.5,100,90.9,FALSE
Texas,4842660,Thrall Independent School District,22,220,90.9,100,100,100,100,FALSE
Texas,4846470,Wortham Independent School District,11,110,90.9,100,90.9,100,100,FALSE
Virginia,5100152,Alleghany Highlands Public Schools,11,110,90.9,100,100,100,100,FALSE
Washington,5307680,Satsop School District,11,110,90.9,100,100,100,100,FALSE
Wisconsin,5511550,Beecher-Dunbar-Pembine School District,11,110,90.9,100,90.9,100,100,FALSE
Alabama,101050,Dale County School District,119,1190,90.8,100,96.6,100,95,FALSE
Georgia,1300240,Banks County School District,130,1300,90.8,96.9,93.8,100,96.9,FALSE
Georgia,1301530,Crawford County School District,65,650,90.8,95.4,98.5,100,96.9,FALSE
Iowa,1928980,Van Buren County Community School District,65,650,90.8,96.9,96.9,95.4,93.8,FALSE
Mississippi,2803720,Poplarville Separate School District,98,980,90.8,93.9,100,100,90.8,FALSE
New York,3617220,Liberty Central School District,109,1090,90.8,100,100,99.1,90.8,FALSE
Pennsylvania,4223820,Tulpehocken Area School District,98,980,90.8,100,100,100,90.8,FALSE
California,606034,Perris Union High School District (9-12),1347,13470,90.7,100,100,96.1,100,FALSE
Missouri,2911850,Fairview R-XI School District,43,430,90.7,100,100,100,90.7,FALSE
New York,3610380,Elba Central School District,43,430,90.7,100,90.7,100,100,FALSE
Ohio,3904763,Lynchburg-Clay Local School District,43,430,90.7,100,93,100,97.7,FALSE
Pennsylvania,4210380,Freedom Area School District,43,430,90.7,100,97.7,100,95.3,FALSE
Illinois,1709100,Central A & M Community Unit School District 21,32,320,90.6,100,90.6,100,100,FALSE
Indiana,1802190,South Central Community School Corporation,32,320,90.6,100,90.6,100,100,FALSE
Indiana,1813110,Westview School Corporation,245,2450,90.6,100,100,100,90.6,FALSE
Louisiana,2200360,Caldwell Parish School District,64,640,90.6,96.9,100,100,92.2,FALSE
New York,3627360,South Lewis Central School District,53,530,90.6,94.3,96.2,100,100,FALSE
Pennsylvania,4211490,Harbor Creek School District,85,850,90.6,100,100,100,90.6,FALSE
Texas,4826220,LaPoyner Independent School District,32,320,90.6,100,96.9,90.6,100,FALSE
Washington,5300480,Bethel School District,985,9850,90.6,100,99,100,97.2,FALSE
Wisconsin,5504380,Royall School District,32,320,90.6,100,93.8,100,90.6,FALSE
Arkansas,509720,Melbourne School District,21,210,90.5,100,100,100,90.5,FALSE
California,602730,Anderson Valley Unified School District,21,210,90.5,100,100,90.5,95.2,FALSE
Indiana,1803210,Shelby Eastern Schools,42,420,90.5,100,90.5,100,100,FALSE
Iowa,1920820,North Linn Community School District,21,210,90.5,95.2,90.5,100,100,FALSE
Kansas,2005100,Concordia Unified School District 333,63,630,90.5,100,90.5,100,100,FALSE
Kansas,2007970,Kaw Valley Unified School District 321,74,740,90.5,100,91.9,98.6,100,FALSE
Kansas,2010320,Oskaloosa Public Schools Unified School District 341,21,210,90.5,100,90.5,95.2,95.2,FALSE
Michigan,2629130,Posen Consolidated School District,21,210,90.5,100,100,90.5,100,FALSE
New York,3607560,Cincinnatus Central School District,21,210,90.5,100,100,90.5,100,FALSE
North Dakota,3800058,Lewis and Clark Public School District 161,21,210,90.5,100,95.2,100,90.5,FALSE
Ohio,3904607,Ripley-Union-Lewis-Huntington Local School District,42,420,90.5,100,100,100,97.6,FALSE
Ohio,3904648,River View Local School District,126,1260,90.5,100,96,100,94.4,FALSE
Oklahoma,4015450,Indianola Public Schools,21,210,90.5,100,90.5,100,100,FALSE
Pennsylvania,4222980,Susquehanna Community School District,42,420,90.5,100,90.5,100,100,FALSE
Pennsylvania,4224240,United School District,42,420,90.5,100,95.2,95.2,100,FALSE
Tennessee,4702910,Meigs County School District,84,840,90.5,94,91.7,100,100,FALSE
Mississippi,2803150,Newton County School District,94,940,90.4,98.9,93.6,100,91.5,FALSE
New York,3622140,South Seneca Central School District,52,520,90.4,100,90.4,100,100,FALSE
North Carolina,3702820,Madison County Schools,115,1150,90.4,98.3,100,100,96.5,FALSE
Ohio,3904808,Indian Lake Local School District,52,520,90.4,90.4,90.4,100,100,FALSE
Ohio,3905054,Dalton Local School District,83,830,90.4,100,100,100,90.4,FALSE
California,606004,Twin Rivers Unified School District (7-12),144,1440,90.3,100,100,100,100,FALSE
Georgia,1301950,Echols County School District,31,310,90.3,96.8,93.5,100,100,FALSE
Illinois,1734020,Riverside Brookfield Township School District 208,175,1750,90.3,100,100,100,100,FALSE
Iowa,1918480,Maple Valley-Anthon Oto Community School District,31,310,90.3,100,100,96.8,100,FALSE
Michigan,2609150,Chesaning Union Schools,62,620,90.3,100,100,100,93.5,FALSE
Mississippi,2800510,Attala County School District,72,720,90.3,100,97.2,100,91.7,FALSE
New York,3611070,Fillmore Central School District,31,310,90.3,100,90.3,100,100,FALSE
Ohio,3904583,Mapleton Local School District,62,620,90.3,100,100,100,98.4,FALSE
Texas,4828620,Lyford Consolidated Independent School District,72,720,90.3,93.1,90.3,100,100,FALSE
Wisconsin,5506870,Iowa-Grant School District,31,310,90.3,100,96.8,100,93.5,FALSE
Wisconsin,5508640,Maple School District,62,620,90.3,100,95.2,95.2,96.8,FALSE
California,600027,Lake Elsinore Unified School District,1188,11880,90.2,100,100,98.5,100,FALSE
California,601442,Upper Lake Unified School District,61,610,90.2,93.4,100,90.2,100,FALSE
Michigan,2618450,Holly Area School District,193,1930,90.2,100,100,100,95.9,FALSE
Missouri,2914550,Hollister R-V School District,51,510,90.2,100,90.2,100,100,FALSE
New York,3627960,Brasher Falls Central School District,51,510,90.2,96.1,94.1,100,96.1,FALSE
Ohio,3904970,Hopewell-Loudon Local School District,41,410,90.2,100,100,100,95.1,FALSE
Ohio,3904994,Sandy Valley Local School District,51,510,90.2,100,92.2,100,98,FALSE
Oklahoma,4021180,Navajo Public Schools,41,410,90.2,100,92.7,100,97.6,FALSE
Utah,4900630,Nebo School District,1861,18610,90.2,100,99.7,100,100,FALSE
Wisconsin,5502730,Colby School District,51,510,90.2,100,94.1,100,92.2,FALSE
California,626760,Needles Unified School District,71,710,90.1,90.1,100,100,100,FALSE
Virginia,5103600,Southampton County Public Schools,91,910,90.1,100,90.1,100,100,FALSE
Alaska,200660,Petersburg Borough School District,10,100,90,90,100,100,90,FALSE
Arizona,402190,Concho Elementary District,10,100,90,100,90,100,100,FALSE
Arizona,404530,Maine Consolidated School District,10,100,90,100,90,100,100,FALSE
Arkansas,512180,Scranton School District,10,100,90,100,100,100,90,FALSE
California,619950,Klamath-Trinity Joint Unified School District,40,400,90,90,100,100,100,FALSE
California,634440,San Jacinto Unified School District,449,4490,90,100,100,100,97.3,FALSE
Colorado,805490,Manitou Springs School District 14,30,300,90,100,93.3,100,96.7,FALSE
Colorado,805850,West End School District RE-2,10,100,90,100,100,100,90,FALSE
Idaho,1601900,Mackay Joint School District 182,10,100,90,100,90,100,100,FALSE
Illinois,1706390,Bismarck-Henning Consolidated Unit School District,40,400,90,100,90,100,100,FALSE
Illinois,1715750,Franklin Community Unit School District 1,10,100,90,100,90,100,100,FALSE
Illinois,1726760,Morrisonville Community Unit School District 1,10,100,90,100,90,100,100,FALSE
Illinois,1799001,Bluford Unit School District 318 (9-12) in Farrington,10,100,90,100,90,100,100,FALSE
Indiana,1802220,Cloverdale Community Schools,20,200,90,100,100,100,90,FALSE
Indiana,1804500,Wes-Del Community Schools,50,500,90,100,90,100,100,FALSE
Indiana,1806870,Mississinewa Community School Corporation,60,600,90,100,90,100,100,FALSE
Kansas,2003960,Twin Valley Unified School District 240,20,200,90,100,90,90,100,FALSE
Kansas,2005520,Dexter Unified School District 471,10,100,90,100,90,100,100,FALSE
Kentucky,2100330,Bath County School District,90,900,90,92.2,98.9,98.9,93.3,FALSE
Kentucky,2100960,Carlisle County School District,30,300,90,100,90,100,96.7,FALSE
Maine,2300008,Fayette,10,100,90,100,90,100,100,FALSE
Maine,2303600,Bristol,10,100,90,100,100,100,90,FALSE
Maine,2313110,Vassalboro,10,100,90,100,100,100,100,FALSE
Maine,2314791,Regional School Unit 20,20,200,90,90,95,100,100,FALSE
Michigan,2622830,Mar Lee School District,10,100,90,100,100,100,90,FALSE
Minnesota,2720580,Menahga Public School District,30,300,90,96.7,100,93.3,100,FALSE
Montana,3001860,Alberton K-12 Schools,10,100,90,100,100,90,100,FALSE
Nebraska,3172150,Humphrey Public Schools,20,200,90,100,90,100,100,FALSE
New Jersey,3403480,Commercial Township School District,40,400,90,100,90,100,100,FALSE
New York,3600024,Cattaraugus-Little Valley Central School District,30,300,90,100,93.3,100,96.7,FALSE
New York,3611640,Friendship Central School District,20,200,90,90,95,100,100,FALSE
New York,3619380,Millbrook Central School District,30,300,90,100,96.7,96.7,93.3,FALSE
New York,3627330,South Kortright Central School District,10,100,90,100,100,90,100,FALSE
Ohio,3904843,Ridgedale Local School District,40,400,90,100,90,100,100,FALSE
Ohio,3905015,Mathews Local School District,50,500,90,100,100,100,90,FALSE
Oklahoma,4006510,Canute Public Schools,10,100,90,90,90,100,100,FALSE
Oklahoma,4010860,Elmore City-Pernell Schools,20,200,90,100,90,100,100,FALSE
Oklahoma,4012390,Gans Public Schools,20,200,90,100,90,100,100,FALSE
Oklahoma,4017280,LeFlore Public Schools,10,100,90,100,90,100,100,FALSE
Oklahoma,4027840,Smithville Public Schools,10,100,90,100,90,100,100,FALSE
Oklahoma,4029430,Taloga Public Schools,10,100,90,100,90,100,90,FALSE
Oklahoma,4029820,Texhoma Public Schools,10,100,90,100,90,100,100,FALSE
Pennsylvania,4217130,North Clarion County School District,20,200,90,100,90,100,100,FALSE
South Dakota,4622560,Eureka School District 44-1,10,100,90,100,100,90,100,FALSE
Tennessee,4704440,Wayne County School District,70,700,90,97.1,90,98.6,91.4,FALSE
Texas,4807980,Alto Independent School District,10,100,90,100,90,100,100,FALSE
Texas,4809060,Avery Independent School District,10,100,90,100,90,100,100,FALSE
Texas,4809410,Banquete Independent School District,40,400,90,100,92.5,100,97.5,FALSE
Texas,4813620,Channing Independent School District,10,100,90,100,100,100,90,FALSE
Texas,4816380,Dawson Independent School District,30,300,90,100,93.3,100,96.7,FALSE
Texas,4818480,Elysian Fields Independent School District,30,300,90,100,93.3,96.7,100,FALSE
Texas,4828800,Malone Independent School District,10,100,90,100,90,100,100,FALSE
Texas,4836450,Randolph Field Independent School District,20,200,90,100,95,100,95,FALSE
Texas,4842840,Timpson Independent School District,40,400,90,100,92.5,100,100,FALSE
Texas,4843560,Union Hill Independent School District,10,100,90,100,90,100,100,FALSE
Washington,5309330,Wahkiakum School District,10,100,90,100,100,100,90,FALSE
New York,3618630,Massapequa Union Free School District,345,3450,89.9,100,100,100,100,FALSE
Illinois,1717370,Grant Park Community Unit School District 6,49,490,89.8,100,98,93.9,100,FALSE
Michigan,2636390,Whittemore-Prescott Area Schools,49,490,89.8,95.9,100,93.9,100,FALSE
Missouri,2929700,Sturgeon R-V School District,49,490,89.8,100,93.9,100,89.8,FALSE
New York,3618900,Mechanicville City School District,49,490,89.8,100,95.9,98,98,FALSE
Virginia,5100750,Charlotte County Public Schools,59,590,89.8,98.3,91.5,100,100,FALSE
Arizona,405030,Miami Unified District,29,290,89.7,96.6,100,100,100,FALSE
California,626100,Mountain Empire Unified School District,29,290,89.7,96.6,100,100,93.1,FALSE
Illinois,1700319,West Central Community Unit School District 235,29,290,89.7,96.6,96.6,93.1,100,FALSE
Iowa,1903220,Akron-Westfield Community School District,29,290,89.7,89.7,100,100,100,FALSE
Iowa,1925620,Seymour Community School District,29,290,89.7,100,89.7,100,100,FALSE
Kansas,2000001,Southeast of Saline Unified School District 306,29,290,89.7,100,89.7,96.6,100,FALSE
Kansas,2008550,Bluestem Unified School District 205,29,290,89.7,100,89.7,96.6,100,FALSE
Michigan,2636540,Wyandotte City School District,155,1550,89.7,100,100,100,93.5,FALSE
New York,3610260,Edmeston Central School District,29,290,89.7,100,93.1,100,96.6,FALSE
New York,3629250,Union Springs Central School District,39,390,89.7,100,89.7,100,100,FALSE
Ohio,3904687,Fairfield Union Local School District,58,580,89.7,100,100,100,89.7,FALSE
Pennsylvania,4207540,Deer Lakes School District,87,870,89.7,100,100,100,90.8,FALSE
Texas,4810350,Bland Independent School District,29,290,89.7,100,89.7,100,100,FALSE
Texas,4840620,Snook Independent School District,29,290,89.7,100,89.7,100,89.7,FALSE
Vermont,5000426,White River Unified School District,39,390,89.7,100,92.3,94.9,97.4,FALSE
Virginia,5100480,Brunswick County Public Schools,68,680,89.7,91.2,95.6,100,100,FALSE
Arizona,404770,Altar Valley Elementary District,67,670,89.6,100,94,100,89.6,FALSE
Connecticut,903530,Regional School District 12,48,480,89.6,100,91.7,100,97.9,FALSE
Kentucky,2102340,Green County School District,67,670,89.6,89.6,89.6,100,95.5,FALSE
Pennsylvania,4203600,Bethlehem-Center School District,67,670,89.6,98.5,100,100,95.5,FALSE
Texas,4835740,Prairiland Independent School District,48,480,89.6,100,91.7,97.9,100,FALSE
Arizona,403200,Fort Thomas Unified District,19,190,89.5,89.5,100,100,100,FALSE
Arkansas,506540,Gentry Public Schools,57,570,89.5,100,100,100,100,FALSE
Arkansas,511070,Pangburn School District,19,190,89.5,100,100,100,89.5,FALSE
California,603840,Banning Unified School District,248,2480,89.5,100,100,100,93.5,FALSE
Iowa,1923190,Pocahontas Area Community School District,38,380,89.5,100,100,100,89.5,FALSE
Massachusetts,2511040,Southern Berkshire School District,38,380,89.5,100,94.7,94.7,100,FALSE
Minnesota,2715510,Isle Public School District,19,190,89.5,100,89.5,94.7,100,FALSE
Minnesota,2730870,Northland Community Schools,19,190,89.5,100,89.5,89.5,89.5,FALSE
Missouri,2915390,Hurley R-I School District,19,190,89.5,100,100,100,89.5,FALSE
Missouri,2928590,Southern Reynolds County R-II School District,19,190,89.5,89.5,89.5,100,89.5,FALSE
Montana,3026100,Thompson Falls High School District,19,190,89.5,100,100,94.7,100,FALSE
Nebraska,3103440,Bancroft-Rosalie Community Schools,19,190,89.5,89.5,89.5,89.5,100,FALSE
Oregon,4105760,Central Curry School District 1,19,190,89.5,89.5,100,100,100,FALSE
Pennsylvania,4204740,Cambria Heights School District,57,570,89.5,100,100,100,89.5,FALSE
Pennsylvania,4205880,Chestnut Ridge School District,57,570,89.5,98.2,94.7,98.2,94.7,FALSE
South Dakota,4639540,Andes Central School District 11-1,19,190,89.5,89.5,89.5,100,100,FALSE
South Dakota,4665460,Oglala Lakota County School District 65-1,153,1530,89.5,91.5,98.7,98.7,98,FALSE
Texas,4815840,Cross Roads Independent School District,38,380,89.5,92.1,92.1,100,97.4,FALSE
Texas,4821330,Graford Independent School District,19,190,89.5,100,89.5,100,100,FALSE
Texas,4825800,Knippa Independent School District,19,190,89.5,100,89.5,100,100,FALSE
Texas,4838640,Sam Rayburn Independent School District,19,190,89.5,100,89.5,100,100,FALSE
Wisconsin,5505730,Black Hawk School District,19,190,89.5,100,94.7,94.7,100,FALSE
Wisconsin,5507560,La Farge School District,19,190,89.5,100,89.5,100,100,FALSE
Wisconsin,5510230,Necedah Area School District,19,190,89.5,89.5,94.7,100,100,FALSE
California,614550,Fresno Unified School District,3503,35030,89.4,100,100,100,97.1,FALSE
California,642560,Willits Unified School District,141,1410,89.4,100,100,100,95,FALSE
Connecticut,903270,Plainfield School District,123,1230,89.4,100,99.2,100,90.2,FALSE
Indiana,1808010,North Spencer County School Corporation,94,940,89.4,94.7,94.7,100,100,FALSE
Iowa,1904950,Eddyville-Blakesburg-Fremont Community School District,47,470,89.4,100,89.4,100,100,FALSE
Maine,2314190,School Administrative District 55,47,470,89.4,100,97.9,91.5,100,FALSE
Maine,2314470,School Administrative District 63,47,470,89.4,100,100,93.6,97.9,FALSE
New York,3602370,Addison Central School District,66,660,89.4,100,100,89.4,100,FALSE
Ohio,3904890,Noble Local School District,66,660,89.4,100,92.4,100,92.4,FALSE
Ohio,3906568,Gallia County Local School District,132,1320,89.4,93.9,90.9,100,96.2,FALSE
Alabama,102670,Perry County School District,56,560,89.3,91.1,89.3,100,91.1,FALSE
California,699002,Caruthers Unified School District (9-12),28,280,89.3,100,100,100,89.3,FALSE
Illinois,1742630,Wilmington Community Unit School District 209U,56,560,89.3,100,89.3,100,100,FALSE
Kansas,2004710,Cherokee Unified School District 247,28,280,89.3,100,100,96.4,100,FALSE
Kansas,2007050,Haysville Unified School District 261,177,1770,89.3,100,92.1,100,100,FALSE
Michigan,2633090,Sturgis Public Schools,121,1210,89.3,100,100,98.3,100,FALSE
New York,3623070,Pine Valley Central School District (South Dayton),56,560,89.3,100,89.3,100,89.3,FALSE
New York,3631560,Wilson Central School District,56,560,89.3,100,100,100,89.3,FALSE
Washington,5308910,Toledo School District,28,280,89.3,89.3,100,100,89.3,FALSE
Arizona,401410,Buckeye Union High School District,771,7710,89.2,100,98.6,100,97.1,FALSE
Arkansas,504740,County Line School District,37,370,89.2,100,100,100,89.2,FALSE
Idaho,1603000,Soda Springs Joint School District 150,37,370,89.2,100,89.2,100,89.2,FALSE
Iowa,1914670,Interstate 35 Community School District,37,370,89.2,97.3,91.9,100,91.9,FALSE
Kansas,2012210,Tonganoxie Unified School District 464,74,740,89.2,100,93.2,100,95.9,FALSE
Missouri,2913770,Hartville R-II School District,37,370,89.2,97.3,91.9,100,100,FALSE
New York,3600023,Sullivan West Central School District,37,370,89.2,100,97.3,91.9,100,FALSE
Ohio,3904651,Colonel Crawford Local School District,37,370,89.2,100,89.2,100,100,FALSE
Ohio,3905017,Joseph Badger Local School District,37,370,89.2,97.3,100,100,89.2,FALSE
South Dakota,4630800,Hamlin School District 28-3,65,650,89.2,100,92.3,96.9,100,FALSE
Texas,4827990,London Independent School District,37,370,89.2,100,97.3,100,97.3,FALSE
Washington,5301660,Concrete School District,37,370,89.2,100,89.2,100,100,FALSE
Washington,5302370,Eatonville School District,111,1110,89.2,100,100,100,89.2,FALSE
California,625800,Moreno Valley Unified School District,1435,14350,89.1,100,100,100,100,FALSE
Idaho,1600960,Preston Joint School District 201,110,1100,89.1,100,100,100,100,FALSE
Kansas,2008970,Louisburg Unified School District 416,55,550,89.1,100,89.1,100,100,FALSE
Mississippi,2800185,West Bolivar Consolidated School District,46,460,89.1,91.3,100,100,91.3,FALSE
Pennsylvania,4217880,Northwestern School District,46,460,89.1,100,100,93.5,89.1,FALSE
Georgia,1302970,Jasper County School District,100,1000,89,94,94,100,92,FALSE
Indiana,1806600,Middlebury Community Schools,236,2360,89,100,100,100,89.8,FALSE
New York,3611190,Fonda-Fultonville Central School District,82,820,89,100,100,90.2,97.6,FALSE
Pennsylvania,4204530,Burrell School District,82,820,89,100,100,100,93.9,FALSE
California,636972,Victor Valley Union High School District,1450,14500,88.9,100,100,98.3,99.4,FALSE
Georgia,.,.,54,540,88.9,100,96.3,100,94.4,FALSE
Georgia,1305730,Wilcox County School District,54,540,88.9,90.7,100,100,88.9,FALSE
Idaho,1601110,Fremont County Joint School District 215,72,720,88.9,100,93.1,93.1,100,FALSE
Illinois,1711400,Fulton County Community Unit School District 3,9,90,88.9,100,88.9,88.9,100,FALSE
Illinois,1722530,Lena-Winslow Community Unit School District 202,27,270,88.9,100,92.6,96.3,96.3,FALSE
Illinois,1740890,Warsaw Community Unit School District 316,9,90,88.9,100,100,88.9,100,FALSE
Iowa,1904740,Bennett Community School District,9,90,88.9,100,88.9,100,100,FALSE
Iowa,1911250,Exira-Elk Horn-Kimballton Community School District,27,270,88.9,100,92.6,88.9,100,FALSE
Iowa,1918750,Martensdale-St. Marys Community School District,18,180,88.9,100,88.9,94.4,100,FALSE
Iowa,1921810,Orient-Macksburg Community School District,9,90,88.9,100,88.9,88.9,88.9,FALSE
Iowa,1928200,Twin Rivers Community School District,9,90,88.9,100,100,100,100,FALSE
Kansas,2005790,Elkhart Unified School District 218,9,90,88.9,100,88.9,100,100,FALSE
Kansas,2007500,West Elk Unified School District 282,9,90,88.9,100,88.9,100,100,FALSE
Michigan,2600012,St. Ignace Area Schools,9,90,88.9,88.9,100,88.9,100,FALSE
Minnesota,2718270,Littlefork-Big Falls School District,9,90,88.9,100,88.9,88.9,100,FALSE
Minnesota,2742750,Willow River Public School District,27,270,88.9,100,96.3,88.9,88.9,FALSE
Missouri,2910590,Buchanan County R-IV School District,18,180,88.9,100,88.9,100,100,FALSE
Missouri,2913170,Grandview R-II School District,63,630,88.9,100,95.2,100,93.7,FALSE
Missouri,2913230,Green City R-I School District,9,90,88.9,100,88.9,100,100,FALSE
Missouri,2914250,Dunklin R-V School District,72,720,88.9,100,100,100,100,FALSE
Missouri,2929130,St. Elizabeth R-IV School District,18,180,88.9,100,88.9,88.9,100,FALSE
Nebraska,3100073,Arnold Public Schools,9,90,88.9,100,88.9,88.9,88.9,FALSE
Nebraska,3100124,Bruning-Davenport Unified School System,9,90,88.9,100,88.9,100,100,FALSE
New Mexico,3502460,Socorro Consolidated Schools,54,540,88.9,100,100,96.3,92.6,FALSE
New York,3603420,Attica Central School District,54,540,88.9,100,88.9,100,100,FALSE
New York,3623040,Pine Plains Central School District,45,450,88.9,100,91.1,100,100,FALSE
North Dakota,3813510,Napoleon Public School District 2,9,90,88.9,100,100,88.9,88.9,FALSE
Ohio,3904751,Riverdale Local School District,45,450,88.9,93.3,100,100,95.6,FALSE
Ohio,3904827,Madison-Plains Local School District,54,540,88.9,100,100,100,88.9,FALSE
Oklahoma,4002370,Achille Public Schools,27,270,88.9,92.6,92.6,96.3,100,FALSE
Oklahoma,4009420,Darlington Public School,9,90,88.9,88.9,100,100,100,FALSE
Oklahoma,4014670,Midway Public Schools,9,90,88.9,100,88.9,100,100,FALSE
Oklahoma,4021600,Ninnekah Public Schools,18,180,88.9,94.4,94.4,94.4,100,FALSE
Oklahoma,4025080,Pretty Water Public School,9,90,88.9,100,100,100,100,FALSE
Oklahoma,4027000,Savanna Public Schools,9,90,88.9,100,88.9,100,88.9,FALSE
Oklahoma,4027540,Shattuck Public Schools,9,90,88.9,100,88.9,100,100,FALSE
Oklahoma,4028350,Springer Public Schools,9,90,88.9,100,88.9,100,100,FALSE
Pennsylvania,4202310,Allegheny-Clarion Valley School District,36,360,88.9,97.2,100,100,91.7,FALSE
South Dakota,4625500,Freeman School District 33-1,27,270,88.9,100,100,100,88.9,FALSE
South Dakota,4641640,Leola School District 44-2,9,90,88.9,88.9,100,100,100,FALSE
South Dakota,4649650,Mount Vernon School District 17-3,9,90,88.9,100,88.9,100,100,FALSE
South Dakota,4654270,Parker School District 60-4,27,270,88.9,100,92.6,92.6,92.6,FALSE
South Dakota,4675660,Wall School District 51-5,9,90,88.9,100,100,88.9,100,FALSE
Tennessee,4700660,Clay County School District,27,270,88.9,88.9,88.9,100,100,FALSE
Texas,4809030,Avalon Independent School District,9,90,88.9,100,88.9,100,100,FALSE
Texas,4810650,Blum Independent School District,9,90,88.9,100,88.9,100,100,FALSE
Texas,4812150,Burkeville Independent School District,9,90,88.9,100,88.9,100,100,FALSE
Texas,4818780,Evant Independent School District,9,90,88.9,100,88.9,100,100,FALSE
Texas,4819140,Fayetteville Independent School District,9,90,88.9,100,88.9,100,100,FALSE
Texas,4821180,Gordon Independent School District,9,90,88.9,100,88.9,100,100,FALSE
Texas,4826250,La Pryor Independent School District,18,180,88.9,94.4,94.4,100,94.4,FALSE
Texas,4830870,Millsap Independent School District,36,360,88.9,100,94.4,100,94.4,FALSE
Texas,4845570,Whiteface Consolidated Independent School District,9,90,88.9,100,88.9,100,100,FALSE
Texas,4845990,Wilson Independent School District,9,90,88.9,100,88.9,100,100,FALSE
Virginia,5100022,Dahlgren Department of Defense School District,9,90,88.9,100,100,100,88.9,FALSE
Washington,5305610,Newport School District,63,630,88.9,88.9,96.8,100,93.7,FALSE
Wisconsin,5500060,Adams-Friendship Area School District,63,630,88.9,92.1,90.5,100,100,FALSE
Wisconsin,5500900,Bayfield School District,27,270,88.9,88.9,92.6,100,96.3,FALSE
Wisconsin,5501560,Bowler School District,18,180,88.9,100,88.9,100,100,FALSE
Wisconsin,5502610,Clear Lake School District,18,180,88.9,100,88.9,100,100,FALSE
Wisconsin,5502700,Cochrane-Fountain City School District,18,180,88.9,88.9,88.9,94.4,100,FALSE
Wisconsin,5509720,Northwood School District,18,180,88.9,100,88.9,100,100,FALSE
Wisconsin,5511790,Pittsville School District,27,270,88.9,100,88.9,100,100,FALSE
Wisconsin,5512090,Potosi School District,9,90,88.9,100,88.9,100,100,FALSE
Wisconsin,5515540,Washburn School District,18,180,88.9,100,100,88.9,100,FALSE
Alaska,200001,Lower Kuskokwim School District,89,890,88.8,88.8,100,100,100,FALSE
Louisiana,2200690,Grant Parish School District,116,1160,88.8,100,93.1,100,92.2,FALSE
North Carolina,3700780,Cherokee County Schools,80,800,88.8,95,100,100,95,FALSE
California,608160,Chaffey Joint Union High School District,3310,33100,88.7,100,100,100,95.7,FALSE
Georgia,1304140,Pierce County School District,142,1420,88.7,97.2,91.5,100,91.5,FALSE
Illinois,1734440,Rockridge Community Unit School District 300,53,530,88.7,100,100,96.2,100,FALSE
Ohio,3904803,Northridge Local School District,53,530,88.7,100,92.5,100,88.7,FALSE
Arizona,499997,School District Not Defined,88,880,88.6,90.9,100,100,97.7,FALSE
California,611730,Durham Unified School District,35,350,88.6,100,100,100,88.6,FALSE
California,691136,Aromas-San Juan Unified School District,70,700,88.6,100,100,100,95.7,FALSE
Michigan,2620700,Lake Linden-Hubbell School District,35,350,88.6,100,100,100,97.1,FALSE
Mississippi,2801380,East Jasper School District,70,700,88.6,88.6,98.6,100,88.6,FALSE
Missouri,2918460,Lewis County C-1 School District,44,440,88.6,100,95.5,93.2,93.2,FALSE
Missouri,2929580,Stoutland R-II School District,35,350,88.6,100,88.6,100,100,FALSE
Oklahoma,4000802,North Rock Creek Public School,44,440,88.6,100,88.6,100,100,FALSE
Pennsylvania,4221120,Selinsgrove Area School District,132,1320,88.6,100,100,99.2,100,FALSE
Texas,4836480,Ranger Independent School District,35,350,88.6,100,100,100,100,FALSE
Washington,5309540,Washougal School District,105,1050,88.6,100,97.1,100,100,FALSE
Wisconsin,5510950,Oconto Falls School District,79,790,88.6,100,88.6,98.7,100,FALSE
Arkansas,500042,Hamburg School District,52,520,88.5,94.2,100,100,88.5,FALSE
Arkansas,512510,Smackover-Norphlet School District,52,520,88.5,100,100,100,88.5,FALSE
Colorado,803840,Park County School District RE-2,26,260,88.5,100,92.3,92.3,100,FALSE
Indiana,1801290,Carroll Consolidated School Corporation,61,610,88.5,100,100,100,88.5,FALSE
Indiana,1803090,Eastern Greene County School District,26,260,88.5,100,88.5,100,100,FALSE
Iowa,1904080,AHSTW Community School District,61,610,88.5,100,93.4,96.7,95.1,FALSE
Iowa,1921660,Ogden Community School District,26,260,88.5,100,92.3,88.5,88.5,FALSE
Kansas,2005700,Atchison County Community Schools Unified School District 377,26,260,88.5,100,88.5,100,100,FALSE
Michigan,2611640,Westwood Community Schools,183,1830,88.5,100,100,100,100,FALSE
Michigan,2612560,East Jordan Public Schools,26,260,88.5,100,100,100,100,FALSE
Minnesota,2719320,Medford Public School District,26,260,88.5,100,100,88.5,100,FALSE
New York,3607890,Clymer Central School District,26,260,88.5,100,88.5,96.2,100,FALSE
New York,3611280,Fort Ann Central School District,26,260,88.5,100,88.5,100,100,FALSE
New York,3625920,Sayville Union Free School District,87,870,88.5,100,100,100,100,FALSE
Ohio,3904566,Windham Exempted Village School District,26,260,88.5,100,88.5,100,88.5,FALSE
Pennsylvania,4214460,Line Mountain School District,61,610,88.5,96.7,100,96.7,98.4,FALSE
Pennsylvania,4215240,Middletown Area School District,165,1650,88.5,100,100,100,88.5,FALSE
Pennsylvania,4225740,West Perry School District,156,1560,88.5,100,99.4,100,88.5,FALSE
Rhode Island,.,.,26,260,88.5,100,100,100,88.5,FALSE
South Dakota,4600041,Britton-Hecla School District 45-4,26,260,88.5,88.5,100,100,100,FALSE
Texas,4813350,Center Point Independent School District,26,260,88.5,100,88.5,100,100,FALSE
Texas,4832250,Neches Independent School District,26,260,88.5,100,88.5,100,100,FALSE
Vermont,5008242,Waits River Valley USD 36,26,260,88.5,100,100,88.5,100,FALSE
California,600116,Chawanakee Unified School District,43,430,88.4,100,100,100,88.4,FALSE
Georgia,1301920,Early County School District,95,950,88.4,96.8,96.8,94.7,94.7,FALSE
Kansas,2010620,Perry Public Schools Unified School District 343,43,430,88.4,100,88.4,100,100,FALSE
Texas,4814880,Como-Pickton Consolidated Independent School District,43,430,88.4,100,88.4,100,100,FALSE
Texas,4818720,Eustace Independent School District,43,430,88.4,90.7,95.3,100,88.4,FALSE
Virginia,5100240,Appomattox County Public Schools,112,1120,88.4,100,91.1,100,88.4,FALSE
Virginia,5102820,Orange County Public Schools,276,2760,88.4,97.1,96.7,98.2,90.6,FALSE
Virginia,5103510,Shenandoah County Public Schools,292,2920,88.4,100,93.5,100,89,FALSE
Arizona,401940,Chinle Unified District,128,1280,88.3,88.3,100,100,98.4,FALSE
Idaho,1600420,Boundary County School District 101,103,1030,88.3,98.1,90.3,98.1,88.3,FALSE
Indiana,1805460,Lake Ridge Schools,77,770,88.3,100,100,100,92.2,FALSE
Pennsylvania,4225590,West Jefferson Hills School District,103,1030,88.3,98.1,100,100,93.2,FALSE
Alabama,.,.,34,340,88.2,100,100,100,88.2,FALSE
Arizona,400790,Apache Junction Unified District,306,3060,88.2,100,100,100,98.7,FALSE
Arkansas,509540,Mayflower School District,76,760,88.2,100,88.2,100,100,FALSE
Kansas,2000007,Smith Center Unified School District 237,17,170,88.2,100,88.2,94.1,100,FALSE
Michigan,2603600,Au Gres-Sims School District,17,170,88.2,100,100,88.2,100,FALSE
Missouri,2923220,Orrick R-XI School District,17,170,88.2,100,100,100,100,FALSE
New Hampshire,3305830,Profile School District,17,170,88.2,100,100,100,88.2,FALSE
New York,3604370,Belleville Henderson Central School District,17,170,88.2,100,88.2,94.1,100,FALSE
New York,3628380,Susquehanna Valley Central School District,51,510,88.2,100,88.2,98,100,FALSE
Ohio,3904782,Centerburg Local School District,51,510,88.2,100,100,100,88.2,FALSE
Oklahoma,4033360,Yale Public Schools,17,170,88.2,100,88.2,100,100,FALSE
Pennsylvania,4218780,Penns Manor Area School District,17,170,88.2,100,88.2,100,100,FALSE
Pennsylvania,4221270,Shanksville-Stonycreek School District,17,170,88.2,100,94.1,100,100,FALSE
South Dakota,4607400,Bon Homme School District 04-2,17,170,88.2,100,94.1,94.1,100,FALSE
Texas,4832160,Navarro Independent School District,102,1020,88.2,100,95.1,100,94.1,FALSE
Virginia,5101350,Floyd County Public Schools,85,850,88.2,92.9,95.3,100,91.8,FALSE
Washington,5303600,Hood Canal School District,17,170,88.2,88.2,94.1,100,100,FALSE
Washington,5307020,Quillayute Valley School District,34,340,88.2,100,88.2,100,88.2,FALSE
West Virginia,5400480,Hardy County School District,76,760,88.2,92.1,93.4,97.4,98.7,FALSE
California,606870,Calaveras Unified School District,143,1430,88.1,95.1,100,95.1,93,FALSE
Georgia,1303990,Oglethorpe County School District,101,1010,88.1,100,93.1,100,91.1,FALSE
Mississippi,2804170,Stone County School District,118,1180,88.1,100,100,100,88.1,FALSE
New Hampshire,3307140,Winchester School District,42,420,88.1,97.6,90.5,100,100,FALSE
New York,3630930,Mount Markham Central School District,42,420,88.1,100,100,90.5,100,FALSE
North Carolina,3704140,Sampson County Schools,335,3350,88.1,97.6,100,99.4,92.8,FALSE
Ohio,3904708,Pike-Delta-York Local School District,42,420,88.1,100,100,100,88.1,FALSE
Pennsylvania,4202760,Avella Area School District,42,420,88.1,92.9,100,100,95.2,FALSE
Pennsylvania,4219020,Philipsburg-Osceola Area School District,59,590,88.1,96.6,100,100,100,FALSE
Virginia,5102190,Lee County Public Schools,109,1090,88.1,89.9,92.7,100,100,FALSE
Arkansas,505580,East End School District,25,250,88,100,100,100,88,FALSE
Indiana,1812180,Wabash County Schools Metropolitan School District,100,1000,88,100,97,100,96,FALSE
Kentucky,2104140,Metcalfe County School District,75,750,88,94.7,88,100,100,FALSE
Louisiana,2200390,Cameron Parish School District,50,500,88,98,88,100,96,FALSE
Michigan,2606570,Brandon School District,100,1000,88,100,100,100,91,FALSE
North Carolina,3700360,Bertie County Schools,92,920,88,100,100,97.8,93.5,FALSE
Ohio,3904640,East Clinton Local School District,50,500,88,100,88,100,100,FALSE
Ohio,3904655,Cuyahoga Heights Local School District,25,250,88,100,100,100,92,FALSE
Oklahoma,4008640,Cordell Public Schools,25,250,88,92,88,100,100,FALSE
Oklahoma,4022650,Okeene Public Schools,25,250,88,100,96,100,96,FALSE
Texas,4813410,Centerville Independent School District,25,250,88,100,88,100,88,FALSE
Colorado,803000,Clear Creek School District RE-1,33,330,87.9,100,87.9,100,87.9,FALSE
Indiana,1810900,Southwest Parke Community School Corporation,33,330,87.9,100,90.9,100,100,FALSE
Kansas,2008250,Prairie View Unified School District 362,33,330,87.9,100,87.9,93.9,100,FALSE
Louisiana,2201980,West Feliciana Parish School District,58,580,87.9,96.6,98.3,100,91.4,FALSE
New Jersey,3410530,Montague Township School District,33,330,87.9,100,93.9,100,100,FALSE
New York,3606690,Cato-Meridian Central School District,33,330,87.9,100,100,100,100,FALSE
New York,3617820,Lowville Academy and Central School District,33,330,87.9,97,90.9,93.9,93.9,FALSE
New York,3628710,Tioga Central School District,33,330,87.9,100,93.9,93.9,97,FALSE
North Carolina,3700420,Brunswick County Schools,618,6180,87.9,98.9,100,100,92.7,FALSE
Oklahoma,4025950,Ripley Public Schools,33,330,87.9,100,87.9,100,100,FALSE
Wisconsin,5506060,St. Croix Central School District,66,660,87.9,100,92.4,100,89.4,FALSE
Wisconsin,5510140,Riverdale School District,33,330,87.9,93.9,93.9,97,100,FALSE
Arkansas,502790,Bauxite School District,49,490,87.8,100,100,100,93.9,FALSE
Georgia,1302340,Gilmer County School District,205,2050,87.8,93.7,92.7,100,92.7,FALSE
Indiana,1810860,Southwest School Corporation,90,900,87.8,100,100,100,100,FALSE
Kentucky,2100690,Breathitt County School District,98,980,87.8,93.9,91.8,100,92.9,FALSE
Michigan,2633000,Stephenson Area Public Schools,49,490,87.8,100,100,87.8,100,FALSE
New York,3608280,Copenhagen Central School District,41,410,87.8,100,95.1,95.1,100,FALSE
Ohio,3904836,South Range Local School District,49,490,87.8,100,100,100,87.8,FALSE
Ohio,3910013,East Knox Local School District,82,820,87.8,100,100,100,87.8,FALSE
Texas,4808100,Alvord Independent School District,41,410,87.8,100,90.2,100,90.2,FALSE
Virginia,5101080,Cumberland County Public Schools,41,410,87.8,100,100,100,100,FALSE
Colorado,804080,Fountain School District 8,465,4650,87.7,99.8,91.8,100,100,FALSE
Kansas,2004590,Chanute Public Schools Unified School District 413,57,570,87.7,100,87.7,100,100,FALSE
Pennsylvania,4226700,Wyalusing Area School District,57,570,87.7,96.5,100,100,87.7,FALSE
Virginia,5100510,Buchanan County Public Schools,106,1060,87.7,87.7,89.6,100,100,FALSE
Alabama,103210,Tallapoosa County School District,105,1050,87.6,100,96.2,98.1,91.4,FALSE
California,606107,Porterville Unified School District (9-12),340,3400,87.6,95.9,100,98.2,100,FALSE
Mississippi,2802940,Monroe County School District,105,1050,87.6,100,100,100,87.6,FALSE
Ohio,3904887,Tri-Valley Local School District,121,1210,87.6,100,95.9,100,91.7,FALSE
Arkansas,500405,Cossatot River School District,48,480,87.5,100,100,100,87.5,FALSE
Arkansas,510920,Omaha School District,32,320,87.5,100,100,100,87.5,FALSE
Arkansas,511340,Perryville School District,24,240,87.5,100,100,95.8,95.8,FALSE
California,600042,Warner Unified School District,8,80,87.5,100,100,100,100,FALSE
California,606018,Washington Unified School District (9-12),56,560,87.5,100,100,100,87.5,FALSE
California,614250,Fowler Unified School District,104,1040,87.5,100,100,100,100,FALSE
California,625470,Montebello Unified School District,973,9730,87.5,100,100,100,100,FALSE
Colorado,806510,Hi-Plains School District R-23,8,80,87.5,100,87.5,100,100,FALSE
Connecticut,904350,Sterling School District,24,240,87.5,100,95.8,100,91.7,FALSE
Idaho,1602640,Pocatello School District 25,608,6080,87.5,98.8,98.2,100,100,FALSE
Illinois,1712510,Donovan Community Unit School District 3,8,80,87.5,100,87.5,100,100,FALSE
Indiana,1807020,Cowan Community School Corporation,24,240,87.5,100,100,100,87.5,FALSE
Indiana,1808460,Oregon-Davis School Corporation,32,320,87.5,100,87.5,100,100,FALSE
Iowa,1900031,Albert City-Truesdale Community School District,16,160,87.5,100,87.5,100,100,FALSE
Iowa,1916420,Laurens-Marathon Community School District,8,80,87.5,87.5,87.5,87.5,100,FALSE
Iowa,1926670,South Page Community School District,8,80,87.5,100,87.5,100,100,FALSE
Iowa,1928020,Tri-County Community School District,8,80,87.5,100,87.5,100,100,FALSE
Kansas,2008310,Fairfield Unified School District 310,16,160,87.5,100,87.5,100,100,FALSE
Kansas,2011970,Stafford Unified School District 349,8,80,87.5,100,87.5,100,100,FALSE
Michigan,2611970,DeTour Area Schools,8,80,87.5,87.5,100,100,100,FALSE
Michigan,2613050,Elk Rapids Schools,48,480,87.5,100,100,100,87.5,FALSE
Michigan,2613090,Elkton-Pigeon-Bay Port Schools,32,320,87.5,96.9,100,96.9,93.8,FALSE
Michigan,2635040,Waldron Area Schools,8,80,87.5,100,100,100,87.5,FALSE
Minnesota,2713020,Goodridge Public School District,8,80,87.5,100,100,87.5,100,FALSE
Minnesota,2732460,Rothsay Public School District,8,80,87.5,100,100,100,87.5,FALSE
Minnesota,2741850,Warroad Public School District,32,320,87.5,100,100,87.5,100,FALSE
Missouri,2911760,Fairfax R-III School District,8,80,87.5,100,87.5,100,100,FALSE
Missouri,2921875,New Bloomfield R-III School District,32,320,87.5,100,100,100,87.5,FALSE
Missouri,2926790,Rock Port R-II School District,8,80,87.5,87.5,87.5,100,100,FALSE
Missouri,2927600,Northeast Vernon County R-I School District,24,240,87.5,100,91.7,100,100,FALSE
Missouri,2928380,Smithton R-VI School District,32,320,87.5,100,87.5,100,100,FALSE
Missouri,2930510,Miller County R-III School District,16,160,87.5,100,93.8,93.8,100,FALSE
Missouri,2930600,Union Star R-II School District,8,80,87.5,100,87.5,100,100,FALSE
Nebraska,3100012,Callaway Public Schools,8,80,87.5,100,87.5,87.5,100,FALSE
Nebraska,3103060,Ansley Public Schools,8,80,87.5,100,87.5,100,87.5,FALSE
Nebraska,3175360,Paxton Consolidated Schools,8,80,87.5,100,87.5,100,100,FALSE
New Mexico,3501020,Floyd Municipal Schools,8,80,87.5,100,87.5,100,100,FALSE
New York,3631590,Windham-Ashland-Jewett Central School District,8,80,87.5,100,87.5,100,100,FALSE
North Carolina,3702340,Jackson County Schools,48,480,87.5,87.5,100,100,100,FALSE
North Dakota,3800049,Fessenden-Bowdon Public School District 25,8,80,87.5,100,100,100,87.5,FALSE
North Dakota,3804560,Griggs County Central School District 18,8,80,87.5,100,100,87.5,100,FALSE
North Dakota,3811700,Maddock Public School District 9,8,80,87.5,100,100,100,87.5,FALSE
North Dakota,3816470,Sawyer Public School District 16,8,80,87.5,100,87.5,100,100,FALSE
Ohio,3904625,Northeastern Local School District,112,1120,87.5,100,96.4,100,99.1,FALSE
Ohio,3904668,Tri-Village Local School District,40,400,87.5,100,87.5,100,100,FALSE
Ohio,3904841,Elgin Local School District,48,480,87.5,100,100,100,87.5,FALSE
Oklahoma,4000032,Hydro-Eakly Public Schools,16,160,87.5,100,93.8,100,87.5,FALSE
Oklahoma,4002670,Alex Public Schools,8,80,87.5,100,87.5,100,100,FALSE
Oklahoma,4003240,Arnett Public Schools,8,80,87.5,100,87.5,100,100,FALSE
Oklahoma,4010440,Eagletown Public Schools,8,80,87.5,100,87.5,100,100,FALSE
Oklahoma,4012900,Gore Public Schools,16,160,87.5,100,87.5,100,100,FALSE
Oklahoma,4023190,Osage Public School,8,80,87.5,100,100,100,100,FALSE
Oklahoma,4024330,Pleasant Grove Public School,8,80,87.5,100,100,100,100,FALSE
Oklahoma,4025410,Quinton Public Schools,24,240,87.5,87.5,87.5,87.5,100,FALSE
Oregon,4102490,Harney County School District 3,32,320,87.5,87.5,100,100,100,FALSE
Oregon,4106780,John Day School District 3,8,80,87.5,87.5,100,87.5,87.5,FALSE
Oregon,4111760,St. Paul School District 45,8,80,87.5,100,100,100,87.5,FALSE
Oregon,4111790,Stanfield School District 61,16,160,87.5,87.5,100,100,100,FALSE
South Dakota,4621400,Frederick Area School District 06-2,8,80,87.5,100,87.5,100,100,FALSE
Texas,4808460,Anton Independent School District,8,80,87.5,100,87.5,100,100,FALSE
Texas,4809750,Bellevue Independent School District,8,80,87.5,100,87.5,100,100,FALSE
Texas,4816320,Darrouzett Independent School District,8,80,87.5,100,87.5,100,100,FALSE
Texas,4824150,Industrial Independent School District,16,160,87.5,100,87.5,93.8,93.8,FALSE
Texas,4837830,Ropes Independent School District,8,80,87.5,87.5,87.5,100,100,FALSE
Texas,4841340,Spurger Independent School District,8,80,87.5,100,87.5,100,100,FALSE
Texas,4845450,White Deer Independent School District,8,80,87.5,100,87.5,100,100,FALSE
Texas,4845840,Wildorado Independent School District,8,80,87.5,100,87.5,100,100,FALSE
Vermont,5000409,Wells Spring Unified Union School District,16,160,87.5,100,87.5,100,100,FALSE
Vermont,5006390,Peacham School District,8,80,87.5,100,87.5,100,87.5,FALSE
Washington,5304530,Lopez School District,8,80,87.5,100,100,100,87.5,FALSE
Washington,5308520,Stevenson-Carson School District,16,160,87.5,100,100,100,100,FALSE
Wisconsin,5500300,Amery School District,40,400,87.5,100,92.5,95,100,FALSE
Wisconsin,5501230,Wisconsin Heights School District,48,480,87.5,100,89.6,100,97.9,FALSE
Wisconsin,5503860,Northland Pines School District,64,640,87.5,95.3,95.3,100,92.2,FALSE
Wisconsin,5513100,Rosendale-Brandon School District,24,240,87.5,100,87.5,100,100,FALSE
California,.,.,174,1740,87.4,100,100,100,92.5,FALSE
Kansas,2007950,Kansas City Unified School District 500,1075,10750,87.4,100,93.1,100,100,FALSE
New York,3624960,Rondout Valley Central School District,103,1030,87.4,100,100,100,90.3,FALSE
Ohio,3904801,Licking Valley Local School District,127,1270,87.4,100,100,100,87.4,FALSE
California,619830,Kingsburg Joint Union High School District,110,1100,87.3,100,100,100,100,FALSE
Kentucky,2101380,Crittenden County School District,55,550,87.3,90.9,90.9,100,87.3,FALSE
Mississippi,2802850,Marshall County School District,158,1580,87.3,93.7,100,100,92.4,FALSE
Mississippi,2803210,North Panola School District,79,790,87.3,92.4,96.2,100,94.9,FALSE
Ohio,3904588,Pymatuning Valley Local School District,118,1180,87.3,100,96.6,100,89,FALSE
Pennsylvania,4222740,Tuscarora School District,110,1100,87.3,100,100,100,87.3,FALSE
Washington,5308610,Sumner School District,466,4660,87.3,100,100,100,99.4,FALSE
Arizona,402250,Continental Elementary District,78,780,87.2,100,98.7,100,88.5,FALSE
Arkansas,500076,Ozark Mountain School District,39,390,87.2,87.2,100,100,100,FALSE
California,609390,Colton Joint Unified School District,787,7870,87.2,100,100,100,100,FALSE
California,612180,El Rancho Unified School District,297,2970,87.2,100,100,100,100,FALSE
California,614950,Gateway Unified School District,156,1560,87.2,100,100,100,98.7,FALSE
California,619540,Kern High School District,5745,57450,87.2,100,100,100,99.2,FALSE
Georgia,1302070,Evans County School District,78,780,87.2,87.2,92.3,100,100,FALSE
Illinois,1714430,Eureka Community Unit District 140,78,780,87.2,98.7,100,100,88.5,FALSE
Illinois,1740290,Vienna High School District 133,47,470,87.2,91.5,89.4,100,91.5,FALSE
Indiana,1800690,North Harrison Community School Corporation,86,860,87.2,100,89.5,100,95.3,FALSE
Kentucky,2100660,Bracken County School District,47,470,87.2,95.7,93.6,100,89.4,FALSE
Michigan,2635730,Webberville Community Schools,47,470,87.2,100,100,100,95.7,FALSE
Montana,3014700,Huntley Project K-12 Schools,47,470,87.2,100,97.9,93.6,93.6,FALSE
New York,3610920,Falconer Central School District,39,390,87.2,100,89.7,100,100,FALSE
Oklahoma,4008940,Coyle Public Schools,39,390,87.2,100,92.3,100,100,FALSE
Oklahoma,4028980,Stratford Public Schools,39,390,87.2,100,100,100,100,FALSE
Tennessee,4703720,Scott County School District,149,1490,87.2,93.3,92.6,98.7,97.3,FALSE
Illinois,1736610,Southeastern Community Unit School District 337,31,310,87.1,100,87.1,90.3,100,FALSE
Indiana,1812060,Crothersville Community Schools,31,310,87.1,100,87.1,100,100,FALSE
Missouri,2913710,Harrisburg R-VIII School District,31,310,87.1,100,87.1,90.3,100,FALSE
Ohio,3904779,Edison Local School District,85,850,87.1,100,89.4,100,98.8,FALSE
Oklahoma,4009390,Dale Public Schools,31,310,87.1,100,87.1,100,100,FALSE
Oregon,4110680,Rogue River School District 35,62,620,87.1,95.2,100,95.2,88.7,FALSE
Pennsylvania,4214550,Manheim Central School District,186,1860,87.1,100,100,100,87.1,FALSE
Pennsylvania,4218740,Penncrest School District,171,1710,87.1,94.7,100,100,88.9,FALSE
Washington,5309780,White River School District,224,2240,87.1,100,92.9,100,89.7,FALSE
Wisconsin,5508250,Loyal School District,31,310,87.1,100,96.8,96.8,100,FALSE
Idaho,1603180,Teton County School District 401,69,690,87,100,100,100,97.1,FALSE
Iowa,1919200,Midland Community School District,23,230,87,100,91.3,95.7,100,FALSE
Iowa,1927990,Tri-Center Community School District,23,230,87,100,91.3,95.7,91.3,FALSE
Kansas,2007750,Jayhawk Unified School District 346,23,230,87,100,87,87,100,FALSE
Kansas,2013110,Woodson Unified School District 366,23,230,87,100,95.7,91.3,100,FALSE
Kentucky,2100780,Burgin Independent School District,23,230,87,100,100,100,100,FALSE
Maine,2314777,Regional School Unit 67,23,230,87,100,91.3,91.3,87,FALSE
Massachusetts,2509600,Pioneer Valley School District,23,230,87,100,91.3,95.7,95.7,FALSE
Michigan,2633030,Stockbridge Community Schools,54,540,87,100,100,96.3,92.6,FALSE
Mississippi,2804020,Smith County School District,123,1230,87,99.2,95.9,100,90.2,FALSE
Missouri,2910710,Dent-Phelps R-III School District,23,230,87,100,95.7,100,91.3,FALSE
Missouri,2910800,Diamond R-IV School District,77,770,87,100,92.2,100,98.7,FALSE
Missouri,2919170,Logan-Rogersville R-VIII School District,108,1080,87,100,99.1,100,91.7,FALSE
New York,3628050,Starpoint Central School District,131,1310,87,100,100,100,87,FALSE
Ohio,3904752,Upper Scioto Valley Local School District,46,460,87,100,100,100,87,FALSE
Ohio,3904851,Eastern Local School District,23,230,87,95.7,100,91.3,87,FALSE
Pennsylvania,4224000,Twin Valley School District,177,1770,87,100,100,100,87,FALSE
South Dakota,4614100,Colman-Egan School District 50-5,23,230,87,100,100,91.3,100,FALSE
Texas,4824240,Iola Independent School District,23,230,87,100,91.3,95.7,100,FALSE
Illinois,1712570,Community High School District 99,791,7910,86.9,100,100,100,97.2,FALSE
Alabama,100960,Crenshaw County School District,68,680,86.8,98.5,91.2,97.1,88.2,FALSE
Georgia,1304500,Screven County School District,106,1060,86.8,98.1,98.1,99.1,87.7,FALSE
Indiana,1800750,Boone Township Metropolitan School District,38,380,86.8,100,86.8,100,100,FALSE
Indiana,1804800,Jac-Cen-Del Community School Corporation,53,530,86.8,100,94.3,100,92.5,FALSE
Kentucky,2102640,Hart County School District,152,1520,86.8,100,90.8,100,98,FALSE
Michigan,2624420,Montrose Community Schools,38,380,86.8,100,100,86.8,100,FALSE
New Hampshire,3303330,Governor Wentworth Regional School District,129,1290,86.8,100,96.1,96.1,94.6,FALSE
Pennsylvania,4206590,Conneaut School District,114,1140,86.8,100,100,100,86.8,FALSE
Pennsylvania,4209360,Everett Area School District,53,530,86.8,86.8,100,100,100,FALSE
Arizona,401000,Bagdad Unified School District,45,450,86.7,100,91.1,100,86.7,FALSE
Arizona,401810,Cedar Unified District,45,450,86.7,86.7,100,100,100,FALSE
California,600021,Sunol Glen Unified School District,15,150,86.7,100,100,100,86.7,FALSE
Idaho,1600490,Butte County Joint School District 111,15,150,86.7,100,86.7,100,86.7,FALSE
Illinois,1708610,Carrollton Community Unit School District 1,30,300,86.7,100,86.7,100,100,FALSE
Indiana,1809150,Portage Township Schools,346,3460,86.7,100,100,100,90.2,FALSE
Iowa,1908070,Coon Rapids-Bayard Community School District,15,150,86.7,93.3,93.3,86.7,100,FALSE
Iowa,1910340,River Valley Community School District,15,150,86.7,100,100,93.3,100,FALSE
Iowa,1912750,Glidden-Ralston Community School District,15,150,86.7,100,86.7,86.7,86.7,FALSE
Iowa,1913230,Griswold Community School District,15,150,86.7,100,86.7,100,86.7,FALSE
Kansas,2007530,Hoxie Community Schools Unified School District 412,15,150,86.7,100,86.7,100,100,FALSE
Kansas,2009990,Nickerson Unified School District 309,60,600,86.7,100,90,100,100,FALSE
Kansas,2013020,Jefferson County North Unified School District 339,15,150,86.7,100,86.7,86.7,100,FALSE
Maine,2314010,Woodland,15,150,86.7,100,93.3,100,93.3,FALSE
Michigan,2603480,Ashley Community Schools,15,150,86.7,100,100,86.7,100,FALSE
Michigan,2610560,Fairview Area School District,30,300,86.7,100,100,86.7,100,FALSE
Michigan,2628200,Pine River Area Schools,60,600,86.7,98.3,100,88.3,98.3,FALSE
Mississippi,2802520,Leake County School District,166,1660,86.7,90.4,99.4,100,87.3,FALSE
Missouri,2910350,Crocker R-II School District,15,150,86.7,100,86.7,100,100,FALSE
Montana,3006810,Circle High School District,15,150,86.7,100,100,86.7,100,FALSE
New Hampshire,3306450,Stratford School District,15,150,86.7,100,93.3,93.3,100,FALSE
North Dakota,3800036,Richland Public School District 44,15,150,86.7,100,93.3,86.7,93.3,FALSE
Oklahoma,4017020,Deer Creek-Lamont Schools,15,150,86.7,100,86.7,100,100,FALSE
Oklahoma,4019380,Maysville Public Schools,15,150,86.7,100,86.7,100,100,FALSE
Oklahoma,4025170,Prue Public Schools,15,150,86.7,100,86.7,100,100,FALSE
Pennsylvania,4221810,Solanco School District,315,3150,86.7,100,100,100,88.9,FALSE
Tennessee,4703060,Moore County School District,30,300,86.7,100,100,100,86.7,FALSE
Texas,4830720,Mildred Independent School District,15,150,86.7,100,100,100,86.7,FALSE
Texas,4842990,Tornillo Independent School District,15,150,86.7,100,100,100,100,FALSE
Virginia,5102160,Lancaster County Public Schools,45,450,86.7,100,91.1,100,86.7,FALSE
Washington,5301080,Central Kitsap School District,512,5120,86.7,100,99.2,100,94.9,FALSE
Washington,5301890,Curlew School District,15,150,86.7,100,86.7,100,100,FALSE
Wisconsin,5507410,Kewaunee School District,30,300,86.7,100,86.7,100,86.7,FALSE
Wisconsin,5509660,Mineral Point School District,30,300,86.7,100,86.7,96.7,100,FALSE
Wisconsin,5512300,Princeton School District,15,150,86.7,100,86.7,93.3,100,FALSE
Oklahoma,4009570,Deer Creek Public Schools,441,4410,86.6,100,95.9,100,99.1,FALSE
Tennessee,4701230,Fentress County School District,112,1120,86.6,92.9,88.4,99.1,98.2,FALSE
Virginia,5100300,Augusta County Public Schools,395,3950,86.6,100,92.2,100,92.9,FALSE
Washington,5309720,West Valley School District (Yakima),238,2380,86.6,100,98.3,100,92.9,FALSE
Kansas,2012000,Blue Valley Unified School District 229,847,8470,86.5,100,95.7,100,94.1,FALSE
New York,3615210,Kinderhook Central School District (Ichabod Crane),74,740,86.5,100,100,100,100,FALSE
New York,3630600,West Canada Valley Central School District,37,370,86.5,100,86.5,94.6,100,FALSE
Alabama,100006,Marshall County School District,484,4840,86.4,100,96.5,100,94.2,FALSE
Alabama,101140,DeKalb County School District,390,3900,86.4,97.9,95.9,99.7,92.6,FALSE
Arkansas,507290,Harmony Grove School District,22,220,86.4,100,100,95.5,86.4,FALSE
Arkansas,514370,Wonderview School District,22,220,86.4,100,100,100,86.4,FALSE
California,619110,Julian Union High School District,22,220,86.4,100,100,100,100,FALSE
Indiana,1807920,North Newton School Corporation,44,440,86.4,97.7,100,100,86.4,FALSE
Iowa,1926280,Sigourney Community School District,22,220,86.4,95.5,86.4,95.5,100,FALSE
Kansas,2000351,Riverside Unified School District 114,22,220,86.4,100,90.9,100,100,FALSE
Kansas,2012390,Udall Unified School District 463,22,220,86.4,100,86.4,100,100,FALSE
Kansas,2012630,WaKeeney Unified School District 208,22,220,86.4,100,86.4,100,100,FALSE
Michigan,2620910,Lakeview Community Schools,59,590,86.4,86.4,100,96.6,100,FALSE
Michigan,2625680,North Branch Area Schools,66,660,86.4,92.4,100,93.9,92.4,FALSE
Missouri,2925350,Pleasant Hope R-VI School District,22,220,86.4,100,90.9,100,90.9,FALSE
Missouri,2925620,Purdy R-II School District,22,220,86.4,100,86.4,100,100,FALSE
Missouri,2930870,Maries County R-I School District,22,220,86.4,100,100,86.4,100,FALSE
Missouri,2932310,Wright City R-II of Warren County,66,660,86.4,100,86.4,100,100,FALSE
New York,3606300,Canajoharie Central School District,59,590,86.4,100,86.4,100,100,FALSE
New York,3609930,East Rochester Union Free School District,22,220,86.4,100,100,100,100,FALSE
New York,3611730,Galway Central School District,44,440,86.4,100,90.9,100,100,FALSE
Ohio,3910025,Kenton City School District,81,810,86.4,100,97.5,100,86.4,FALSE
Oklahoma,4004230,Bethel Public Schools,22,220,86.4,95.5,86.4,100,86.4,FALSE
Pennsylvania,4203390,Benton Area School District,22,220,86.4,86.4,100,100,100,FALSE
Pennsylvania,4220220,Reynolds School District,44,440,86.4,86.4,100,100,100,FALSE
South Carolina,4502160,Florence School District 2,59,590,86.4,91.5,94.9,98.3,100,FALSE
South Dakota,4650670,New Underwood School District 51-3,22,220,86.4,100,100,86.4,100,FALSE
Tennessee,4700078,Fort Campbell Schools,81,810,86.4,100,100,100,91.4,FALSE
Tennessee,4702100,Jefferson County School District,352,3520,86.4,100,96.6,100,97.7,FALSE
Texas,4821540,Grandview Independent School District,22,220,86.4,100,86.4,100,100,FALSE
Virginia,5102280,Louisa County Public Schools,242,2420,86.4,100,92.1,100,93.4,FALSE
Virginia,5102880,Patrick County Public Schools,103,1030,86.4,98.1,92.2,100,100,FALSE
Wisconsin,5502070,Cambria-Friesland School District,22,220,86.4,100,90.9,95.5,100,FALSE
Wisconsin,5504350,Elmwood School District,22,220,86.4,100,95.5,95.5,100,FALSE
Wisconsin,5504650,Florence School District,22,220,86.4,100,90.9,100,95.5,FALSE
Wisconsin,5514250,River Valley School District,59,590,86.4,100,96.6,88.1,100,FALSE
Montana,3000095,Lame Deer High School District,51,510,86.3,86.3,100,100,100,FALSE
Montana,3006110,St. Ignatius K-12 Schools,51,510,86.3,86.3,100,100,100,FALSE
New York,3600019,Unadilla Valley Central School District,51,510,86.3,100,98,100,100,FALSE
Rhode Island,4400150,Chariho Regional School District,95,950,86.3,100,93.7,100,88.4,FALSE
Texas,4824730,Jefferson Independent School District,51,510,86.3,86.3,86.3,100,86.3,FALSE
Alabama,100810,Coffee County School District,167,1670,86.2,100,94,100,96.4,FALSE
Alabama,101680,Greene County School District,29,290,86.2,89.7,96.6,93.1,100,FALSE
Arkansas,509420,Marked Tree School District,29,290,86.2,100,89.7,100,100,FALSE
California,605240,Black Oak Mine Unified School District,58,580,86.2,96.6,100,96.6,93.1,FALSE
Georgia,1303780,Morgan County School District,138,1380,86.2,94.2,91.3,100,87.7,FALSE
Idaho,1602580,Payette Joint School District 371,109,1090,86.2,100,100,100,100,FALSE
Iowa,1923340,Postville Community School District,29,290,86.2,93.1,93.1,93.1,100,FALSE
Minnesota,2702720,Southland Public School District,29,290,86.2,100,96.6,86.2,100,FALSE
Mississippi,2802100,Itawamba County School District,130,1300,86.2,96.9,100,100,87.7,FALSE
Nebraska,3100172,West Holt Public Schools,29,290,86.2,100,93.1,89.7,96.6,FALSE
New York,3617970,Lyndonville Central School District,29,290,86.2,100,86.2,100,100,FALSE
Ohio,3904942,Crestview Local School District,80,800,86.2,100,91.2,100,95,FALSE
Ohio,3904979,Hardin-Houston Local School District,29,290,86.2,100,100,100,86.2,FALSE
Ohio,3905072,Otsego Local School District,87,870,86.2,100,92,100,94.3,FALSE
Tennessee,4704380,Washington County School District,413,4130,86.2,98.8,98.5,100,91.3,FALSE
Texas,4807650,Alba-Golden Independent School District,29,290,86.2,100,86.2,96.6,100,FALSE
Vermont,5007800,Stowe Town School District,29,290,86.2,100,96.6,100,89.7,FALSE
Wisconsin,5501590,Boyceville Community School District,29,290,86.2,100,86.2,96.6,100,FALSE
New York,3617700,Locust Valley Central School District,72,720,86.1,100,100,100,95.8,FALSE
Washington,5308160,South Kitsap School District,483,4830,86.1,100,100,100,97.7,FALSE
Wisconsin,5504500,Fall Creek School District,36,360,86.1,100,88.9,100,86.1,FALSE
Arizona,403500,Globe Unified District,43,430,86,100,86,100,100,FALSE
Illinois,1713710,School District U-46,1645,16450,86,100,100,100,90.6,FALSE
Kentucky,2101260,Clinton County School District,57,570,86,94.7,89.5,98.2,87.7,FALSE
Minnesota,2710140,Deer River Public School District,43,430,86,90.7,90.7,93,90.7,FALSE
Missouri,2931830,Osage County R-III School District,43,430,86,100,97.7,93,95.3,FALSE
New York,3604650,Berne-Knox-Westerlo Central School District,43,430,86,100,86,100,100,FALSE
New York,3621360,Norwood-Norfolk Central School District,43,430,86,97.7,90.7,95.3,93,FALSE
Pennsylvania,4207560,Derry Area School District,57,570,86,100,100,100,86,FALSE
Texas,4819840,Fredericksburg Independent School District,143,1430,86,91.6,91.6,93.7,87.4,FALSE
Vermont,5000408,Paine Mountain School District,43,430,86,100,88.4,97.7,88.4,FALSE
Washington,5301350,Cle Elum-Roslyn School District,50,500,86,100,90,100,96,FALSE
Arkansas,505430,Dover School District,92,920,85.9,100,100,100,85.9,FALSE
Indiana,1812880,Frankton-Lapel Community Schools,92,920,85.9,100,85.9,100,100,FALSE
Michigan,2606270,Bloomingdale Public School District,64,640,85.9,100,100,95.3,96.9,FALSE
Ohio,3904913,Scioto Valley Local School District,85,850,85.9,88.2,100,97.6,100,FALSE
Pennsylvania,4223790,Troy Area School District,64,640,85.9,92.2,100,100,85.9,FALSE
Wisconsin,5502160,Campbellsport School District,78,780,85.9,100,85.9,100,85.9,FALSE
Tennessee,4703090,Morgan County School District,127,1270,85.8,91.3,88.2,100,96.1,FALSE
Alaska,200030,Bristol Bay Borough School District,7,70,85.7,100,85.7,100,100,FALSE
Arizona,406440,Pima Unified District,21,210,85.7,85.7,85.7,100,100,FALSE
Arkansas,502610,Atkins Public Schools,35,350,85.7,100,100,100,85.7,FALSE
Arkansas,503300,Blevins School District,14,140,85.7,85.7,100,100,100,FALSE
Arkansas,512630,Spring Hill School District,14,140,85.7,100,85.7,100,100,FALSE
California,624030,Martinez Unified School District,224,2240,85.7,100,100,100,97.3,FALSE
Colorado,804650,Hoehne Reorganized School District 3,7,70,85.7,100,85.7,100,100,FALSE
Colorado,804950,Platte Valley School District RE-7,35,350,85.7,100,85.7,100,100,FALSE
Colorado,805880,Norwood School District R-2J,7,70,85.7,100,85.7,100,85.7,FALSE
Colorado,806210,Ridgway School District R-2,7,70,85.7,100,85.7,85.7,85.7,FALSE
Florida,1200990,Jefferson County School District,77,770,85.7,93.5,100,100,88.3,FALSE
Illinois,1700333,Chester Non-High School District 122,7,70,85.7,100,85.7,100,100,FALSE
Illinois,1705820,Bement Community Unit School District 5,14,140,85.7,100,85.7,100,100,FALSE
Indiana,1805190,Jennings County Schools,182,1820,85.7,100,98.4,100,95.6,FALSE
Iowa,1900023,Sioux Central Community School District,14,140,85.7,100,85.7,100,100,FALSE
Iowa,1920850,North Mahaska Community School District,14,140,85.7,100,85.7,85.7,100,FALSE
Kansas,2007110,Herington Unified School District 487,14,140,85.7,100,92.9,92.9,100,FALSE
Kansas,2010740,Plainville Unified School District 270,14,140,85.7,100,85.7,85.7,100,FALSE
Kansas,2010770,Pleasanton Unified School District 344,7,70,85.7,100,85.7,100,100,FALSE
Kentucky,2101050,Casey County School District,133,1330,85.7,91,93.2,100,88.7,FALSE
Louisiana,2201470,St. Helena Parish School District,56,560,85.7,92.9,94.6,100,85.7,FALSE
Maine,2300062,East Machias,7,70,85.7,100,85.7,85.7,85.7,FALSE
Maine,2310190,Robbinston,7,70,85.7,100,100,85.7,100,FALSE
Maine,2311610,School Administrative District 42,21,210,85.7,100,85.7,85.7,95.2,FALSE
Maine,2311850,School Administrative District 08,7,70,85.7,100,85.7,100,85.7,FALSE
Maine,2312980,Trenton,14,140,85.7,100,100,100,92.9,FALSE
Maine,2313140,Veazie,14,140,85.7,100,100,100,85.7,FALSE
Maine,2314765,School Administrative District 72,56,560,85.7,94.6,91.1,100,92.9,FALSE
Maine,2314842,Limestone Public Schools,7,70,85.7,85.7,85.7,85.7,100,FALSE
Massachusetts,2522222,Mohawk Trail Regional School District in Hawley and Charlemont towns,7,70,85.7,100,85.7,100,100,FALSE
Michigan,2626040,Norway-Vulcan Area Schools,28,280,85.7,100,100,100,100,FALSE
Minnesota,2700107,Greenbush-Middle River School District,14,140,85.7,85.7,85.7,85.7,100,FALSE
Minnesota,2740920,Verndale Public School District,21,210,85.7,100,100,85.7,100,FALSE
Missouri,2912240,Forsyth R-III School District,42,420,85.7,100,95.2,100,100,FALSE
Missouri,2919260,Louisiana R-II School District,14,140,85.7,92.9,85.7,92.9,100,FALSE
Missouri,2919980,Mansfield R-IV School District,35,350,85.7,100,100,100,100,FALSE
Missouri,2921880,Macon County R-IV School District,7,70,85.7,100,85.7,100,100,FALSE
Missouri,2923270,Osceola School District,14,140,85.7,100,85.7,100,100,FALSE
Montana,3011460,Frazer High School District,7,70,85.7,85.7,100,100,100,FALSE
Nebraska,3100130,Cross County Community Schools,21,210,85.7,100,85.7,100,100,FALSE
Nebraska,3172780,Lewiston Consolidated Schools,7,70,85.7,100,85.7,100,100,FALSE
New Hampshire,3302280,Chesterfield School District,14,140,85.7,100,100,100,85.7,FALSE
New Hampshire,3302990,Fall Mountain Regional School District,70,700,85.7,100,94.3,100,98.6,FALSE
New Hampshire,3333009,Rivendell Interstate School District,7,70,85.7,100,85.7,100,100,FALSE
New Mexico,3502040,PeÃ±asco Independent Schools,7,70,85.7,100,85.7,100,100,FALSE
New Mexico,3502800,Zuni Public Schools,42,420,85.7,85.7,100,100,100,FALSE
New York,3600125,Eastport-South Manor Central School District,105,1050,85.7,100,100,95.2,92.4,FALSE
New York,3604710,Bethlehem Central School District,154,1540,85.7,100,100,100,87,FALSE
New York,3610860,Fabius-Pompey Central School District,21,210,85.7,100,85.7,90.5,100,FALSE
New York,3615720,Jefferson Central School District,7,70,85.7,100,85.7,100,100,FALSE
New York,3621810,Onondaga Central School District,35,350,85.7,100,100,100,85.7,FALSE
New York,3622500,Pavilion Central School District,28,280,85.7,100,89.3,96.4,100,FALSE
New York,3632010,Cuba-Rushford Central School District,42,420,85.7,100,100,85.7,100,FALSE
New York,3699997,School District Not Defined,7,70,85.7,100,85.7,100,100,FALSE
North Carolina,3700153,Cherokee Central Schools,42,420,85.7,100,100,100,85.7,FALSE
North Dakota,3800046,Mott-Regent Public School District 1,7,70,85.7,85.7,85.7,85.7,85.7,FALSE
North Dakota,3800404,Hope-Page Public School District 85,7,70,85.7,100,100,100,85.7,FALSE
North Dakota,3812920,Midway Public School District 128,14,140,85.7,100,85.7,100,85.7,FALSE
North Dakota,3818280,Thompson Public School District 61,21,210,85.7,100,100,90.5,100,FALSE
North Dakota,3820310,Wyndmere Public School District 42,14,140,85.7,100,92.9,92.9,85.7,FALSE
Ohio,3904959,Bloom-Vernon Local School District,28,280,85.7,100,85.7,100,100,FALSE
Ohio,3905021,Maplewood Local School District,14,140,85.7,100,100,100,85.7,FALSE
Oklahoma,4003690,Bearden Public School,7,70,85.7,100,85.7,100,100,FALSE
Oklahoma,4003840,Belfonte Public School,14,140,85.7,92.9,85.7,100,100,FALSE
Oklahoma,4006240,Calumet Public Schools,7,70,85.7,100,85.7,100,100,FALSE
Oklahoma,4009450,Davenport Public Schools,14,140,85.7,85.7,85.7,100,100,FALSE
Oklahoma,4013620,Haileyville Public Schools,14,140,85.7,100,85.7,100,92.9,FALSE
Oklahoma,4015120,Howe Public Schools,28,280,85.7,100,96.4,96.4,96.4,FALSE
Oklahoma,4019260,Mason Public Schools,7,70,85.7,100,85.7,100,100,FALSE
Oklahoma,4021360,New Lima Public Schools,14,140,85.7,100,85.7,100,100,FALSE
Oklahoma,4026550,Rush Springs Public Schools,21,210,85.7,100,85.7,100,100,FALSE
Oklahoma,4027960,Soper Public Schools,7,70,85.7,85.7,85.7,100,100,FALSE
Oklahoma,4030990,Varnum Public Schools,14,140,85.7,100,85.7,100,100,FALSE
Oklahoma,4031020,Velma-Alma Public Schools,14,140,85.7,100,85.7,100,100,FALSE
Oregon,4105640,Glendale School District 77,7,70,85.7,100,100,85.7,100,FALSE
Pennsylvania,4209150,Elk Lake School District,49,490,85.7,95.9,100,89.8,100,FALSE
Rhode Island,4400600,Little Compton School District,7,70,85.7,100,100,100,85.7,FALSE
South Dakota,4622410,Estelline School District 28-2,14,140,85.7,100,85.7,100,100,FALSE
South Dakota,4645450,Marion School District 60-3,7,70,85.7,100,85.7,100,100,FALSE
Tennessee,4701530,Grundy County School District,98,980,85.7,96.9,87.8,98,100,FALSE
Texas,4811430,Broaddus Independent School District,7,70,85.7,100,85.7,100,85.7,FALSE
Texas,4812660,Campbell Independent School District,7,70,85.7,100,85.7,100,100,FALSE
Texas,4813800,Chico Independent School District,21,210,85.7,100,95.2,95.2,95.2,FALSE
Texas,4820310,Ganado Independent School District,42,420,85.7,100,92.9,92.9,85.7,FALSE
Texas,4824810,Joaquin Independent School District,21,210,85.7,100,85.7,100,100,FALSE
Texas,4828980,Marathon Independent School District,7,70,85.7,100,85.7,100,100,FALSE
Texas,4829580,Maypearl Independent School District,14,140,85.7,100,100,100,85.7,FALSE
Texas,4834560,Penelope Independent School District,7,70,85.7,100,85.7,100,100,FALSE
Vermont,5000390,Barstow Unified School District,7,70,85.7,100,85.7,100,100,FALSE
Vermont,5000414,Granville Hancock Unified School District,7,70,85.7,100,100,85.7,100,FALSE
West Virginia,5400330,Gilmer County School District,28,280,85.7,100,85.7,100,89.3,FALSE
Wisconsin,5501920,Butternut School District,7,70,85.7,100,85.7,100,100,FALSE
Wisconsin,5506780,Hustisford School District,14,140,85.7,100,92.9,100,92.9,FALSE
Wisconsin,5507230,Juda School District,7,70,85.7,100,85.7,100,100,FALSE
Wisconsin,5513470,Seneca School District,7,70,85.7,100,100,85.7,100,FALSE
Wisconsin,5513770,Shiocton School District,49,490,85.7,100,89.8,95.9,100,FALSE
Kentucky,2105550,Todd County School District,97,970,85.6,96.9,93.8,100,96.9,FALSE
Mississippi,2803750,Prentiss County School District,125,1250,85.6,97.6,97.6,100,89.6,FALSE
North Carolina,3700210,Ashe County Schools,125,1250,85.6,100,100,100,85.6,FALSE
Oregon,4107020,Klamath County School District,347,3470,85.6,98.8,100,99.7,98.6,FALSE
Pennsylvania,4223850,Tunkhannock Area School District,97,970,85.6,97.9,100,100,89.7,FALSE
Wisconsin,5512330,Pulaski Community School District,167,1670,85.6,100,91.6,100,97.6,FALSE
Alabama,100420,Blount County School District,373,3730,85.5,99.2,95.2,100,90.1,FALSE
Arizona,409190,Wickenburg Unified District,83,830,85.5,100,97.6,100,89.2,FALSE
California,629820,Paradise Unified School District,110,1100,85.5,100,100,100,86.4,FALSE
Michigan,2609560,Chippewa Hills School District,124,1240,85.5,98.4,100,91.9,93.5,FALSE
Missouri,2928710,Southwest R-V School District,55,550,85.5,100,85.5,100,100,FALSE
New York,3614190,Hendrick Hudson Central School District,110,1100,85.5,100,100,100,93.6,FALSE
Ohio,3904807,Benjamin Logan Local School District,76,760,85.5,98.7,100,100,86.8,FALSE
Pennsylvania,4224360,Upper Dauphin Area School District,83,830,85.5,100,100,100,85.5,FALSE
Mississippi,2803660,Pontotoc County Schools,199,1990,85.4,100,100,100,85.4,FALSE
New Hampshire,3300049,Prospect Mountain High School Joint Maintenance Agreement District,48,480,85.4,100,87.5,97.9,97.9,FALSE
New York,3625500,Salmon River Central School District,48,480,85.4,89.6,89.6,95.8,100,FALSE
Ohio,3904815,Firelands Local School District,48,480,85.4,91.7,100,100,93.8,FALSE
Ohio,3905033,North Union Local School District,82,820,85.4,100,92.7,100,100,FALSE
Pennsylvania,4209480,Exeter Township School District,157,1570,85.4,100,100,100,86.6,FALSE
Texas,4810470,Blooming Grove Independent School District,41,410,85.4,100,90.2,100,95.1,FALSE
Virginia,5100023,Quantico Marine Corps Center School District,103,1030,85.4,100,100,100,85.4,FALSE
Wisconsin,5507380,Kewaskum School District,103,1030,85.4,100,90.3,100,85.4,FALSE
California,600065,Dinuba Unified School District,265,2650,85.3,100,100,100,100,FALSE
Michigan,2612990,Edwardsburg Public Schools,68,680,85.3,100,100,100,88.2,FALSE
New York,3629240,Otego-Unadilla Central School District,34,340,85.3,94.1,85.3,94.1,91.2,FALSE
Alabama,101080,Daleville City School District,61,610,85.2,100,95.1,100,88.5,FALSE
Iowa,1924150,Riceville Community School District,27,270,85.2,100,88.9,92.6,100,FALSE
Kentucky,2103270,Lee County School District,27,270,85.2,96.3,100,100,85.2,FALSE
New York,3623430,Port Byron Central School District,27,270,85.2,100,85.2,100,100,FALSE
Ohio,3904941,Clear Fork Valley Local School District,61,610,85.2,100,95.1,96.7,93.4,FALSE
South Dakota,4612000,Chamberlain School District 07-1,61,610,85.2,90.2,100,98.4,85.2,FALSE
Virginia,5102100,King George County Public Schools,169,1690,85.2,100,94.7,100,89.3,FALSE
Virginia,5102980,Poquoson City Public Schools,81,810,85.2,100,100,100,85.2,FALSE
Alabama,100840,Colbert County School District,222,2220,85.1,99.5,95,100,91,FALSE
Arizona,408680,Tuba City Unified District,121,1210,85.1,97.5,100,100,100,FALSE
Illinois,1716830,Glenbard Township High School District 87,1118,11180,85.1,100,100,100,97.2,FALSE
Indiana,1809300,Prairie Heights Community School Corporation,47,470,85.1,100,100,100,85.1,FALSE
New York,3607110,Chatham Central School District,47,470,85.1,100,89.4,95.7,100,FALSE
New York,3631290,Whitehall Central School District,47,470,85.1,100,91.5,95.7,100,FALSE
Pennsylvania,4205460,Crestwood School District,87,870,85.1,100,100,100,85.1,FALSE
Virginia,5100690,Carroll County Public Schools,174,1740,85.1,100,88.5,98.9,96,FALSE
West Virginia,5400150,Brooke County School District,101,1010,85.1,100,97,99,100,FALSE
Alabama,103480,Washington County School District,80,800,85,97.5,95,100,87.5,FALSE
Arkansas,507230,Hampton School District,20,200,85,85,100,100,100,FALSE
California,612840,Escalon Unified School District,167,1670,85,100,100,100,100,FALSE
Idaho,1602190,Minidoka County Joint School District 331,200,2000,85,100,100,100,100,FALSE
Iowa,1999017,PCM Community School District,40,400,85,100,85,92.5,100,FALSE
Michigan,2611670,Decatur Public Schools,40,400,85,95,100,100,100,FALSE
Minnesota,2700132,Red Rock Central School District,20,200,85,100,90,85,100,FALSE
Minnesota,2710090,Dawson-Boyd Public School District,20,200,85,100,100,85,85,FALSE
Nebraska,3174940,Ord Public Schools,20,200,85,100,90,85,100,FALSE
New York,3619890,Morristown Central School District,20,200,85,100,100,85,100,FALSE
North Dakota,3803200,Bowman County Public School District 1,20,200,85,100,85,85,85,FALSE
Ohio,3906190,Adams County/Ohio Valley Local School District,153,1530,85,93.5,91.5,100,97.4,FALSE
Tennessee,4700960,Decatur County School District,60,600,85,93.3,88.3,100,98.3,FALSE
Texas,4820400,Garrison Independent School District,20,200,85,100,85,100,100,FALSE
Texas,4840500,Slocum Independent School District,20,200,85,100,85,100,100,FALSE
Texas,4842120,Rivercrest Independent School District,20,200,85,100,95,100,90,FALSE
Texas,4846350,Wolfe City Independent School District,20,200,85,100,85,100,85,FALSE
Kentucky,2100720,Breckinridge County School District,119,1190,84.9,84.9,84.9,100,92.4,FALSE
New York,3618030,Lyons Central School District,53,530,84.9,100,100,100,100,FALSE
Ohio,3904776,Oak Hill Union Local School District,73,730,84.9,100,86.3,100,100,FALSE
South Carolina,4500840,Anderson School District 3,146,1460,84.9,98.6,87.7,100,100,FALSE
California,600001,Acton-Agua Dulce Unified School District,66,660,84.8,100,100,84.8,100,FALSE
California,635310,Santa Ana Unified School District,1770,17700,84.8,100,100,100,96.1,FALSE
Illinois,1741280,Waverly Community Unit School District 6,33,330,84.8,100,84.8,100,100,FALSE
Minnesota,2700480,Ada-Borup-West Public Schools,33,330,84.8,90.9,87.9,84.8,84.8,FALSE
Mississippi,2804560,Webster County School District,66,660,84.8,95.5,100,100,84.8,FALSE
Missouri,2914840,Houston R-I School District,33,330,84.8,100,90.9,87.9,100,FALSE
New York,3602340,South Jefferson Central School District,66,660,84.8,100,90.9,97,100,FALSE
New York,3611610,Frewsburg Central School District,33,330,84.8,100,87.9,97,100,FALSE
Ohio,3904946,Plymouth-Shiloh Local School District,46,460,84.8,84.8,100,100,100,FALSE
Ohio,3904951,Paint Valley Local School District,46,460,84.8,95.7,93.5,95.7,100,FALSE
Oregon,4103990,Dayton School District 8,79,790,84.8,100,100,98.7,98.7,FALSE
Wisconsin,5500058,Chequamegon School District,33,330,84.8,100,90.9,90.9,87.9,FALSE
Wisconsin,5511350,Palmyra-Eagle Area School District,46,460,84.8,100,97.8,100,84.8,FALSE
Colorado,806240,Garfield School District RE-2,261,2610,84.7,98.9,100,99.6,91.2,FALSE
Florida,1200630,Gilchrist County School District,111,1110,84.7,100,90.1,100,85.6,FALSE
Georgia,1304890,Thomas County School District,189,1890,84.7,100,92.6,100,86.8,FALSE
Indiana,1801890,Clark-Pleasant Community School Corporation,333,3330,84.7,100,100,100,95.8,FALSE
Kentucky,2103510,Livingston County School District,59,590,84.7,84.7,86.4,100,98.3,FALSE
New York,3614700,Honeoye Falls-Lima Central School District,85,850,84.7,100,100,100,84.7,FALSE
North Carolina,3704950,Wilkes County Schools,385,3850,84.7,99.7,100,100,94,FALSE
Ohio,3904778,Buckeye Local School District,59,590,84.7,100,89.8,98.3,98.3,FALSE
Pennsylvania,4202490,Annville-Cleona School District,59,590,84.7,100,100,100,86.4,FALSE
Pennsylvania,4209940,Forest Hills School District,85,850,84.7,100,97.6,100,88.2,FALSE
California,635070,San Pasqual Valley Unified School District,26,260,84.6,92.3,100,100,92.3,FALSE
Colorado,802730,Calhan School District RJ-1,13,130,84.6,100,92.3,100,84.6,FALSE
Idaho,1601440,Highland Joint School District 305,13,130,84.6,84.6,92.3,100,84.6,FALSE
Illinois,1713370,Edgar County Community Unit District 6,13,130,84.6,100,84.6,100,100,FALSE
Illinois,1719970,Illinois Valley Central Unit School District 321,123,1230,84.6,100,94.3,100,100,FALSE
Indiana,1800660,Blue River Valley Schools,26,260,84.6,100,84.6,100,100,FALSE
Iowa,1918540,Maquoketa Valley Community School District,39,390,84.6,100,84.6,100,84.6,FALSE
Iowa,1930560,Wayne Community School District,39,390,84.6,89.7,89.7,94.9,87.2,FALSE
Kansas,2003210,North Lyon County Unified School District 251,26,260,84.6,100,84.6,100,100,FALSE
Michigan,2618510,Holton Public Schools,26,260,84.6,100,100,100,84.6,FALSE
Michigan,2627900,Perry Public School District,39,390,84.6,100,100,97.4,94.9,FALSE
Mississippi,2801290,Covington County School District,136,1360,84.6,86.8,100,100,87.5,FALSE
Nebraska,3100184,Riverside Public Schools,13,130,84.6,100,84.6,84.6,100,FALSE
New York,3612300,Gorham-Middlesex Central School District (Marcus Whitman),52,520,84.6,100,90.4,88.5,100,FALSE
New York,3613470,Hammondsport Central School District,13,130,84.6,100,92.3,84.6,100,FALSE
New York,3618450,Marathon Central School District,39,390,84.6,100,92.3,97.4,87.2,FALSE
New York,3624420,Remsenburg-Speonk Union Free School District,13,130,84.6,100,100,100,84.6,FALSE
North Carolina,3701530,Franklin County Schools,473,4730,84.6,100,100,100,87.3,FALSE
North Dakota,3800052,Center-Stanton Public School District 1,13,130,84.6,100,92.3,84.6,92.3,FALSE
North Dakota,3809410,Hettinger Public School District 13,13,130,84.6,100,84.6,100,84.6,FALSE
North Dakota,3810600,Lakota Public School District 66,13,130,84.6,100,84.6,100,100,FALSE
North Dakota,3813200,Wilton Public School District 1,13,130,84.6,100,84.6,84.6,100,FALSE
Ohio,3904783,Danville Local School District,65,650,84.6,100,84.6,100,100,FALSE
Oklahoma,4012210,Friend Public School,13,130,84.6,100,84.6,100,100,FALSE
Oklahoma,4017700,Liberty Public School,13,130,84.6,100,84.6,100,100,FALSE
Oklahoma,4030330,Turpin Public Schools,13,130,84.6,100,84.6,100,100,FALSE
Oklahoma,4030870,Valliant Public Schools,26,260,84.6,92.3,88.5,92.3,84.6,FALSE
Oregon,4104410,Dufur School District 29,26,260,84.6,100,100,96.2,96.2,FALSE
Oregon,4107590,Lowell School District 71,13,130,84.6,84.6,100,100,84.6,FALSE
South Dakota,4630490,Haakon School District 27-1,13,130,84.6,100,100,84.6,100,FALSE
South Dakota,4647100,Menno School District 33-2,13,130,84.6,100,84.6,84.6,100,FALSE
Texas,4807380,Abbott Independent School District,13,130,84.6,100,84.6,92.3,100,FALSE
Texas,4811010,Boyd Independent School District,65,650,84.6,96.9,92.3,100,84.6,FALSE
Texas,4846590,Yantis Independent School District,13,130,84.6,100,84.6,100,100,FALSE
Utah,4900690,North Summit School District,39,390,84.6,100,97.4,97.4,87.2,FALSE
Washington,5309630,Wellpinit School District,13,130,84.6,84.6,100,100,100,FALSE
Wisconsin,5500570,Athens School District,26,260,84.6,100,88.5,100,96.2,FALSE
Wisconsin,5512540,Kickapoo Area School District,26,260,84.6,100,84.6,100,100,FALSE
California,600069,Valley Center-Pauma Unified School District,238,2380,84.5,98.3,100,100,100,FALSE
Mississippi,2802700,Louisville Municipal School District,97,970,84.5,99,100,100,86.6,FALSE
Mississippi,2803510,Pass Christian Public School District,71,710,84.5,84.5,97.2,100,93,FALSE
New Mexico,3501230,Hatch Valley Municipal Schools,58,580,84.5,100,100,89.7,89.7,FALSE
New York,3614580,Holland Patent Central School District,71,710,84.5,100,90.1,100,100,FALSE
Texas,4840920,Southside Independent School District,219,2190,84.5,90.9,86.8,100,100,FALSE
Virginia,5101200,Essex County Public Schools,58,580,84.5,94.8,87.9,96.6,94.8,FALSE
Washington,5302070,Deer Park School District,110,1100,84.5,100,90.9,100,91.8,FALSE
Illinois,1713920,Tri-Valley Community Unit School District 3,32,320,84.4,100,100,100,100,FALSE
Illinois,1725590,Community Unit School District 4,45,450,84.4,100,91.1,84.4,100,FALSE
Michigan,2608670,Centreville Public Schools,32,320,84.4,96.9,100,100,90.6,FALSE
Michigan,2611700,Deckerville Community School District,32,320,84.4,100,100,100,100,FALSE
Minnesota,2728970,Pine River-Backus Public School District,45,450,84.4,95.6,91.1,95.6,88.9,FALSE
Missouri,2930840,Morgan County R-II School District,109,1090,84.4,97.2,93.6,100,88.1,FALSE
New York,3619800,Moravia Central School District,32,320,84.4,87.5,87.5,87.5,100,FALSE
New York,3631170,Wheatland-Chili Central School District,45,450,84.4,100,100,100,84.4,FALSE
Pennsylvania,4210830,Glendale School District,32,320,84.4,87.5,100,84.4,100,FALSE
Pennsylvania,4222590,Spring Grove Area School District,179,1790,84.4,100,100,99.4,84.9,FALSE
Pennsylvania,4226010,Mifflinburg Area School District,122,1220,84.4,100,100,100,84.4,FALSE
Tennessee,4704170,Trousdale County School District,77,770,84.4,97.4,94.8,100,87,FALSE
Texas,4843230,Troup Independent School District,32,320,84.4,100,93.8,100,90.6,FALSE
Washington,5302280,East Valley School District (Spokane),180,1800,84.4,100,100,100,92.8,FALSE
Washington,5302850,Ferndale School District,212,2120,84.4,97.2,100,100,94.3,FALSE
Wisconsin,5500017,River Ridge School District,32,320,84.4,100,84.4,100,100,FALSE
Wisconsin,5506750,Hurley School District,32,320,84.4,100,87.5,100,96.9,FALSE
Wisconsin,5514130,Southern Door County School District,45,450,84.4,100,86.7,100,100,FALSE
Georgia,1303540,Marion County School District,51,510,84.3,88.2,92.2,96.1,100,FALSE
Indiana,1809810,Salem Community Schools,83,830,84.3,100,100,100,85.5,FALSE
Indiana,1810440,South Madison Community School Corporation,121,1210,84.3,100,100,100,84.3,FALSE
Kentucky,2104800,Pike County School District,324,3240,84.3,89.8,89.5,100,94.1,FALSE
New York,3627750,Spencer-Van Etten Central School District,51,510,84.3,100,90.2,92.2,100,FALSE
South Dakota,4672090,Todd County School District 66-1,121,1210,84.3,84.3,100,100,92.6,FALSE
West Virginia,5401290,Ritchie County School District,51,510,84.3,100,86.3,100,98,FALSE
Wisconsin,5509750,Mishicot School District,51,510,84.3,100,84.3,100,100,FALSE
Illinois,1726970,Meridian Community Unit School District 101,19,190,84.2,94.7,89.5,94.7,100,FALSE
Iowa,1916140,Harris-Lake Park Community School District,19,190,84.2,100,94.7,94.7,100,FALSE
Iowa,1924120,Remsen-Union Community School District,19,190,84.2,100,84.2,89.5,84.2,FALSE
Kansas,2012870,Wellsville Unified School District 289,38,380,84.2,100,86.8,100,100,FALSE
Kentucky,2102130,Gallatin County School District,57,570,84.2,98.2,89.5,100,84.2,FALSE
Maine,2311670,School Administrative District 44,19,190,84.2,89.5,89.5,100,94.7,FALSE
Minnesota,2740810,Ulen-Hitterdal Public School District,19,190,84.2,100,100,84.2,100,FALSE
Missouri,2916470,Kelso C-7 School District,19,190,84.2,100,89.5,100,100,FALSE
Nebraska,3100122,South Central Nebraska Unified 5,19,190,84.2,94.7,94.7,100,100,FALSE
New York,3600124,Canisteo-Greenwood Central School District,38,380,84.2,100,86.8,86.8,97.4,FALSE
New York,3606780,Cazenovia Central School District,38,380,84.2,100,94.7,100,84.2,FALSE
New York,3617430,Lisbon Central School District,19,190,84.2,100,94.7,89.5,100,FALSE
New York,3619200,Middle Country Central School District,469,4690,84.2,100,100,100,96.8,FALSE
New York,3629790,Wallkill Central School District,95,950,84.2,100,100,90.5,100,FALSE
Oklahoma,4002520,Afton Public Schools,19,190,84.2,100,84.2,100,100,FALSE
Oklahoma,4022350,Oakdale Public School,19,190,84.2,100,84.2,100,100,FALSE
Tennessee,4702490,Lincoln County School District,196,1960,84.2,100,96.4,100,90.3,FALSE
Texas,4822590,Harper Independent School District,19,190,84.2,100,84.2,100,100,FALSE
Texas,4833720,Orange Grove Independent School District,38,380,84.2,100,97.4,100,89.5,FALSE
Texas,4844580,Warren Independent School District,38,380,84.2,100,84.2,100,100,FALSE
Wisconsin,5501310,Pecatonica Area School District,19,190,84.2,100,84.2,100,100,FALSE
Idaho,1601570,Jefferson County Joint School District 251,251,2510,84.1,100,100,100,100,FALSE
Illinois,1707830,Central Community Unit School District 301,170,1700,84.1,100,96.5,100,94.7,FALSE
Illinois,1728700,North Boone Community Unit School District 200,82,820,84.1,100,85.4,100,100,FALSE
Illinois,1733950,River Bend Community Unit District 2,44,440,84.1,100,100,100,100,FALSE
Indiana,1812990,Western Boone County Community School Corporation,63,630,84.1,100,95.2,100,85.7,FALSE
Michigan,2620550,Laingsburg Community School District,44,440,84.1,100,100,95.5,100,FALSE
Michigan,2633900,Trenton Public Schools,82,820,84.1,100,100,100,84.1,FALSE
Missouri,2900004,New Madrid County R-I School District,63,630,84.1,93.7,95.2,100,93.7,FALSE
Montana,3027790,Whitefish High School District,82,820,84.1,100,100,96.3,87.8,FALSE
Ohio,3904524,Harrison Hills City School District,63,630,84.1,100,84.1,100,100,FALSE
Ohio,3905035,Crestview Local School District,44,440,84.1,100,84.1,100,100,FALSE
Virginia,5101590,Giles County Public Schools,88,880,84.1,94.3,92,97.7,92,FALSE
Arkansas,505340,Dierks School District,25,250,84,100,100,100,84,FALSE
Arkansas,509480,Searcy County School District,25,250,84,100,100,100,84,FALSE
California,625150,Modesto City High School District,2370,23700,84,100,100,100,99.6,FALSE
Iowa,1917100,North Cedar Community School District,25,250,84,100,84,100,88,FALSE
Louisiana,2200600,East Feliciana Parish School District,106,1060,84,95.3,93.4,100,90.6,FALSE
Minnesota,2700183,Westbrook-Walnut Grove Schools,25,250,84,100,96,88,92,FALSE
Ohio,3905028,Indian Valley Local School District,100,1000,84,100,100,100,84,FALSE
Oklahoma,4015690,Jay Public Schools,75,750,84,85.3,85.3,100,90.7,FALSE
Tennessee,4703510,Rhea County School District,212,2120,84,99.1,95.3,95.8,96.7,FALSE
Virginia,5100660,Caroline County Public Schools,219,2190,84,95.9,92.7,99.1,90.4,FALSE
Wisconsin,5500120,Albany School District,25,250,84,100,100,100,100,FALSE
California,635600,Santa Cruz City High School District,56,560,83.9,100,100,100,83.9,FALSE
Illinois,1727960,New Athens Community Unit School District 60,31,310,83.9,100,87.1,100,100,FALSE
Indiana,1807900,North Montgomery Community School Corporation,87,870,83.9,100,89.7,100,100,FALSE
Indiana,1811220,Switzerland County School Corporation,62,620,83.9,91.9,95.2,100,90.3,FALSE
Massachusetts,2502715,Blackstone-Millville School District,62,620,83.9,100,90.3,100,100,FALSE
Missouri,2913590,Hamilton R-II School District,31,310,83.9,100,83.9,100,100,FALSE
Missouri,2925640,Putnam County R-I School District,31,310,83.9,100,100,100,100,FALSE
New Mexico,3501890,Moriarty Municipal Schools,124,1240,83.9,96.8,96,99.2,86.3,FALSE
New Mexico,3502670,Tularosa Municipal Schools,62,620,83.9,91.9,100,100,100,FALSE
Ohio,3904769,West Holmes Local School District,155,1550,83.9,98.1,100,97.4,98.1,FALSE
Oklahoma,4022590,Okarche Public Schools,31,310,83.9,100,93.5,83.9,100,FALSE
Virginia,5103750,Surry County Public Schools,31,310,83.9,100,96.8,87.1,100,FALSE
Washington,5306420,Oroville School District,31,310,83.9,100,100,100,100,FALSE
Wisconsin,5504230,Elk Mound Area School District,31,310,83.9,100,90.3,93.5,100,FALSE
Wisconsin,5508760,Markesan School District,31,310,83.9,100,83.9,100,83.9,FALSE
Arkansas,502820,Bay School District,68,680,83.8,100,100,100,83.8,FALSE
Illinois,1719260,Hinckley-Big Rock Community Unit School District 429,37,370,83.8,100,89.2,100,100,FALSE
Kansas,2007620,Hutchinson Public Schools Unified School District 308,222,2220,83.8,89.2,100,100,100,FALSE
New Hampshire,3304670,Mascenic Regional School District,68,680,83.8,100,97.1,95.6,94.1,FALSE
Wisconsin,5508730,Marion School District,37,370,83.8,100,89.2,100,86.5,FALSE
Alabama,102880,Russell County School District,258,2580,83.7,100,95.7,100,89.5,FALSE
Georgia,1305760,Wilkes County School District,43,430,83.7,93,100,97.7,83.7,FALSE
Indiana,1808130,North White School Corporation,43,430,83.7,100,93,100,90.7,FALSE
Kentucky,2103540,Logan County School District,221,2210,83.7,100,91.4,99.1,95.9,FALSE
Missouri,2904020,Aurora R-VIII School District,49,490,83.7,100,83.7,100,100,FALSE
Missouri,2925110,Pierce City R-VI School District,49,490,83.7,100,100,100,100,FALSE
Pennsylvania,4224870,Warrior Run School District,104,1040,83.7,93.3,100,100,86.5,FALSE
Tennessee,4700990,DeKalb County School District,202,2020,83.7,100,87.6,100,87.1,FALSE
West Virginia,5401440,Tyler County School District,49,490,83.7,98,95.9,100,95.9,FALSE
Wisconsin,5500600,Auburndale School District,43,430,83.7,100,86,95.3,100,FALSE
Arkansas,509360,Lee County School District,67,670,83.6,100,100,97,89.6,FALSE
Colorado,806480,Widefield School District 3,617,6170,83.6,99.7,100,100,100,FALSE
Iowa,1932010,Woodward-Granger Community School District,67,670,83.6,100,88.1,100,86.6,FALSE
Missouri,2909930,Blair Oaks R-II School District,67,670,83.6,100,98.5,98.5,86.6,FALSE
Missouri,2914490,Holden R-III School District,73,730,83.6,100,100,100,83.6,FALSE
New York,3624090,Randolph Central School District,73,730,83.6,100,94.5,97.3,100,FALSE
Pennsylvania,4224300,Upper Adams School District,67,670,83.6,83.6,100,100,100,FALSE
Texas,4817160,Dimmitt Independent School District,61,610,83.6,95.1,83.6,100,83.6,FALSE
Alabama,102820,Randolph County School District,121,1210,83.5,97.5,90.1,98.3,95,FALSE
Arizona,406960,San Carlos Unified District,97,970,83.5,83.5,95.9,100,100,FALSE
Connecticut,903538,Regional School District 16,91,910,83.5,100,100,100,93.4,FALSE
Kansas,2003360,Andover Unified School District 385,170,1700,83.5,100,85.3,100,100,FALSE
Kentucky,2103390,Lewis County School District,97,970,83.5,91.8,95.9,99,91.8,FALSE
Pennsylvania,4200824,Central Valley School District,115,1150,83.5,100,100,100,86.1,FALSE
Tennessee,4700780,Coffee County School District,175,1750,83.4,100,88.6,99.4,93.1,FALSE
Alaska,200060,Cordova City School District,12,120,83.3,100,100,83.3,83.3,FALSE
Alaska,200120,Dillingham City School District,6,60,83.3,83.3,83.3,100,83.3,FALSE
Arkansas,507620,Hector School District,6,60,83.3,83.3,83.3,100,83.3,FALSE
Arkansas,510290,Mulberry School District,30,300,83.3,100,100,100,83.3,FALSE
California,631400,Potter Valley Community Unified School District,6,60,83.3,100,100,83.3,83.3,FALSE
Colorado,803180,Cripple Creek-Victor School District RE-1,12,120,83.3,83.3,83.3,100,100,FALSE
Colorado,806840,Swink School District 33,6,60,83.3,100,100,83.3,100,FALSE
Idaho,1600815,Plummer-Worley Joint School District 44,24,240,83.3,91.7,95.8,100,83.3,FALSE
Idaho,1601500,Horseshoe Bend School District 73,6,60,83.3,100,83.3,100,83.3,FALSE
Idaho,1602490,Oneida County School District 351,36,360,83.3,100,97.2,100,86.1,FALSE
Illinois,1700125,Bureau Valley Community Unit School District 340,54,540,83.3,100,88.9,94.4,92.6,FALSE
Illinois,1701404,Odin Public School District 722,6,60,83.3,100,83.3,100,83.3,FALSE
Illinois,1717280,Granite City Community Unit School District 9,282,2820,83.3,100,94,100,100,FALSE
Illinois,1722770,Liberty Community Unit School District 2,36,360,83.3,100,83.3,91.7,100,FALSE
Illinois,1730060,Orangeville Community Unit School District 203,12,120,83.3,100,100,91.7,100,FALSE
Illinois,1730990,Payson Community Unit School District 1,18,180,83.3,100,94.4,100,100,FALSE
Illinois,1731270,Peoria Heights Community Unit School District 325,66,660,83.3,100,100,100,89.4,FALSE
Illinois,1731920,Pleasant Plains Community Unit School District 8,36,360,83.3,100,91.7,94.4,97.2,FALSE
Illinois,1735190,Salem Community High School District 600,114,1140,83.3,100,100,100,91.2,FALSE
Illinois,1740650,Waltonville Community Unit School District 1,6,60,83.3,100,83.3,100,100,FALSE
Illinois,1740740,Warren Community Unit School District 205,12,120,83.3,100,83.3,83.3,100,FALSE
Iowa,1905940,CAM Community School District,18,180,83.3,100,94.4,88.9,88.9,FALSE
Iowa,1910350,East Union Community School District,12,120,83.3,100,83.3,100,83.3,FALSE
Iowa,1912600,Gilmore City-Bradgate Community School District,6,60,83.3,100,100,100,83.3,FALSE
Iowa,1914310,Hubbard-Radcliffe Community School District,12,120,83.3,100,83.3,100,100,FALSE
Kansas,2000020,Western Plains Unified School District 106,6,60,83.3,100,83.3,83.3,100,FALSE
Kansas,2000348,Doniphan West Unified School District 111,12,120,83.3,100,100,83.3,100,FALSE
Kansas,2005190,Copeland Unified School District 476,6,60,83.3,100,83.3,100,100,FALSE
Kansas,2005610,Douglass Public Schools Unified School District 396,18,180,83.3,100,83.3,100,100,FALSE
Kansas,2008220,LaCrosse Unified School District 395,12,120,83.3,100,100,91.7,100,FALSE
Kansas,2009320,Royal Valley Unified School District 337,36,360,83.3,94.4,94.4,94.4,100,FALSE
Kentucky,2100070,Allen County School District,168,1680,83.3,100,92.3,100,85.7,FALSE
Kentucky,2100810,Butler County School District,96,960,83.3,100,90.6,100,85.4,FALSE
Kentucky,2105040,Robertson County School District,6,60,83.3,100,83.3,100,100,FALSE
Louisiana,2200420,Catahoula Parish School District,54,540,83.3,100,87,94.4,100,FALSE
Michigan,2607170,Buckley Community School District,18,180,83.3,100,100,100,83.3,FALSE
Michigan,2608400,Cass City Public Schools,60,600,83.3,100,100,100,83.3,FALSE
Michigan,2611910,Delton-Kellogg School District,30,300,83.3,93.3,100,90,93.3,FALSE
Michigan,2620400,Kingston Community School District,18,180,83.3,88.9,100,94.4,100,FALSE
Michigan,2623610,Merrill Community Schools,30,300,83.3,83.3,100,100,100,FALSE
Michigan,2624000,Mio-AuSable Schools,18,180,83.3,83.3,100,100,100,FALSE
Michigan,2633120,Summerfield School District,36,360,83.3,100,100,100,91.7,FALSE
Michigan,2636480,Wolverine Community Schools,12,120,83.3,100,100,91.7,91.7,FALSE
Minnesota,2700103,Clearbrook-Gonvick School District,12,120,83.3,100,100,83.3,100,FALSE
Minnesota,2718920,Grygla Public School District,6,60,83.3,83.3,83.3,83.3,100,FALSE
Mississippi,2803270,North Tippah School District,54,540,83.3,87,94.4,100,96.3,FALSE
Missouri,2913680,Hardin-Central C-2 School District,6,60,83.3,100,83.3,100,100,FALSE
Missouri,2922560,Nodaway-Holt R-VII School District,6,60,83.3,83.3,100,100,100,FALSE
Missouri,2929610,Morgan County R-I School District,36,360,83.3,100,97.2,100,91.7,FALSE
Missouri,2930900,West Nodaway County R-I School District,6,60,83.3,100,83.3,100,100,FALSE
Missouri,2931920,Wheatland R-II School District,12,120,83.3,100,83.3,100,100,FALSE
Montana,3004860,Powder River County High School District,12,120,83.3,100,100,83.3,100,FALSE
Montana,3011520,Frenchtown K-12 Schools,54,540,83.3,100,96.3,85.2,100,FALSE
Montana,3011880,Garfield County High School District,6,60,83.3,100,83.3,100,100,FALSE
Montana,3024180,Sheridan High School District,6,60,83.3,100,100,83.3,100,FALSE
Montana,3026670,Turner High School District,6,60,83.3,100,83.3,100,100,FALSE
Nebraska,3100010,Anselmo-Merna Public Schools,12,120,83.3,100,83.3,83.3,100,FALSE
Nebraska,3100110,South Platte Public Schools,6,60,83.3,100,100,83.3,83.3,FALSE
Nebraska,3104950,Raymond Central Public Schools,24,240,83.3,100,91.7,95.8,91.7,FALSE
Nebraska,3173210,Lyons-Decatur Northeast Schools,6,60,83.3,100,100,100,100,FALSE
New Hampshire,3304500,Lyme School District,6,60,83.3,100,100,100,83.3,FALSE
New Hampshire,3306390,Stoddard School District,12,120,83.3,100,100,100,83.3,FALSE
New Mexico,3500090,Animas Public Schools,6,60,83.3,83.3,83.3,100,100,FALSE
New York,3624660,Ripley Central School District,6,60,83.3,100,83.3,100,100,FALSE
New York,3627570,Southern Cayuga Central School District,30,300,83.3,100,90,93.3,100,FALSE
North Carolina,3700120,Alleghany County Schools,54,540,83.3,98.1,100,100,88.9,FALSE
Ohio,3910005,Jackson Center Local School District,18,180,83.3,100,83.3,100,100,FALSE
Ohio,3910031,Marion Local School District,54,540,83.3,100,100,100,83.3,FALSE
Oklahoma,4006420,Caney Public Schools,6,60,83.3,83.3,83.3,100,100,FALSE
Oklahoma,4016500,Kiefer Public Schools,24,240,83.3,100,100,100,100,FALSE
Oklahoma,4018270,Lone Wolf Public Schools,6,60,83.3,100,83.3,100,100,FALSE
Oklahoma,4026010,Riverside Public School,18,180,83.3,100,100,100,94.4,FALSE
Oklahoma,4027390,Sequoyah Public Schools,36,360,83.3,100,83.3,100,100,FALSE
Oklahoma,4032130,Webbers Falls Public Schools,6,60,83.3,83.3,83.3,100,100,FALSE
Oklahoma,4033210,Wright City Public Schools,6,60,83.3,83.3,83.3,100,100,FALSE
Oregon,4106630,Imbler School District 11,6,60,83.3,100,100,100,83.3,FALSE
Oregon,4110530,Riddle School District 70,6,60,83.3,100,100,83.3,83.3,FALSE
Pennsylvania,4206030,Clairton City School District,60,600,83.3,100,100,100,100,FALSE
Pennsylvania,4208280,Forest Area School District,6,60,83.3,100,83.3,100,100,FALSE
Pennsylvania,4212540,Jim Thorpe Area School District,96,960,83.3,100,96.9,100,84.4,FALSE
South Carolina,4503914,Barnwell County Consolidated School District,60,600,83.3,91.7,88.3,100,100,FALSE
South Dakota,4600003,Wilmot School District 54-7,6,60,83.3,100,83.3,83.3,100,FALSE
South Dakota,4600036,Deuel School District 19-4,24,240,83.3,100,91.7,100,83.3,FALSE
South Dakota,4611280,Castlewood School District 28-1,18,180,83.3,100,83.3,100,100,FALSE
South Dakota,4617850,De Smet School District 38-2,12,120,83.3,100,83.3,83.3,100,FALSE
Tennessee,4702520,Loudon County School District,246,2460,83.3,100,94.7,100,92.7,FALSE
Texas,4809780,Bells Independent School District,30,300,83.3,100,83.3,100,100,FALSE
Texas,4818120,Edgewood Independent School District,48,480,83.3,95.8,97.9,100,87.5,FALSE
Texas,4818360,Elgin Independent School District,270,2700,83.3,100,89.3,100,93,FALSE
Texas,4819080,Farmersville Independent School District,96,960,83.3,100,91.7,96.9,88.5,FALSE
Texas,4820970,Gold-Burg Independent School District,6,60,83.3,100,83.3,100,100,FALSE
Texas,4822800,Hawley Independent School District,6,60,83.3,100,83.3,100,83.3,FALSE
Texas,4826970,Lazbuddie Independent School District,6,60,83.3,100,83.3,100,100,FALSE
Texas,4830750,Miles Independent School District,12,120,83.3,100,91.7,100,83.3,FALSE
Texas,4830780,Milford Independent School District,6,60,83.3,100,83.3,100,100,FALSE
Texas,4832010,Murchison Independent School District,6,60,83.3,100,83.3,100,100,FALSE
Texas,4834410,Pawnee Independent School District,12,120,83.3,91.7,83.3,100,100,FALSE
Texas,4837900,Rosebud-Lott Independent School District,30,300,83.3,100,83.3,100,100,FALSE
Texas,4839210,Santa Anna Independent School District,6,60,83.3,100,83.3,100,100,FALSE
Texas,4843860,Valley View Independent School District,24,240,83.3,100,87.5,100,87.5,FALSE
Texas,4844040,Veribest Independent School District,24,240,83.3,100,87.5,95.8,100,FALSE
Washington,5300630,Boistfort School District,6,60,83.3,100,83.3,100,100,FALSE
Washington,5301500,Colton School District,6,60,83.3,100,83.3,100,100,FALSE
Washington,5302520,Endicott School District,6,60,83.3,100,83.3,100,100,FALSE
Washington,5307800,Selkirk School District,6,60,83.3,100,83.3,100,100,FALSE
Wisconsin,5500750,Unity School District,30,300,83.3,90,83.3,86.7,100,FALSE
Wisconsin,5514850,Three Lakes School District,18,180,83.3,100,83.3,100,100,FALSE
Wisconsin,5514880,Tigerton School District,12,120,83.3,100,83.3,100,100,FALSE
Arkansas,508670,Lakeside School District,95,950,83.2,97.9,100,100,83.2,FALSE
Indiana,1811190,Sunman-Dearborn Community School Corporation,155,1550,83.2,100,98.1,100,83.9,FALSE
Michigan,2610830,Coopersville Public School District,149,1490,83.2,95.3,100,99.3,91.3,FALSE
Colorado,807230,Westminster Public School District,520,5200,83.1,100,100,100,97.3,FALSE
Michigan,2602790,Anchor Bay School District,255,2550,83.1,100,100,99.6,94.1,FALSE
New York,3605040,Adirondack Central School District,59,590,83.1,100,83.1,91.5,100,FALSE
New York,3606630,Carthage Central School District,242,2420,83.1,100,98.8,100,99.6,FALSE
North Carolina,3701140,Davidson County Schools,800,8000,83.1,98.5,100,100,89,FALSE
Virginia,5101740,Greensville County Public Schools,65,650,83.1,100,93.8,95.4,89.2,FALSE
Arkansas,506840,Gravette School District,100,1000,83,100,94,98,90,FALSE
Indiana,1807830,North Knox School Corporation,53,530,83,83,100,100,100,FALSE
Indiana,1810980,Springs Valley Community School Corporation,47,470,83,100,83,100,100,FALSE
Maine,2314440,School Administrative District 64,47,470,83,100,91.5,91.5,89.4,FALSE
Missouri,2909900,Cole Camp R-I School District,47,470,83,100,100,100,83,FALSE
New York,3630390,Northeast Central School District,47,470,83,100,93.6,100,91.5,FALSE
Ohio,3904582,Hillsdale Local School District,53,530,83,100,83,100,98.1,FALSE
Ohio,3905000,Manchester Local School District,47,470,83,100,100,100,83,FALSE
Ohio,3905039,Vinton County Local School District,88,880,83,100,83,100,100,FALSE
Vermont,5000393,Mill River Unified School District,53,530,83,100,84.9,100,92.5,FALSE
Washington,5305790,North Mason School District,100,1000,83,100,100,100,87,FALSE
Wisconsin,5502640,Clinton Community School District,53,530,83,100,84.9,100,100,FALSE
Arkansas,500045,Rivercrest School District,35,350,82.9,88.6,91.4,100,97.1,FALSE
Colorado,802370,Platte Canyon School District 1,35,350,82.9,100,97.1,91.4,85.7,FALSE
Georgia,1305460,Warren County School District,35,350,82.9,100,100,100,100,FALSE
Idaho,1600240,Bear Lake County School District 33,41,410,82.9,97.6,97.6,100,85.4,FALSE
Idaho,1601530,Idaho Falls School District 91,525,5250,82.9,100,100,100,100,FALSE
Kentucky,2101920,Fleming County School District,123,1230,82.9,94.3,90.2,99.2,96.7,FALSE
Michigan,2615990,Gladwin Community Schools,70,700,82.9,94.3,100,95.7,87.1,FALSE
Michigan,2630210,Roseville Community Schools,246,2460,82.9,100,100,100,92.3,FALSE
New Jersey,3407050,Henry Hudson Regional School District,41,410,82.9,100,100,100,82.9,FALSE
New York,3612750,Greene Central School District,41,410,82.9,95.1,82.9,82.9,100,FALSE
New York,3625140,Royalton-Hartland Central School District,76,760,82.9,100,86.8,100,100,FALSE
Oregon,4101620,Astoria School District 1,129,1290,82.9,100,100,100,83.7,FALSE
Tennessee,4701860,Hickman County School District,140,1400,82.9,97.1,89.3,100,87.1,FALSE
Texas,4821750,Greenwood Independent School District,41,410,82.9,100,85.4,100,82.9,FALSE
Virginia,5101650,Goochland County Public Schools,105,1050,82.9,99,92.4,100,87.6,FALSE
Washington,5308460,Steilacoom Historical School District,140,1400,82.9,100,100,100,82.9,FALSE
West Virginia,5400120,Braxton County School District,41,410,82.9,85.4,85.4,100,97.6,FALSE
West Virginia,5400240,Clay County School District,41,410,82.9,87.8,87.8,97.6,100,FALSE
Wisconsin,5505970,Greenwood School District,35,350,82.9,100,97.1,91.4,91.4,FALSE
Wisconsin,5514040,South Milwaukee School District,170,1700,82.9,100,100,100,100,FALSE
Wisconsin,5517100,Wittenberg-Birnamwood School District,35,350,82.9,94.3,91.4,97.1,100,FALSE
Alaska,200390,Kenai Peninsula Borough School District,418,4180,82.8,99,97.6,96.9,92.1,FALSE
Indiana,1806080,Warren County Metropolitan School District,58,580,82.8,100,100,100,82.8,FALSE
Iowa,1921000,North Tama County Community School District,29,290,82.8,100,86.2,96.6,86.2,FALSE
Kansas,2004800,Cimarron-Ensign Unified School District 102,29,290,82.8,100,82.8,100,100,FALSE
Massachusetts,2509420,Pembroke School District,128,1280,82.8,100,93,100,85.9,FALSE
Mississippi,2802490,Lawrence County School District,99,990,82.8,97,100,100,85.9,FALSE
Missouri,2910110,Laclede County R-I School District,29,290,82.8,100,82.8,100,100,FALSE
Missouri,2923460,Meramec Valley R-III School District,151,1510,82.8,99.3,84.8,99.3,100,FALSE
Missouri,2931860,Westran R-I School District,29,290,82.8,100,93.1,100,82.8,FALSE
New Jersey,3409450,Manchester Township School District,209,2090,82.8,95.7,94.3,100,98.1,FALSE
Oklahoma,4011250,Fairland Public Schools,29,290,82.8,100,100,86.2,100,FALSE
Oregon,4103265,Rainier School District 13,29,290,82.8,89.7,100,100,96.6,FALSE
Washington,5310050,Woodland School District,145,1450,82.8,100,100,100,92.4,FALSE
Wisconsin,5504200,Eleva-Strum School District,29,290,82.8,100,96.6,100,86.2,FALSE
California,631170,Plumas Unified School District,104,1040,82.7,100,100,92.3,92.3,FALSE
Mississippi,2804230,Tate County School District,104,1040,82.7,89.4,100,100,93.3,FALSE
Missouri,2911310,El Dorado Springs R-II School District,52,520,82.7,92.3,88.5,100,86.5,FALSE
Ohio,3904744,Liberty-Benton Local School District,52,520,82.7,100,100,100,84.6,FALSE
Rhode Island,4400960,Scituate School District,52,520,82.7,100,88.5,100,98.1,FALSE
West Virginia,5400420,Hampshire County School District,139,1390,82.7,94.2,89.2,99.3,89.9,FALSE
Wisconsin,5514010,Somerset School District,52,520,82.7,100,96.2,100,86.5,FALSE
Wisconsin,5516410,Westby Area School District,52,520,82.7,90.4,88.5,90.4,90.4,FALSE
Arkansas,504930,Dardanelle Public Schools,69,690,82.6,100,100,100,100,FALSE
Georgia,1301800,Dooly County School District,46,460,82.6,84.8,97.8,100,93.5,FALSE
Illinois,1739090,Cumberland Community Unit School District 77,46,460,82.6,91.3,93.5,95.7,100,FALSE
Iowa,1930960,West Harrison Community School District,23,230,82.6,100,82.6,100,100,FALSE
Michigan,2611400,Dansville Schools,23,230,82.6,100,100,87,100,FALSE
Michigan,2633360,Suttons Bay Public Schools,23,230,82.6,91.3,100,91.3,100,FALSE
New York,3620220,Naples Central School District,23,230,82.6,100,87,100,95.7,FALSE
New York,3630990,Westfield Central School District,23,230,82.6,100,91.3,100,100,FALSE
Oklahoma,4005400,Bridge Creek Public Schools,46,460,82.6,100,84.8,100,100,FALSE
Oklahoma,4018990,Marietta Public School,23,230,82.6,82.6,82.6,100,91.3,FALSE
Pennsylvania,4206270,Cocalico School District,201,2010,82.6,100,100,100,83.1,FALSE
Tennessee,4701440,Grainger County School District,144,1440,82.6,94.4,89.6,100,89.6,FALSE
Tennessee,4701740,Hawkins County School District,288,2880,82.6,97.9,98.6,100,89.2,FALSE
Tennessee,4702880,McNairy County School District,161,1610,82.6,96.3,85.7,100,100,FALSE
Texas,4840410,Skidmore-Tynan Independent School District,23,230,82.6,87,87,100,100,FALSE
Arkansas,500068,Emerson-Taylor-Bradley School District,40,400,82.5,87.5,100,100,95,FALSE
Georgia,1300150,Bacon County School District,57,570,82.5,87.7,89.5,100,82.5,FALSE
Iowa,1907980,Columbus Community School District,40,400,82.5,100,82.5,100,100,FALSE
Michigan,2614730,Fowlerville Community Schools,114,1140,82.5,100,100,100,83.3,FALSE
Missouri,2906120,Dallas County R-I School District,120,1200,82.5,100,87.5,100,90.8,FALSE
New York,3624930,Romulus Central School District,40,400,82.5,100,82.5,100,100,FALSE
Tennessee,4703000,Monroe County School District,211,2110,82.5,97.2,90,100,91,FALSE
Arkansas,504170,White County Central School District,17,170,82.4,100,88.2,100,94.1,FALSE
Arkansas,506420,Fountain Lake School District,51,510,82.4,100,100,100,82.4,FALSE
Florida,1202010,Washington County School District,153,1530,82.4,100,98.7,100,83.7,FALSE
Georgia,1300690,Butts County School District,142,1420,82.4,97.2,89.4,99.3,84.5,FALSE
Illinois,1701384,Illini West High School District 307,34,340,82.4,100,82.4,85.3,85.3,FALSE
Illinois,1712030,DeLand-Weldon Community Unit School District 57,17,170,82.4,100,82.4,100,100,FALSE
Iowa,1918030,Lynnville-Sully Community School District,17,170,82.4,100,100,100,82.4,FALSE
Maine,2304895,Deer Isle-Stonington Community School District,17,170,82.4,88.2,100,94.1,94.1,FALSE
Maine,2314530,School Administrative District 46,34,340,82.4,97.1,94.1,82.4,100,FALSE
Mississippi,2800390,Alcorn School District,142,1420,82.4,100,94.4,100,85.9,FALSE
New York,3608250,Cooperstown Central School District,17,170,82.4,88.2,100,100,82.4,FALSE
New York,3613440,Hammond Central School District,17,170,82.4,100,94.1,94.1,100,FALSE
New York,3615360,Iroquois Central School District,136,1360,82.4,100,100,100,83.1,FALSE
Oklahoma,4011430,Fargo Public Schools,17,170,82.4,100,82.4,100,100,FALSE
Oklahoma,4018390,Lookeba-Sickles Public Schools,17,170,82.4,88.2,88.2,100,100,FALSE
Pennsylvania,4222920,Sullivan County School District,17,170,82.4,100,100,100,82.4,FALSE
Texas,4811820,Bryson Independent School District,17,170,82.4,100,94.1,100,82.4,FALSE
Utah,4900270,Emery School District,68,680,82.4,100,89.7,94.1,100,FALSE
Virginia,5102790,Nottoway County Public Schools,91,910,82.4,100,97.8,100,90.1,FALSE
Washington,5305370,East Valley School District (Yakima),102,1020,82.4,100,100,100,100,FALSE
Wisconsin,5511820,Tri-County Area School District,34,340,82.4,100,82.4,100,100,FALSE
Wisconsin,5516860,Winter School District,17,170,82.4,82.4,82.4,100,100,FALSE
Alabama,100360,Bibb County School District,141,1410,82.3,96.5,90.8,100,90.1,FALSE
Arkansas,500006,Warren School District,62,620,82.3,96.8,100,100,83.9,FALSE
Indiana,1804050,Greenfield-Central Community Schools,192,1920,82.3,100,93.8,100,100,FALSE
Indiana,1805550,Wawasee Community School Corporation,147,1470,82.3,100,100,100,84.4,FALSE
Kansas,2012300,Circle Unified School District 375,79,790,82.3,100,89.9,98.7,100,FALSE
Ohio,3910010,Miami Trace Local School District,164,1640,82.3,100,100,100,84.8,FALSE
Utah,4900900,San Juan School District,113,1130,82.3,99.1,94.7,90.3,89.4,FALSE
Indiana,1810360,South Harrison Community Schools,152,1520,82.2,100,93.4,100,91.4,FALSE
Iowa,1929580,East Sac County Community School District,45,450,82.2,95.6,84.4,93.3,100,FALSE
Ohio,3904580,Spencerville Local School District,45,450,82.2,100,100,100,82.2,FALSE
California,603690,Baldwin Park Unified School District,430,4300,82.1,100,100,100,100,FALSE
Georgia,1302700,Harris County School District,179,1790,82.1,99.4,91.1,100,87.2,FALSE
Kansas,2000006,Hiawatha Unified School District 415,28,280,82.1,100,82.1,100,100,FALSE
Kansas,2011640,Shawnee Mission Public Schools Unified School District,1690,16900,82.1,100,100,100,89.8,FALSE
Minnesota,2732970,Sebeka Public School District,28,280,82.1,100,100,92.9,100,FALSE
Missouri,2927660,Schuyler County R-I School District,39,390,82.1,100,84.6,100,100,FALSE
New York,3620790,Newfield Central School District,28,280,82.1,100,89.3,96.4,100,FALSE
Ohio,3904546,Loudonville-Perrysville Exempted Village School District,39,390,82.1,100,100,100,84.6,FALSE
Pennsylvania,4214850,Central Fulton School District,39,390,82.1,89.7,89.7,100,94.9,FALSE
Pennsylvania,4222170,South Eastern School District,78,780,82.1,100,100,100,82.1,FALSE
Rhode Island,4401050,Tiverton School District,95,950,82.1,100,98.9,100,88.4,FALSE
South Dakota,4610560,Canton School District 41-1,28,280,82.1,100,100,92.9,100,FALSE
Tennessee,4700850,Crockett County School District,56,560,82.1,98.2,85.7,100,98.2,FALSE
Wisconsin,5500061,Chetek-Weyerhaeuser Area School District,39,390,82.1,100,82.1,100,87.2,FALSE
Wisconsin,5507260,Dodgeland School District,28,280,82.1,100,89.3,100,82.1,FALSE
Wisconsin,5514220,Spooner Area School District,39,390,82.1,100,94.9,97.4,82.1,FALSE
Alabama,101830,Jackson County School District,266,2660,82,99.2,92.5,98.5,94.4,FALSE
Arkansas,508130,Huntsville School District,122,1220,82,100,100,94.3,82.8,FALSE
Florida,1201890,Union County School District,122,1220,82,100,91,100,82,FALSE
Georgia,1300390,Berrien County School District,133,1330,82,100,88,100,82.7,FALSE
Idaho,1602030,McCall-Donnelly Joint School District 421,61,610,82,98.4,98.4,98.4,82,FALSE
Kansas,2004620,Chapman Unified School District 473,50,500,82,96,86,96,100,FALSE
Kansas,2005730,El Dorado Unified School District 490,139,1390,82,100,93.5,100,100,FALSE
Ohio,3904799,Lakewood Local School District,89,890,82,100,94.4,100,87.6,FALSE
Tennessee,4700630,Claiborne County School District,200,2000,82,91.5,91.5,100,89,FALSE
Washington,5308340,Stanwood-Camano School District,206,2060,82,100,100,100,82.5,FALSE
Wisconsin,5511160,Osceola School District,50,500,82,100,82,100,100,FALSE
Wisconsin,5511220,Osseo-Fairchild School District,61,610,82,100,85.2,100,100,FALSE
California,632880,Ripon Unified School District,138,1380,81.9,100,100,100,100,FALSE
Illinois,1721840,Lake Park Community High School District 108,320,3200,81.9,100,100,100,98.1,FALSE
Illinois,1724480,Kaneland Community Unit School District 302,188,1880,81.9,100,95.7,100,90.4,FALSE
Kentucky,2105880,Whitley County School District,177,1770,81.9,88.1,90.4,100,94.4,FALSE
Nevada,3200120,Elko County School District,476,4760,81.9,93.9,97.7,100,86.3,FALSE
Arkansas,514020,Westside School District,44,440,81.8,88.6,100,100,88.6,FALSE
California,621810,Linden Unified School District,77,770,81.8,100,100,100,87,FALSE
California,636670,Shoreline Unified School District,11,110,81.8,100,100,100,81.8,FALSE
California,639630,Travis Unified School District,225,2250,81.8,100,100,100,99.6,FALSE
Colorado,803960,Fremont RE-2,77,770,81.8,97.4,88.3,100,100,FALSE
Colorado,807200,Custer County School District C-1,11,110,81.8,100,81.8,81.8,100,FALSE
Idaho,1603270,Valley School District 262,22,220,81.8,100,100,90.9,100,FALSE
Illinois,1717790,Griggsville-Perry Community Unit School District 4,11,110,81.8,100,90.9,90.9,100,FALSE
Illinois,1740920,Lowpoint-Washburn Community Unit School District 21,22,220,81.8,100,90.9,100,100,FALSE
Illinois,1742690,Windsor Community Unit School District 1,11,110,81.8,100,81.8,100,90.9,FALSE
Indiana,1811430,Tri-County School Corporation,44,440,81.8,97.7,88.6,100,84.1,FALSE
Iowa,1918330,Manson Northwest Webster Community School District,33,330,81.8,100,100,81.8,100,FALSE
Iowa,1930870,West Central Community School District,11,110,81.8,100,81.8,90.9,100,FALSE
Kansas,2000002,Smoky Valley Unified School District 400,55,550,81.8,100,81.8,100,100,FALSE
Kansas,2000012,Barnes Unified School District 223,22,220,81.8,100,81.8,81.8,100,FALSE
Kansas,2004290,Burlington Unified School District 244,22,220,81.8,100,95.5,95.5,95.5,FALSE
Kansas,2004350,Burrton Unified School District 369,11,110,81.8,100,81.8,100,100,FALSE
Kansas,2009480,Marais des Cygnes Valley Unified School District 456,11,110,81.8,100,100,81.8,100,FALSE
Kansas,2009510,Jefferson West Unified School District 340,22,220,81.8,100,100,100,100,FALSE
Kentucky,2100390,Bell County School District,99,990,81.8,87.9,89.9,100,90.9,FALSE
Michigan,2621420,Les Cheneaux Community Schools,11,110,81.8,90.9,100,90.9,81.8,FALSE
Mississippi,2803870,Richton School District,22,220,81.8,81.8,100,100,100,FALSE
Missouri,2919840,Madison C-3 School District,11,110,81.8,100,81.8,100,100,FALSE
Missouri,2928800,Spokane R-VII School District,33,330,81.8,100,81.8,100,100,FALSE
Missouri,2929810,Summersville R-II School District,11,110,81.8,100,81.8,100,100,FALSE
Missouri,2930990,Walnut Grove R-V School District,11,110,81.8,100,81.8,100,100,FALSE
Montana,3020850,Plains K-12 Schools,11,110,81.8,81.8,100,100,100,FALSE
Montana,3021270,Poplar High School District,33,330,81.8,81.8,100,100,100,FALSE
Nebraska,3105550,Creighton Community Public Schools,22,220,81.8,100,95.5,81.8,100,FALSE
Nebraska,3105630,Crofton Community Schools,11,110,81.8,100,100,90.9,100,FALSE
New Jersey,3404860,Estell Manor City School District,11,110,81.8,100,81.8,100,100,FALSE
New Jersey,3409030,Lower Alloways Creek Township School District,11,110,81.8,100,81.8,100,100,FALSE
New York,3602400,Afton Central School District,22,220,81.8,100,95.5,100,100,FALSE
New York,3617880,Lyme Central School District,11,110,81.8,100,81.8,100,100,FALSE
New York,3629070,Tuckahoe Common School District,11,110,81.8,100,100,100,81.8,FALSE
North Dakota,3800397,Valley-Edinburg Public School District 118,11,110,81.8,100,81.8,100,100,FALSE
North Dakota,3806210,Belfield Public School District 13,11,110,81.8,100,81.8,100,100,FALSE
Ohio,3904680,Margaretta Local School District,33,330,81.8,100,81.8,100,97,FALSE
Ohio,3904743,Cory-Rawson Local School District,33,330,81.8,100,100,100,81.8,FALSE
Ohio,3904762,Fairfield Local School District,33,330,81.8,100,81.8,100,100,FALSE
Oklahoma,4000021,Oklahoma Union Public Schools,22,220,81.8,100,81.8,100,100,FALSE
Oklahoma,4016590,Kingston Public Schools,44,440,81.8,90.9,90.9,100,100,FALSE
Pennsylvania,4206120,Claysburg-Kimmel School District,22,220,81.8,90.9,100,90.9,100,FALSE
Pennsylvania,4211310,Halifax Area School District,44,440,81.8,100,100,100,81.8,FALSE
Pennsylvania,4225230,West Branch Area School District,44,440,81.8,90.9,100,93.2,88.6,FALSE
Texas,4809690,Beckville Independent School District,11,110,81.8,100,90.9,100,81.8,FALSE
Texas,4810320,Blanco Independent School District,33,330,81.8,100,84.8,100,81.8,FALSE
Texas,4818750,Evadale Independent School District,11,110,81.8,100,81.8,100,100,FALSE
Texas,4841250,Springlake-Earth Independent School District,11,110,81.8,100,81.8,100,100,FALSE
Texas,4842360,Tenaha Independent School District,11,110,81.8,100,81.8,100,100,FALSE
Washington,5304500,Loon Lake School District,11,110,81.8,100,81.8,100,100,FALSE
Wisconsin,5501170,Birchwood School District,11,110,81.8,100,81.8,81.8,100,FALSE
Wisconsin,5512180,Prairie Farm School District,11,110,81.8,100,90.9,90.9,100,FALSE
Wisconsin,5513710,Shell Lake School District,22,220,81.8,100,90.9,90.9,95.5,FALSE
Alabama,102730,Pickens County School District,109,1090,81.7,96.3,96.3,100,89.9,FALSE
Kansas,2007890,Geary County Schools Unified School District 475,578,5780,81.7,100,95,99.8,100,FALSE
South Carolina,4545079,Richland County School District 2 within Fort Jackson,71,710,81.7,100,100,100,85.9,FALSE
Texas,.,.,126,1260,81.7,100,97.6,100,96,FALSE
Georgia,1300810,Candler County School District,76,760,81.6,100,93.4,97.4,98.7,FALSE
Georgia,1301260,Clinch County School District,49,490,81.6,100,81.6,100,93.9,FALSE
Iowa,1900040,East Marshall Community School District,49,490,81.6,100,95.9,93.9,100,FALSE
Kentucky,2104410,Nelson County School District,256,2560,81.6,99.6,98.8,100,81.6,FALSE
Missouri,2910830,Dixon R-I School District,49,490,81.6,100,81.6,83.7,100,FALSE
Missouri,2923640,Meadow Heights R-II School District,38,380,81.6,100,81.6,100,100,FALSE
Missouri,2926970,Cole County R-I School District,38,380,81.6,100,92.1,100,94.7,FALSE
New Hampshire,3307115,Wilton-Lyndeborough School District,38,380,81.6,100,94.7,92.1,92.1,FALSE
New York,3626700,Sherburne-Earlville Central School District,49,490,81.6,98,85.7,98,98,FALSE
Oklahoma,4032010,Wayne Public Schools,38,380,81.6,100,84.2,100,97.4,FALSE
Pennsylvania,4222320,Southern Huntingdon County School District,49,490,81.6,98,100,98,85.7,FALSE
Washington,5303210,Granite Falls School District,87,870,81.6,100,90.8,100,100,FALSE
California,619320,Kelseyville Unified School District,81,810,81.5,100,100,81.5,100,FALSE
California,624090,Marysville Joint Unified School District,585,5850,81.5,100,100,99.8,99.3,FALSE
California,631230,Point Arena Joint Union High School District,27,270,81.5,100,100,100,81.5,FALSE
Illinois,1710410,Central Community Unit School District 4,27,270,81.5,96.3,92.6,92.6,100,FALSE
Indiana,1806840,Mishawaka School City,292,2920,81.5,100,100,100,95.9,FALSE
Kansas,2003480,Northeast Unified School District 246,27,270,81.5,100,81.5,100,100,FALSE
Mississippi,.,.,27,270,81.5,100,100,100,85.2,FALSE
New York,3602550,Alden Central School District,92,920,81.5,100,100,100,81.5,FALSE
New York,3617580,Livingston Manor Central School District,27,270,81.5,100,81.5,100,100,FALSE
Pennsylvania,4223970,Tussey Mountain School District,27,270,81.5,92.6,88.9,88.9,100,FALSE
South Dakota,4680437,Kadoka School District 35-2,27,270,81.5,85.2,96.3,92.6,100,FALSE
Texas,4820160,Fort Sam Houston Independent School District,27,270,81.5,100,88.9,100,96.3,FALSE
Arkansas,509060,Lonoke School District,59,590,81.4,100,91.5,100,84.7,FALSE
Georgia,1300060,Appling County School District,140,1400,81.4,100,85,100,91.4,FALSE
Georgia,1303150,Jones County School District,172,1720,81.4,98.8,92.4,100,91.3,FALSE
Georgia,1313053,Chattahoochee County for Fort Benning,70,700,81.4,100,98.6,100,82.9,FALSE
Illinois,1700326,El Paso-Gridley Community Unit School District 11,43,430,81.4,100,88.4,90.7,81.4,FALSE
Indiana,1804980,Jay School Corporation,167,1670,81.4,100,95.8,100,98.2,FALSE
Louisiana,2200780,Jackson Parish School District,97,970,81.4,96.9,94.8,100,88.7,FALSE
New Jersey,3405220,Florence Township School District,118,1180,81.4,100,98.3,100,89.8,FALSE
Texas,4811990,Buffalo Independent School District,43,430,81.4,100,81.4,100,81.4,FALSE
Washington,5301800,Coupeville School District,43,430,81.4,100,100,100,81.4,FALSE
Pennsylvania,4219800,Punxsutawney Area School District,123,1230,81.3,100,100,100,81.3,FALSE
Wisconsin,5516260,West Allis School District,487,4870,81.3,100,100,100,100,FALSE
Arkansas,504350,Clarendon School District,16,160,81.2,81.2,100,100,100,FALSE
California,622230,Lodi Unified School District,1268,12680,81.2,99.8,100,98.1,99.8,FALSE
Illinois,1740410,Virginia Community Unit School District 64,16,160,81.2,100,81.2,100,100,FALSE
Kansas,2012600,Victoria Unified School District 432,16,160,81.2,100,81.2,100,100,FALSE
Massachusetts,2525005,Swampscott School District in Nahant (7-12),16,160,81.2,100,100,100,100,FALSE
Michigan,2627180,Owendale-Gagetown Area Schools,16,160,81.2,100,100,93.8,81.2,FALSE
Minnesota,2700127,Stephen-Argyle Central Schools,16,160,81.2,100,100,81.2,100,FALSE
Minnesota,2700148,Glenville-Emmons School District,16,160,81.2,100,100,81.2,100,FALSE
Nebraska,3100140,Creek Valley Schools,16,160,81.2,100,87.5,100,81.2,FALSE
New Jersey,3415450,Delsea Regional High School School District,112,1120,81.2,100,96.4,100,88.4,FALSE
New York,3606840,Center Moriches Union Free School District,69,690,81.2,100,100,100,100,FALSE
New York,3620760,Newfane Central School District,96,960,81.2,90.6,91.7,100,100,FALSE
North Dakota,3800039,Tioga Public School District 15,16,160,81.2,100,87.5,100,81.2,FALSE
Pennsylvania,4211520,Harmony Area School District,16,160,81.2,81.2,100,100,100,FALSE
South Carolina,4502520,Jasper County School District,208,2080,81.2,95.7,94.7,94.7,85.1,FALSE
Texas,4821900,Groveton Independent School District,16,160,81.2,100,81.2,100,81.2,FALSE
Texas,4843140,Trenton Independent School District,16,160,81.2,100,87.5,100,100,FALSE
Virginia,5102610,New Kent County Public Schools,117,1170,81.2,99.1,96.6,100,82.1,FALSE
Washington,5303930,Kennewick School District,798,7980,81.2,100,100,100,99.1,FALSE
Washington,5305020,Methow Valley School District,32,320,81.2,90.6,90.6,100,84.4,FALSE
West Virginia,5401170,Preston County School District,170,1700,81.2,99.4,86.5,98.8,95.3,FALSE
West Virginia,5401410,Tucker County School District,16,160,81.2,100,87.5,87.5,81.2,FALSE
Georgia,1304170,Pike County School District,127,1270,81.1,100,92.9,100,84.3,FALSE
Illinois,1710790,Hamilton County Community Unit School District 10,53,530,81.1,100,83,100,94.3,FALSE
Iowa,1904830,Benton Community School District,74,740,81.1,100,90.5,94.6,87.8,FALSE
Iowa,1927270,Starmont Community School District,37,370,81.1,100,89.2,100,81.1,FALSE
Massachusetts,2505160,Gateway School District,37,370,81.1,100,89.2,94.6,100,FALSE
New York,3612450,Granville Central School District,37,370,81.1,100,94.6,91.9,100,FALSE
North Carolina,3700960,Columbus County Schools,238,2380,81.1,100,100,100,84,FALSE
Ohio,3904884,Franklin Local School District,111,1110,81.1,100,93.7,99.1,86.5,FALSE
Arizona,408600,Tombstone Unified District,21,210,81,100,81,100,100,FALSE
Arkansas,510410,Nemo Vista School District,21,210,81,100,100,100,81,FALSE
Delaware,1001850,Woodbridge School District,163,1630,81,100,100,100,93.3,FALSE
Illinois,1700114,South Central Community Unit School District 401,21,210,81,100,100,95.2,85.7,FALSE
Illinois,1741750,West Washington County Community Unit District 10,21,210,81,100,100,95.2,81,FALSE
Indiana,1803780,Fremont Community Schools,42,420,81,88.1,100,100,81,FALSE
Kansas,2008610,Leoti Unified School District 467,21,210,81,100,90.5,100,100,FALSE
Kentucky,2100210,Ballard County School District,42,420,81,88.1,81,100,81,FALSE
Kentucky,2102250,Grant County School District,168,1680,81,99.4,94.6,99.4,82.7,FALSE
Michigan,2623910,Millington Community Schools,42,420,81,88.1,100,95.2,85.7,FALSE
New Hampshire,3303750,Hillsboro-Deering Cooperative School District,42,420,81,100,85.7,100,100,FALSE
New York,3607080,Chateaugay Central School District,21,210,81,100,81,100,100,FALSE
New York,3619860,Morris Central School District,21,210,81,95.2,100,95.2,95.2,FALSE
New York,3624360,Remsen Central School District,21,210,81,100,85.7,95.2,100,FALSE
Ohio,3905041,Carlisle Local School District,58,580,81,100,100,100,100,FALSE
Tennessee,4703420,Pickett County School District,21,210,81,95.2,95.2,100,100,FALSE
Texas,4819020,Falls City Independent School District,21,210,81,100,95.2,100,81,FALSE
Texas,4830810,Miller Grove Independent School District,21,210,81,100,81,100,100,FALSE
West Virginia,5400900,Mingo County School District,184,1840,81,84.8,87,100,98.9,FALSE
Arkansas,506630,Glen Rose School District,94,940,80.9,100,100,96.8,84,FALSE
Georgia,1302580,Habersham County School District,330,3300,80.9,100,97,100,82.1,FALSE
South Carolina,4500690,Abbeville County School District,115,1150,80.9,89.6,94.8,96.5,100,FALSE
Alabama,102790,Pike County School District,125,1250,80.8,94.4,90.4,100,84.8,FALSE
Arkansas,500029,Gosnell School District,26,260,80.8,80.8,100,100,100,FALSE
Arkansas,505970,Eureka Springs School District,26,260,80.8,100,100,84.6,80.8,FALSE
Indiana,1803690,Franklin Community School Corporation,240,2400,80.8,100,100,100,99.2,FALSE
Michigan,2622620,Maple Valley Schools,52,520,80.8,100,100,86.5,88.5,FALSE
Mississippi,2801440,Enterprise School District,26,260,80.8,100,92.3,100,84.6,FALSE
Missouri,2922740,North Callaway County R-I School District,52,520,80.8,100,96.2,92.3,92.3,FALSE
North Carolina,3703570,Pender County Schools,433,4330,80.8,97.2,100,97.7,86.8,FALSE
Oklahoma,4030197,Porter Consolidated Schools,26,260,80.8,88.5,88.5,100,80.8,FALSE
Rhode Island,4400810,North Smithfield School District,73,730,80.8,100,95.9,100,86.3,FALSE
Tennessee,4701290,Franklin County School District,261,2610,80.8,100,91.6,95.8,91.2,FALSE
West Virginia,5401320,Roane County School District,73,730,80.8,91.8,87.7,86.3,87.7,FALSE
Wyoming,5604060,Lincoln County School District 2,120,1200,80.8,99.2,100,83.3,85,FALSE
Alabama,103450,Walker County School District,347,3470,80.7,98,91.4,97.7,89.6,FALSE
Michigan,2633540,Taylor School District,560,5600,80.7,100,100,100,90.5,FALSE
Michigan,2636485,Woodhaven-Brownstown School District,202,2020,80.7,100,100,100,81.2,FALSE
North Carolina,3703600,Perquimans County Schools,57,570,80.7,100,100,98.2,87.7,FALSE
Oregon,4108310,Molalla River School District 35,145,1450,80.7,95.9,100,100,97.9,FALSE
Arizona,409250,Willcox Unified District,31,310,80.6,80.6,100,100,80.6,FALSE
California,622740,Los Banos Unified School District,527,5270,80.6,100,100,100,100,FALSE
Florida,1200450,Dixie County School District,93,930,80.6,100,83.9,100,93.5,FALSE
Indiana,1808220,Northern Wells Community Schools,93,930,80.6,100,93.5,100,88.2,FALSE
Indiana,1810450,South Montgomery Community School Corporation,67,670,80.6,100,95.5,100,83.6,FALSE
Mississippi,2802730,Lowndes County School District,196,1960,80.6,100,89.8,100,80.6,FALSE
Missouri,2929520,Stockton R-I School District,62,620,80.6,100,100,100,100,FALSE
Missouri,2931950,Wheaton R-III School District,31,310,80.6,100,87.1,90.3,100,FALSE
Nebraska,3171520,Hartington Newcastle Public Schools,36,360,80.6,100,97.2,94.4,88.9,FALSE
New Jersey,3413230,Plumsted Township School District,62,620,80.6,100,80.6,100,100,FALSE
New York,3620670,Newark Valley Central School District,62,620,80.6,96.8,87.1,88.7,100,FALSE
North Carolina,.,.,93,930,80.6,98.9,100,100,86,FALSE
Pennsylvania,4215030,Mechanicsburg Area School District,191,1910,80.6,100,100,100,80.6,FALSE
Texas,4834260,Paradise Independent School District,36,360,80.6,100,88.9,100,80.6,FALSE
Texas,4845180,West Sabine Independent School District,31,310,80.6,93.5,80.6,100,83.9,FALSE
Virginia,5101170,Dinwiddie County Public Schools,165,1650,80.6,99.4,93.9,97.6,87.9,FALSE
Virginia,5103270,Richmond County Public Schools,62,620,80.6,98.4,93.5,96.8,88.7,FALSE
Wisconsin,5504020,East Troy Community School District,93,930,80.6,100,91.4,100,81.7,FALSE
Alabama,101020,Cullman County School District,580,5800,80.5,99.8,97.2,99.8,84.3,FALSE
Connecticut,903515,Regional School District 06,41,410,80.5,100,92.7,100,100,FALSE
Georgia,1301890,Laurens County School District,226,2260,80.5,100,94.7,100,90.3,FALSE
Georgia,1304800,Taylor County School District,41,410,80.5,87.8,97.6,100,92.7,FALSE
Massachusetts,2504200,Dighton-Rehoboth School District,77,770,80.5,100,100,100,96.1,FALSE
Michigan,2616080,Godfrey-Lee Public Schools,41,410,80.5,100,100,100,100,FALSE
New York,3610500,Ellenville Central School District,41,410,80.5,85.4,90.2,85.4,100,FALSE
Wisconsin,5514820,Thorp School District,41,410,80.5,100,100,100,87.8,FALSE
Wyoming,5604860,Sublette County School District 1,41,410,80.5,100,100,100,80.5,FALSE
Georgia,1302430,Gordon County School District,316,3160,80.4,93.4,93,100,96.8,FALSE
Iowa,1920040,Mount Vernon Community School District,46,460,80.4,100,82.6,100,80.4,FALSE
Michigan,2614550,Flushing Community Schools,179,1790,80.4,100,100,99.4,88.3,FALSE
Mississippi,2802280,Jones County School District,443,4430,80.4,100,96.6,100,84.9,FALSE
New Mexico,3501410,Jemez Valley Public Schools,51,510,80.4,92.2,94.1,90.2,100,FALSE
New York,3631380,Whitney Point Central School District,56,560,80.4,92.9,85.7,91.1,87.5,FALSE
North Carolina,3704530,Transylvania County Schools,143,1430,80.4,90.9,100,100,90.9,FALSE
Ohio,3904502,Wellston City School District,56,560,80.4,85.7,94.6,100,94.6,FALSE
Ohio,3904527,Carrollton Exempted Village School District,102,1020,80.4,98,100,99,93.1,FALSE
Ohio,3904842,Pleasant Local School District,92,920,80.4,100,100,100,94.6,FALSE
Oklahoma,4025470,Caney Valley Public Schools,46,460,80.4,100,89.1,100,87,FALSE
Oklahoma,4028170,Sperry Public Schools,46,460,80.4,100,82.6,100,100,FALSE
Pennsylvania,4206420,Conemaugh Township Area School District,51,510,80.4,100,100,100,80.4,FALSE
Pennsylvania,4222470,South Western School District,245,2450,80.4,100,100,98.8,85.3,FALSE
Tennessee,4701680,Hardin County School District,148,1480,80.4,100,81.8,100,87.2,FALSE
Tennessee,4701800,Henderson County School District,168,1680,80.4,100,89.3,100,92.3,FALSE
Florida,1201830,Suwannee County School District,244,2440,80.3,92.2,87.7,100,86.5,FALSE
Georgia,1303630,Meriwether County School District,142,1420,80.3,98.6,92.3,100,88,FALSE
Georgia,1304860,Terrell County School District,61,610,80.3,91.8,93.4,100,82,FALSE
Michigan,2618600,Houghton Lake Community School District,61,610,80.3,100,100,100,91.8,FALSE
Michigan,2620050,Kalkaska Public Schools,71,710,80.3,90.1,100,95.8,83.1,FALSE
Michigan,2634680,Van Dyke Public Schools,173,1730,80.3,100,100,100,95.4,FALSE
Ohio,3904619,Graham Local School District,61,610,80.3,100,90.2,100,83.6,FALSE
Ohio,3904849,Highland Local School District,147,1470,80.3,100,93.2,100,87.1,FALSE
Texas,4824750,Jim Hogg County Independent School District,132,1320,80.3,100,100,100,82.6,FALSE
Virginia,5102310,Lunenburg County Public Schools,66,660,80.3,100,80.3,100,93.9,FALSE
California,600028,Temecula Valley Unified School District,1341,13410,80.2,100,100,97.4,85.8,FALSE
Georgia,1304110,Pickens County School District,192,1920,80.2,96.9,93.8,100,91.7,FALSE
Indiana,1808900,Pike County School Corporation,81,810,80.2,100,90.1,100,85.2,FALSE
Kansas,2011080,Renwick Unified School District 267,121,1210,80.2,100,83.5,96.7,100,FALSE
Tennessee,4700420,Campbell County School District,227,2270,80.2,99.1,85.9,100,88.1,FALSE
Texas,4838190,Royal Independent School District,101,1010,80.2,100,93.1,99,88.1,FALSE
Virginia,5101620,Gloucester County Public Schools,212,2120,80.2,97.6,98.1,100,84,FALSE
Idaho,1601020,Emmett Independent School District 221,141,1410,80.1,100,100,98.6,100,FALSE
Alabama,101590,Franklin County School District,160,1600,80,100,89.4,97.5,88.8,FALSE
Arkansas,500051,Palestine-Wheatley School District,10,100,80,100,80,100,80,FALSE
California,602450,Amador County Unified School District,175,1750,80,99.4,100,96,89.7,FALSE
California,639940,Tulelake Basin Joint Unified School District,20,200,80,85,100,100,90,FALSE
California,699003,Riverdale Joint Unified School District (9-12),5,50,80,80,100,100,100,FALSE
Colorado,802260,Arriba-Flagler School District C-20,5,50,80,100,80,100,100,FALSE
Colorado,804590,Hayden School District RE-1,30,300,80,100,93.3,86.7,86.7,FALSE
Colorado,805700,Moffat School District 2,5,50,80,100,80,100,100,FALSE
Colorado,807110,Walsh School District RE-1,5,50,80,100,80,100,100,FALSE
Georgia,1300660,Burke County School District,150,1500,80,95.3,89.3,99.3,86,FALSE
Georgia,1302910,Irwin County School District,60,600,80,100,88.3,100,88.3,FALSE
Idaho,1603420,West Side Joint School District 202,20,200,80,100,80,100,100,FALSE
Illinois,1700015,Joppa-Maple Grove Unit District 38,5,50,80,100,80,100,100,FALSE
Illinois,1700126,Midland Community Unit School District 7,25,250,80,100,80,100,100,FALSE
Illinois,1703300,Alden-Hebron School District 19,25,250,80,100,80,100,100,FALSE
Illinois,1719920,Hutsonville Community Unit School District 1,10,100,80,100,90,90,100,FALSE
Illinois,1729340,Oakland Community Unit School District 5,10,100,80,100,80,80,100,FALSE
Illinois,1729940,ROWVA Community Unit School District 208,25,250,80,100,88,84,100,FALSE
Illinois,1739450,Tri-City Community Unit School District 1,20,200,80,100,90,90,100,FALSE
Iowa,1903780,Ar-We-Va Community School District,20,200,80,100,95,90,100,FALSE
Iowa,1905490,Brooklyn-Guernsey-Malcom Community School District,20,200,80,100,85,90,80,FALSE
Iowa,1910050,Earlham Community School District,30,300,80,100,80,83.3,100,FALSE
Iowa,1927960,Treynor Community School District,25,250,80,100,84,100,80,FALSE
Kansas,2003240,Wabaunsee Unified School District 329,30,300,80,100,83.3,96.7,93.3,FALSE
Kansas,2006000,Erie-Galesburg Unified School District 101,25,250,80,100,80,100,100,FALSE
Kansas,2010470,Palco Unified School District 269,5,50,80,100,80,100,100,FALSE
Kansas,2011820,Spearville Unified School District 381,5,50,80,100,80,100,100,FALSE
Kansas,2012780,Valley Heights Unified School District 498,15,150,80,100,100,80,100,FALSE
Kentucky,2103870,Mason County School District,120,1200,80,94.2,87.5,100,83.3,FALSE
Kentucky,2104470,Nicholas County School District,45,450,80,86.7,88.9,100,88.9,FALSE
Maine,2304890,Dedham,10,100,80,100,100,80,100,FALSE
Maine,2308940,Nobleboro,5,50,80,100,100,100,80,FALSE
Michigan,2610380,Coloma Community Schools,60,600,80,96.7,100,100,98.3,FALSE
Michigan,2625140,New Buffalo Area School District,10,100,80,80,100,100,100,FALSE
Michigan,2627840,Pentwater Public School District,5,50,80,100,100,80,100,FALSE
Minnesota,2703540,Badger Public School District,5,50,80,80,100,100,100,FALSE
Minnesota,2708940,Chokio-Alberta Public School District,5,50,80,100,100,80,100,FALSE
Minnesota,2713380,Hancock Public School District,10,100,80,100,100,80,100,FALSE
Minnesota,2713930,Heron Lake-Okabena School District,5,50,80,100,100,100,100,FALSE
Minnesota,2718060,LeRoy-Ostrander Public Schools,10,100,80,100,100,90,100,FALSE
Missouri,2905910,Bronaugh R-VII School District,5,50,80,100,80,100,100,FALSE
Missouri,2906480,Calhoun R-VIII School District,5,50,80,80,100,100,100,FALSE
Missouri,2908490,Osage County R-I School District,5,50,80,100,80,100,100,FALSE
Missouri,2911280,Knox County R-I School District,40,400,80,100,87.5,87.5,87.5,FALSE
Missouri,2911580,Everton R-III School District,5,50,80,100,80,100,100,FALSE
Missouri,2921750,Neelyville R-IV School District,15,150,80,100,80,100,100,FALSE
Missouri,2926610,Risco R-II School District,5,50,80,100,100,80,100,FALSE
Missouri,2929730,Success R-VI School District,5,50,80,100,80,100,100,FALSE
Missouri,2932490,Zalma R-V School District,5,50,80,100,80,100,100,FALSE
Montana,3002250,Arlee High School District,15,150,80,80,100,86.7,100,FALSE
Montana,3004500,Box Elder High School District,15,150,80,80,100,100,100,FALSE
Montana,3015260,Joliet High School District,20,200,80,100,100,80,100,FALSE
Montana,3023670,Scobey K-12 Schools,5,50,80,100,80,80,100,FALSE
Montana,3025470,Superior K-12 Schools,20,200,80,100,100,80,100,FALSE
Nebraska,3100003,East Butler Public Schools,15,150,80,100,93.3,86.7,100,FALSE
Nebraska,3100121,Doniphan-Trumbull Public Schools,15,150,80,100,86.7,86.7,86.7,FALSE
Nebraska,3103210,Arthur County Schools,10,100,80,100,80,100,100,FALSE
Nebraska,3104870,Cedar Bluffs Public Schools,10,100,80,100,80,100,90,FALSE
Nebraska,3105910,Deshler Public Schools,5,50,80,100,100,100,100,FALSE
Nebraska,3172335,Johnson-Brock Public Schools,5,50,80,100,100,80,80,FALSE
Nebraska,3172720,Leigh Community Schools,10,100,80,100,80,100,100,FALSE
Nebraska,3176650,Shickley Public Schools,5,50,80,100,80,100,100,FALSE
Nebraska,3176980,St. Edward Public Schools,10,100,80,100,80,100,80,FALSE
New Hampshire,3301950,Bow School District,80,800,80,100,100,100,80,FALSE
New Hampshire,3302430,Columbia School District,5,50,80,100,100,80,100,FALSE
New Hampshire,3305760,Plainfield School District,25,250,80,100,100,100,80,FALSE
New Jersey,3409780,Maurice River Township School District,5,50,80,100,80,100,80,FALSE
New Mexico,3500960,Eunice Municipal Schools,35,350,80,100,80,100,100,FALSE
New York,3605220,Bradford Central School District,15,150,80,100,80,100,100,FALSE
New York,3606660,Cassadaga Valley Central School District,30,300,80,100,90,100,83.3,FALSE
New York,3608370,Corinth Central School District,55,550,80,100,100,100,100,FALSE
New York,3621930,Oysterponds Union Free School District,5,50,80,100,80,100,100,FALSE
New York,3629820,Walton Central School District,35,350,80,85.7,85.7,85.7,100,FALSE
North Dakota,3812030,Mapleton Public School District 7,10,100,80,100,80,100,100,FALSE
North Dakota,3814340,Northwood Public School District 129,10,100,80,100,100,100,90,FALSE
North Dakota,3816510,Selfridge Public School District 8,5,50,80,100,80,100,100,FALSE
North Dakota,3817460,St. John Public School District 3,5,50,80,80,80,80,100,FALSE
North Dakota,3820190,Wishek Public School District 19,10,100,80,100,100,80,80,FALSE
Ohio,3904792,Dawson-Bryant Local School District,45,450,80,100,84.4,100,97.8,FALSE
Ohio,3904908,Logan Elm Local School District,75,750,80,100,96,100,85.3,FALSE
Ohio,3905020,Lordstown Local School District,10,100,80,100,100,100,80,FALSE
Ohio,3905049,Frontier Local School District,25,250,80,84,100,100,96,FALSE
Oklahoma,4004830,Bluejacket Public Schools,15,150,80,100,86.7,93.3,100,FALSE
Oklahoma,4006150,Caddo Public Schools,15,150,80,100,80,100,100,FALSE
Oklahoma,4010500,Earlsboro Public Schools,15,150,80,100,80,100,100,FALSE
Oklahoma,4011850,Forest Grove Public School,5,50,80,100,80,100,100,FALSE
Oklahoma,4016350,Keota Public Schools,15,150,80,100,86.7,80,100,FALSE
Oklahoma,4017880,Little Axe Public Schools,35,350,80,97.1,91.4,100,85.7,FALSE
Oklahoma,4019410,McCurtain Public Schools,15,150,80,80,80,100,100,FALSE
Oklahoma,4021540,Newkirk Public Schools,25,250,80,100,80,88,100,FALSE
Oklahoma,4025920,Ringwood Public Schools,5,50,80,100,100,100,80,FALSE
Oklahoma,4029670,Tenkiller Public School,5,50,80,100,80,100,100,FALSE
Oklahoma,4033240,Wyandotte Public Schools,25,250,80,100,80,100,100,FALSE
Oregon,4103540,Cove School District 15,5,50,80,100,100,80,80,FALSE
Pennsylvania,4204260,Brockway Area School District,30,300,80,86.7,100,93.3,100,FALSE
Pennsylvania,4205070,Carmichaels Area School District,40,400,80,100,90,100,90,FALSE
Pennsylvania,4206390,Commodore Perry School District,25,250,80,96,100,100,84,FALSE
Pennsylvania,4219530,Port Allegany School District,30,300,80,100,100,100,100,FALSE
Pennsylvania,4224630,Valley Grove School District,25,250,80,92,96,100,84,FALSE
South Dakota,4606360,Beresford School District 61-2,20,200,80,95,100,85,100,FALSE
South Dakota,4607800,Bowdle School District 22-1,5,50,80,100,80,100,100,FALSE
South Dakota,4609512,Burke School District 26-2,5,50,80,80,80,80,100,FALSE
South Dakota,4611760,Centerville School District 60-1,10,100,80,100,90,90,100,FALSE
South Dakota,4620850,Edgemont School District 23-1,5,50,80,100,80,80,100,FALSE
South Dakota,4629880,Gregory School District 26-4,15,150,80,80,80,100,100,FALSE
South Dakota,4650850,Newell School District 09-2,15,150,80,80,80,80,100,FALSE
South Dakota,4672450,Tripp-Delmont School District 33-5,10,100,80,100,80,100,100,FALSE
South Dakota,4680100,Wolsey-Wessington School District 02-6,5,50,80,100,80,100,100,FALSE
Tennessee,4703330,Overton County School District,140,1400,80,91.4,83.6,90.7,91.4,FALSE
Texas,4815420,Coupland Independent School District,10,100,80,100,80,100,100,FALSE
Texas,4815570,Cranfills Gap Independent School District,10,100,80,100,80,100,100,FALSE
Texas,4816020,Cumby Collegiate Independent School District,15,150,80,100,80,100,100,FALSE
Texas,4817460,Douglass Independent School District,5,50,80,100,80,100,100,FALSE
Texas,4821480,Grandfalls-Royalty Independent School District,10,100,80,100,80,100,100,FALSE
Texas,4822140,Hallsburg Independent School District,5,50,80,100,100,100,80,FALSE
Texas,4823040,Hermleigh Independent School District,15,150,80,100,80,100,100,FALSE
Texas,4825110,Karnack Independent School District,5,50,80,80,80,100,100,FALSE
Texas,4825920,Kountze Independent School District,115,1150,80,85.2,93.9,100,98.3,FALSE
Texas,4827000,Leakey Independent School District,5,50,80,100,80,100,100,FALSE
Texas,4829250,Martinsville Independent School District,10,100,80,100,80,100,100,FALSE
Texas,4837170,Rio Hondo Independent School District,80,800,80,100,86.2,100,85,FALSE
Texas,4838430,Sabinal Independent School District,10,100,80,100,80,100,100,FALSE
Texas,4839960,Shelbyville Independent School District,25,250,80,100,80,100,100,FALSE
Texas,4840770,Somerville Independent School District,10,100,80,100,90,90,100,FALSE
Texas,4843950,Van Vleck Independent School District,15,150,80,86.7,80,100,100,FALSE
Vermont,5000400,Orange Southwest Unified School District,50,500,80,100,88,86,88,FALSE
Virginia,5100360,Bedford County Public Schools,429,4290,80,99.3,96,100,83.7,FALSE
Virginia,5102850,Page County Public Schools,150,1500,80,99.3,97.3,100,84,FALSE
Washington,5308580,Summit Valley School District,5,50,80,100,80,100,100,FALSE
Washington,5308730,Taholah School District,5,50,80,80,100,100,100,FALSE
West Virginia,5401530,Webster County School District,50,500,80,88,86,96,90,FALSE
Wisconsin,5500840,Barneveld School District,15,150,80,100,93.3,100,86.7,FALSE
Wisconsin,5503660,Denmark School District,100,1000,80,100,83,100,84,FALSE
Wisconsin,5510530,New Holstein School District,50,500,80,100,80,100,100,FALSE
Wisconsin,5514700,Suring School District,10,100,80,100,80,100,100,FALSE
Wisconsin,5516020,Wauzeka-Steuben School District,10,100,80,100,90,100,80,FALSE
Wisconsin,5516710,Wild Rose School District,15,150,80,100,93.3,93.3,100,FALSE
California,638010,Stockton Unified School District,1919,19190,79.9,100,100,100,100,FALSE
Alabama,100630,Cherokee County School District,119,1190,79.8,97.5,93.3,98.3,89.9,FALSE
Georgia,1301590,Dade County School District,109,1090,79.8,98.2,90.8,100,87.2,FALSE
Kentucky,2102400,Greenup County School District,109,1090,79.8,96.3,93.6,100,91.7,FALSE
Ohio,3904675,Buckeye Valley Local School District,124,1240,79.8,100,92.7,100,89.5,FALSE
Texas,4813500,Central Independent School District,89,890,79.8,98.9,86.5,100,93.3,FALSE
Virginia,5100270,Arlington County Public Schools,1547,15470,79.8,100,100,100,98.2,FALSE
Illinois,1727610,Murphysboro Community Unit School District 186,138,1380,79.7,94.2,90.6,100,100,FALSE
Kentucky,2105790,Wayne County School District,123,1230,79.7,98.4,91.1,100,81.3,FALSE
Minnesota,2740740,Lake Superior Public School District,64,640,79.7,100,100,85.9,95.3,FALSE
Mississippi,2802430,Lauderdale County School District,271,2710,79.7,99.3,96.7,100,84.1,FALSE
Mississippi,2804350,Union County School District,138,1380,79.7,99.3,92,100,84.8,FALSE
New Mexico,3500390,Central Consolidated Schools,207,2070,79.7,100,94.2,100,92.8,FALSE
Ohio,3904730,Rolling Hills Local School District,79,790,79.7,97.5,100,100,79.7,FALSE
Ohio,3904832,Jackson-Milton Local School District,59,590,79.7,100,100,100,79.7,FALSE
South Dakota,4669930,Meade School District 46-1,143,1430,79.7,100,100,99.3,82.5,FALSE
Texas,4835570,Bushland Independent School District,59,590,79.7,100,96.6,100,89.8,FALSE
Wisconsin,5500870,Barron Area School District,59,590,79.7,100,84.7,100,86.4,FALSE
Wisconsin,5501140,Berlin Area School District,79,790,79.7,100,82.3,100,82.3,FALSE
Mississippi,2803900,Scott County School District,137,1370,79.6,88.3,91.2,100,93.4,FALSE
New York,3613590,Hannibal Central School District,49,490,79.6,100,81.6,95.9,100,FALSE
Pennsylvania,4203960,Boyertown Area School District,343,3430,79.6,100,100,100,81,FALSE
Virginia,5101710,Greene County Public Schools,142,1420,79.6,97.2,97.2,100,80.3,FALSE
Alabama,101660,Geneva County School District,117,1170,79.5,100,83.8,100,83.8,FALSE
California,623610,Manteca Unified School District,1039,10390,79.5,100,100,96.4,100,FALSE
Florida,1201020,Lafayette County School District,39,390,79.5,87.2,92.3,100,79.5,FALSE
Illinois,1708250,Trico Community Unit School District 176,39,390,79.5,94.9,89.7,94.9,100,FALSE
Indiana,1802520,Culver Community Schools Corporation,39,390,79.5,100,79.5,100,79.5,FALSE
Indiana,1807860,North Lawrence Community Schools,234,2340,79.5,100,100,100,79.5,FALSE
Michigan,2617640,Hanover-Horton Schools,39,390,79.5,100,100,89.7,97.4,FALSE
Michigan,2621240,Lawton Community School District,44,440,79.5,100,100,88.6,95.5,FALSE
Michigan,2624600,Morley Stanwood Community Schools,73,730,79.5,94.5,100,97.3,94.5,FALSE
Missouri,2906430,Cabool R-IV School District,39,390,79.5,100,79.5,100,100,FALSE
Missouri,2909750,Clearwater R-I School District,44,440,79.5,79.5,79.5,100,79.5,FALSE
Missouri,2910920,Doniphan R-I School District,73,730,79.5,100,83.6,98.6,84.9,FALSE
Missouri,2919410,Macon County R-I School District,39,390,79.5,100,100,100,100,FALSE
New Hampshire,3304040,Kearsarge Regional School District,83,830,79.5,100,95.2,100,79.5,FALSE
Ohio,3905056,Norwayne Local School District,88,880,79.5,100,100,100,85.2,FALSE
Oklahoma,4015840,Jones Public Schools,44,440,79.5,100,90.9,100,84.1,FALSE
Oklahoma,4028650,Stigler Public Schools,44,440,79.5,95.5,79.5,95.5,79.5,FALSE
Oregon,4101830,Banks School District 13,44,440,79.5,100,100,100,100,FALSE
Washington,5304950,Medical Lake School District,83,830,79.5,100,100,100,90.4,FALSE
Wisconsin,5500016,Blair-Taylor School District,39,390,79.5,89.7,82.1,100,100,FALSE
Arizona,403990,J. O. Combs Unified School District,310,3100,79.4,100,95.2,100,89.4,FALSE
Indiana,1807620,Nineveh-Hensley-Jackson United School Corporation,34,340,79.4,100,94.1,100,79.4,FALSE
Missouri,2903270,Ash Grove R-IV School District,34,340,79.4,100,79.4,100,100,FALSE
New York,3619560,Minisink Valley Central School District,107,1070,79.4,100,100,93.5,88.8,FALSE
North Carolina,3703780,Randolph County Schools,729,7290,79.4,98.8,100,100,85.7,FALSE
Ohio,3904485,Struthers City School District,68,680,79.4,100,100,100,95.6,FALSE
South Carolina,4501950,Dillon School District 3,68,680,79.4,100,79.4,100,100,FALSE
Tennessee,4701470,Greene County School District,267,2670,79.4,95.5,94.4,98.9,90.3,FALSE
Tennessee,4702550,Macon County School District,204,2040,79.4,94.6,96.1,99,93.6,FALSE
Tennessee,4703390,Perry County School District,63,630,79.4,100,92.1,100,95.2,FALSE
Virginia,5103090,Prince George County Public Schools,233,2330,79.4,100,95.7,100,93.1,FALSE
Arkansas,508610,Lake Hamilton School District,188,1880,79.3,100,92.6,100,80.9,FALSE
Illinois,1708220,Central CUSD 3,58,580,79.3,100,100,86.2,100,FALSE
Illinois,1730160,Oregon Community Unit School District 220,87,870,79.3,100,85.1,100,79.3,FALSE
Illinois,1733720,Ridgewood Community High School District 234,135,1350,79.3,100,100,100,100,FALSE
Indiana,1802440,Crawford County Community School Corporation,58,580,79.3,94.8,98.3,100,86.2,FALSE
Iowa,1908610,Davis County Community School District,92,920,79.3,100,93.5,100,83.7,FALSE
Kansas,2003300,Labette County Unified School District 506,82,820,79.3,100,87.8,90.2,100,FALSE
Maine,2306260,Hancock Public Schools,29,290,79.3,100,100,96.6,82.8,FALSE
New York,3609390,Dundee Central School District,58,580,79.3,100,89.7,96.6,100,FALSE
Oregon,4105670,Glide School District 12,29,290,79.3,100,100,96.6,79.3,FALSE
Washington,5309870,Willapa Valley School District,29,290,79.3,100,79.3,100,86.2,FALSE
Wyoming,5602370,Crook County School District 1,58,580,79.3,100,100,98.3,79.3,FALSE
Florida,1200060,Baker County School District,226,2260,79.2,100,89.8,100,80.1,FALSE
Illinois,1701416,Milford Area Public School District 124,24,240,79.2,87.5,91.7,87.5,100,FALSE
Illinois,1707440,Brownstown Community Unit School District 201,24,240,79.2,100,79.2,100,100,FALSE
Indiana,1804620,River Forest Community School Corporation,48,480,79.2,100,100,100,100,FALSE
Indiana,1808820,Perry Township Metropolitan School District,869,8690,79.2,100,100,100,89.9,FALSE
Indiana,1812390,Warrick County School Corporation,437,4370,79.2,99.3,100,100,94.7,FALSE
Iowa,1910410,Eastern Allamakee Community School District,24,240,79.2,100,91.7,87.5,91.7,FALSE
Kentucky,2105580,Trigg County School District,101,1010,79.2,96,83.2,100,79.2,FALSE
Louisiana,2200660,Franklin Parish School District,144,1440,79.2,84.7,97.9,100,81.9,FALSE
Louisiana,2201770,Union Parish School District,149,1490,79.2,97.3,96.6,100,90.6,FALSE
Massachusetts,2506420,Hull School District,24,240,79.2,100,79.2,100,100,FALSE
Minnesota,2713110,Cook County Public Schools,24,240,79.2,100,79.2,79.2,79.2,FALSE
Missouri,2912660,Gallatin R-V School District,24,240,79.2,100,100,100,79.2,FALSE
Missouri,2928620,Southland C-9 School District,24,240,79.2,100,100,100,87.5,FALSE
Nebraska,3178720,Wilber-Clatonia Public Schools,24,240,79.2,100,91.7,83.3,79.2,FALSE
North Carolina,3702400,Jones County Schools,48,480,79.2,100,100,100,93.8,FALSE
North Dakota,3818730,United Public School District 7,24,240,79.2,100,95.8,87.5,87.5,FALSE
Oklahoma,4022860,Olive Public Schools,24,240,79.2,100,79.2,100,100,FALSE
Pennsylvania,4210980,Greater Latrobe School District,96,960,79.2,100,100,99,80.2,FALSE
Texas,4833010,North Lamar Independent School District,144,1440,79.2,100,91.7,99.3,84.7,FALSE
Virginia,5101440,Franklin County Public Schools,317,3170,79.2,100,93.7,98.1,85.2,FALSE
Virginia,5103210,Rappahannock County Public Schools,24,240,79.2,100,95.8,100,79.2,FALSE
Wisconsin,5503090,Cumberland School District,48,480,79.2,100,79.2,100,100,FALSE
Wisconsin,5510680,Niagara School District,24,240,79.2,100,87.5,100,87.5,FALSE
Wisconsin,5515210,Valders Area School District,48,480,79.2,100,89.6,100,79.2,FALSE
Wyoming,5604450,Fremont County School District 14,24,240,79.2,83.3,100,100,95.8,FALSE
California,624750,Middletown Unified School District,67,670,79.1,100,100,94,85.1,FALSE
California,634680,San Leandro Unified School District,416,4160,79.1,100,100,100,100,FALSE
Indiana,1806090,Maconaquah School Corporation,134,1340,79.1,100,91.8,100,87.3,FALSE
Kansas,2000016,Marysville Unified School District 364,43,430,79.1,100,100,100,100,FALSE
Minnesota,2714190,Holdingford Public School District,43,430,79.1,100,93,79.1,100,FALSE
North Carolina,3701830,Greene County Schools,115,1150,79.1,96.5,100,100,83.5,FALSE
Ohio,3904877,Morgan Local School District,67,670,79.1,100,92.5,97,92.5,FALSE
Pennsylvania,4217790,Northwest Area School District,43,430,79.1,100,97.7,100,90.7,FALSE
Tennessee,4702640,Marion County School District,187,1870,79.1,92.5,92.5,92,94.1,FALSE
West Virginia,5401020,Nicholas County School District,129,1290,79.1,89.9,86.8,92.2,98.4,FALSE
California,633980,Salinas Union High School District,1772,17720,79,100,100,99.8,99.4,FALSE
Georgia,1300480,Brantley County School District,100,1000,79,100,87,100,86,FALSE
Georgia,1303840,Murray County School District,262,2620,79,100,90.1,100,95,FALSE
Georgia,1305700,Whitfield County School District,537,5370,79,99.1,96.5,100,88.5,FALSE
Louisiana,2200180,Beauregard Parish School District,333,3330,79,99.1,94,100,86.8,FALSE
New Jersey,3412810,Pemberton Township School District,181,1810,79,100,82.3,100,100,FALSE
Texas,4820550,George West Independent School District,62,620,79,100,100,100,100,FALSE
Colorado,804740,Genoa-Hugo School District C-113,19,190,78.9,100,94.7,100,78.9,FALSE
Illinois,1737650,Steeleville Community Unit School District 138,19,190,78.9,94.7,84.2,100,84.2,FALSE
Indiana,1810740,Randolph Southern School Corporation,19,190,78.9,100,78.9,100,100,FALSE
Iowa,1906660,Center Point-Urbana Community School District,57,570,78.9,93,80.7,100,78.9,FALSE
Kansas,2004950,Clifton-Clyde Unified School District 224,19,190,78.9,100,94.7,78.9,100,FALSE
Kentucky,2100300,Barren County School District,213,2130,78.9,100,93,99.5,93.9,FALSE
Michigan,2614230,Fennville Public Schools,90,900,78.9,91.1,100,95.6,96.7,FALSE
Minnesota,2717220,Kimball Public School District,38,380,78.9,100,100,89.5,100,FALSE
Nebraska,3100065,Franklin Public Schools,19,190,78.9,78.9,78.9,78.9,78.9,FALSE
New Mexico,3502400,Santa Rosa Consolidated Schools,19,190,78.9,89.5,89.5,100,78.9,FALSE
New York,3622440,Parishville-Hopkinton Central School District,19,190,78.9,89.5,84.2,100,100,FALSE
New York,3626580,Sharon Springs Central School District,19,190,78.9,100,100,89.5,100,FALSE
Ohio,3904671,Central Local School District,38,380,78.9,100,100,100,78.9,FALSE
Ohio,3904684,Amanda-Clearcreek Local School District,38,380,78.9,86.8,86.8,92.1,100,FALSE
Ohio,3904726,Greeneview Local School District,57,570,78.9,100,100,98.2,80.7,FALSE
Ohio,3904754,Conotton Valley Union Local School District,19,190,78.9,100,78.9,100,100,FALSE
Oklahoma,4020280,Mooreland Public Schools,19,190,78.9,100,78.9,100,100,FALSE
Oklahoma,4033601,Rock Creek Public Schools,19,190,78.9,84.2,84.2,100,84.2,FALSE
Texas,4814520,Coldspring-Oakhurst Consolidated Independent School District,57,570,78.9,93,93,100,78.9,FALSE
Texas,4822650,Hart Independent School District,19,190,78.9,78.9,78.9,100,100,FALSE
Texas,4828020,Lone Oak Independent School District,38,380,78.9,100,78.9,100,100,FALSE
Texas,4832730,Newton Independent School District,38,380,78.9,100,81.6,100,78.9,FALSE
Texas,4842630,Thorndale Independent School District,19,190,78.9,100,78.9,100,78.9,FALSE
Virginia,5100060,Accomack County Public Schools,171,1710,78.9,93.6,95.9,97.7,87.7,FALSE
Wisconsin,5511130,Parkview School District,38,380,78.9,100,81.6,100,78.9,FALSE
Alabama,100930,Covington County School District,170,1700,78.8,100,91.2,100,92.4,FALSE
Arkansas,504110,Genoa Central School District,33,330,78.8,100,100,100,78.8,FALSE
Colorado,803720,Elizabeth School District,80,800,78.8,100,83.8,98.8,85,FALSE
Illinois,1731620,Pinckneyville Community High School District 101,66,660,78.8,100,89.4,100,100,FALSE
Kentucky,2103210,Laurel County School District,387,3870,78.8,98.7,85,100,84.8,FALSE
Kentucky,2104290,Morgan County School District,80,800,78.8,81.2,97.5,100,95,FALSE
Kentucky,2104620,Owsley County School District,33,330,78.8,78.8,78.8,100,100,FALSE
Missouri,2912180,Fordland R-III School District,33,330,78.8,100,78.8,100,100,FALSE
Missouri,2918670,Lincoln R-II School District,33,330,78.8,100,100,100,78.8,FALSE
South Carolina,4502670,Lee County School District,80,800,78.8,93.8,92.5,98.8,87.5,FALSE
Texas,4816440,De Leon Independent School District,33,330,78.8,100,78.8,100,100,FALSE
Texas,4819740,Franklin Independent School District,52,520,78.8,100,78.8,100,78.8,FALSE
Washington,5300150,Anacortes School District,99,990,78.8,100,100,100,100,FALSE
West Virginia,5400270,Doddridge County School District,33,330,78.8,90.9,90.9,93.9,90.9,FALSE
Wisconsin,5504920,Freedom Area School District,99,990,78.8,100,85.9,100,100,FALSE
Wisconsin,5514340,Spring Valley School District,33,330,78.8,100,81.8,97,100,FALSE
California,613530,Fallbrook Union High School District,820,8200,78.7,100,100,100,83.5,FALSE
Colorado,807350,Windsor School District RE-4,371,3710,78.7,100,88.9,89.8,85.4,FALSE
Kansas,2008070,Kingman-Norwich Unified School District 331,47,470,78.7,100,95.7,97.9,100,FALSE
Kentucky,2103840,Martin County School District,61,610,78.7,83.6,83.6,100,100,FALSE
Missouri,2904050,Ava R-I School District,75,750,78.7,100,84,100,82.7,FALSE
Ohio,3904642,Beaver Local School District,75,750,78.7,100,100,97.3,81.3,FALSE
West Virginia,5400870,Mineral County School District,178,1780,78.7,96.6,91.6,98.9,91,FALSE
Alabama,103062,St. Clair County School District,416,4160,78.6,97.4,93.3,99.5,85.1,FALSE
Arkansas,511820,Prescott School District,56,560,78.6,100,100,100,78.6,FALSE
California,621150,Laton Joint Unified School District,28,280,78.6,100,100,100,100,FALSE
Colorado,803690,Elbert School District 200,14,140,78.6,100,78.6,100,100,FALSE
Colorado,806750,Strasburg School District 31J,28,280,78.6,100,78.6,85.7,100,FALSE
Connecticut,903360,Pomfret School District,14,140,78.6,100,100,78.6,85.7,FALSE
Georgia,1303330,Lincoln County School District,42,420,78.6,100,90.5,92.9,88.1,FALSE
Illinois,1700007,Eastland Community Unit School District 308,28,280,78.6,100,78.6,100,100,FALSE
Illinois,1710830,Triopia Community Unit School District 27,14,140,78.6,100,92.9,85.7,100,FALSE
Illinois,1717700,Greenview Community Unit School District 200,14,140,78.6,100,78.6,85.7,100,FALSE
Indiana,1801410,Caston School Corporation,28,280,78.6,100,100,100,78.6,FALSE
Iowa,1907900,Collins-Maxwell Community School District,28,280,78.6,100,100,96.4,78.6,FALSE
Iowa,1920190,Nashua-Plainfield Community School District,28,280,78.6,100,92.9,85.7,100,FALSE
Iowa,1928170,Twin Cedars Community School District,14,140,78.6,100,78.6,100,100,FALSE
Iowa,1929010,Van Meter Community School District,28,280,78.6,100,82.1,100,78.6,FALSE
Iowa,1929280,Villisca Community School District,14,140,78.6,100,85.7,85.7,92.9,FALSE
Kansas,2000350,Prairie Hills Unified School District 113,56,560,78.6,100,98.2,92.9,100,FALSE
Kansas,2007680,Ingalls Unified School District 477,14,140,78.6,100,78.6,100,100,FALSE
Maine,2311310,School Administrative District 33,14,140,78.6,100,92.9,85.7,100,FALSE
Maine,2314560,School Administrative District 59,14,140,78.6,100,92.9,85.7,92.9,FALSE
Maine,2314837,Sebago Public Schools,14,140,78.6,100,100,78.6,100,FALSE
Massachusetts,2512100,Quaboag Regional School District,42,420,78.6,100,88.1,92.9,97.6,FALSE
Michigan,2604170,Bath Community Schools,56,560,78.6,100,100,100,83.9,FALSE
Minnesota,2713040,Granada-Huntley-East Chain,14,140,78.6,100,100,78.6,100,FALSE
Missouri,2912540,Fredericktown R-I School District,70,700,78.6,100,100,100,78.6,FALSE
Nebraska,3100015,Cambridge Public Schools,14,140,78.6,100,85.7,78.6,78.6,FALSE
New York,3602700,Alfred-Almond Central School District,28,280,78.6,92.9,92.9,96.4,96.4,FALSE
New York,3613830,Hartford Central School District,14,140,78.6,100,85.7,100,100,FALSE
North Dakota,3809180,Hebron Public School District 13,14,140,78.6,100,100,100,78.6,FALSE
Ohio,3904590,Alexander Local School District,70,700,78.6,100,94.3,100,78.6,FALSE
Ohio,3904802,North Fork Local School District,112,1120,78.6,100,98.2,100,81.2,FALSE
Oklahoma,4026280,Roff Public Schools,14,140,78.6,85.7,78.6,100,100,FALSE
Oregon,4106870,Joseph School District 6,14,140,78.6,100,100,85.7,92.9,FALSE
Oregon,4113490,Winston-Dillard School District 116,56,560,78.6,100,100,100,100,FALSE
South Carolina,4500002,Dorchester School District 4,56,560,78.6,94.6,91.1,94.6,91.1,FALSE
Texas,4810830,Booker Independent School District,14,140,78.6,100,78.6,100,100,FALSE
Texas,4812870,Carlisle Independent School District,14,140,78.6,78.6,78.6,100,92.9,FALSE
Vermont,5000412,Caledonia Cooperative Unified School District,14,140,78.6,100,85.7,100,92.9,FALSE
Vermont,5008700,Weathersfield School District,14,140,78.6,100,100,92.9,85.7,FALSE
Wisconsin,5501470,Bonduel School District,42,420,78.6,100,78.6,100,78.6,FALSE
California,602630,Anaheim Union High School District,2814,28140,78.5,100,100,100,94.5,FALSE
New Hampshire,3304030,Jaffrey-Rindge Cooperative School District,65,650,78.5,100,89.2,100,87.7,FALSE
Rhode Island,4400360,Exeter-West Greenwich Regional School District,93,930,78.5,100,92.5,100,87.1,FALSE
Washington,5305940,Oak Harbor School District,368,3680,78.5,100,100,100,100,FALSE
Georgia,1302670,Haralson County School District,190,1900,78.4,94.7,88.4,100,92.1,FALSE
Missouri,2921540,Mountain View-Birch Tree R-III School District,51,510,78.4,100,100,100,96.1,FALSE
New York,3602580,Alexander Central School District,37,370,78.4,100,81.1,100,100,FALSE
Ohio,3904644,Southern Local School District,37,370,78.4,89.2,97.3,100,86.5,FALSE
Pennsylvania,4219200,Pittston Area School District,153,1530,78.4,100,100,100,99.3,FALSE
Texas,4835520,Poteet Independent School District,111,1110,78.4,100,82.9,100,100,FALSE
West Virginia,5400660,Lincoln County School District,111,1110,78.4,95.5,84.7,91.9,100,FALSE
Georgia,1304350,Randolph County School District,83,830,78.3,88,95.2,100,84.3,FALSE
Indiana,1804350,Hanover Community School Corporation,157,1570,78.3,100,100,100,91.1,FALSE
Iowa,1910500,Edgewood-Colesburg Community School District,23,230,78.3,100,95.7,100,82.6,FALSE
Michigan,2603990,Baraga Area Schools,23,230,78.3,82.6,100,100,100,FALSE
Michigan,2618180,Hemlock Public School District,46,460,78.3,100,100,93.5,89.1,FALSE
Mississippi,2802250,Jefferson Davis County School District,69,690,78.3,91.3,89.9,100,84.1,FALSE
Missouri,2905070,Billings R-IV School District,23,230,78.3,100,78.3,100,100,FALSE
Missouri,2910410,Crawford County R-2 School District,60,600,78.3,93.3,100,100,78.3,FALSE
Missouri,2914280,Gasconade County R-I School District,69,690,78.3,100,85.5,100,78.3,FALSE
Nebraska,3100179,Humboldt Table Rock Steinauer Public Schools,23,230,78.3,91.3,87,95.7,100,FALSE
New York,3619260,Middleburgh Central School District,23,230,78.3,91.3,95.7,95.7,87,FALSE
North Dakota,3800392,New Salem-Almont School District,23,230,78.3,82.6,100,100,100,FALSE
Oklahoma,4020340,Morrison Public Schools,23,230,78.3,100,82.6,100,95.7,FALSE
Oklahoma,4030450,Twin Hills Public School,23,230,78.3,100,78.3,100,100,FALSE
Oklahoma,4031710,Washington Public Schools,23,230,78.3,100,82.6,95.7,82.6,FALSE
Pennsylvania,4209540,Fairfield Area School District,46,460,78.3,100,100,97.8,80.4,FALSE
Pennsylvania,4209960,Fort Cherry School District,46,460,78.3,100,100,100,78.3,FALSE
Texas,4827600,Lingleville Independent School District,23,230,78.3,100,78.3,100,100,FALSE
Alabama,100720,Clarke County School District,133,1330,78.2,86.5,97,99.2,78.9,FALSE
Illinois,1703990,Argenta-Oreana Community Unit School District 1,78,780,78.2,100,83.3,100,96.2,FALSE
Kansas,2010500,Paola Unified School District 368,55,550,78.2,100,100,100,100,FALSE
Nevada,3200360,Nye County School District,271,2710,78.2,100,85.2,100,100,FALSE
Pennsylvania,4221570,Shippensburg Area School District,193,1930,78.2,100,100,100,79.3,FALSE
Tennessee,4700330,Bradley County School District,377,3770,78.2,98.4,97.6,99.7,85.9,FALSE
Texas,4822380,Hardin Independent School District,55,550,78.2,100,87.3,100,80,FALSE
Alabama,102070,Lee County School District,567,5670,78.1,100,94.5,100,81,FALSE
Alabama,102160,Lowndes County School District,73,730,78.1,84.9,98.6,100,93.2,FALSE
Arkansas,500001,DeWitt School District,32,320,78.1,100,100,100,78.1,FALSE
California,602700,Anderson Union High School District,306,3060,78.1,100,100,99.3,98,FALSE
Colorado,803810,Estes Park School District R-3,32,320,78.1,100,84.4,100,81.2,FALSE
Georgia,1305670,White County School District,146,1460,78.1,95.9,96.6,100,79.5,FALSE
Illinois,1730780,Paris Community Unit School District 4,32,320,78.1,100,90.6,100,96.9,FALSE
Kentucky,2100990,Carroll County School District,73,730,78.1,86.3,79.5,100,78.1,FALSE
Mississippi,2804380,Union Public School District,32,320,78.1,100,96.9,100,84.4,FALSE
Missouri,2911700,Fair Grove R-X School District,32,320,78.1,100,78.1,100,84.4,FALSE
Missouri,2929370,Ste. Genevieve County R-II School District,114,1140,78.1,100,97.4,88.6,81.6,FALSE
Nebraska,3173230,Madison Public Schools,32,320,78.1,100,78.1,100,100,FALSE
Nebraska,3173290,Malcolm Public Schools,32,320,78.1,100,96.9,93.8,96.9,FALSE
New Hampshire,3306420,Strafford School District,32,320,78.1,100,90.6,100,87.5,FALSE
Ohio,3910018,Warren Local School District,105,1050,78.1,100,100,100,78.1,FALSE
Oklahoma,4033300,Wynnewood Public Schools,32,320,78.1,100,90.6,100,100,FALSE
Oregon,4106900,Three Rivers School District,247,2470,78.1,90.3,100,100,92.7,FALSE
Pennsylvania,4209690,Farrell Area School District,32,320,78.1,100,100,100,100,FALSE
Virginia,5101140,Dickenson County Public Schools,73,730,78.1,78.1,100,100,100,FALSE
Wisconsin,5510980,Omro School District,64,640,78.1,100,89.1,100,78.1,FALSE
California,635250,Sanger Unified School District,590,5900,78,100,100,100,100,FALSE
Florida,1201860,Taylor County School District,118,1180,78,82.2,94.9,100,81.4,FALSE
Illinois,1716260,Gardner-South Wilmington Township High School District,50,500,78,100,100,100,80,FALSE
Illinois,1736180,Sherrard Community Unit School District 200,59,590,78,100,89.8,94.9,98.3,FALSE
Indiana,1810260,South Adams Schools,141,1410,78,95.7,100,100,81.6,FALSE
Kentucky,2105970,Wolfe County School District,50,500,78,78,100,100,88,FALSE
Michigan,2608430,Cassopolis Public Schools,50,500,78,94,100,100,80,FALSE
Michigan,2617400,Hamilton Community Schools,127,1270,78,100,100,97.6,84.3,FALSE
Ohio,3904614,Ross Local School District,82,820,78,100,89,100,89,FALSE
Pennsylvania,4220130,Redbank Valley School District,50,500,78,100,100,100,90,FALSE
Tennessee,4703990,Sullivan County School District,451,4510,78,100,97.3,100,87.6,FALSE
Indiana,1800840,Clay Community Schools,204,2040,77.9,100,100,100,99,FALSE
Indiana,1809630,Rochester Community School Corporation,68,680,77.9,100,100,100,83.8,FALSE
Indiana,1810950,Spencer-Owen Community Schools,140,1400,77.9,100,86.4,100,89.3,FALSE
Louisiana,2201380,Sabine Parish School District,154,1540,77.9,90.9,86.4,100,94.8,FALSE
Louisiana,2201860,Washington Parish School District,208,2080,77.9,96.6,92.3,100,81.2,FALSE
Maryland,2400360,Garrett County Public Schools,145,1450,77.9,89,90.3,95.9,89,FALSE
Michigan,2629490,Reed City Area Public Schools,95,950,77.9,86.3,100,100,80,FALSE
Missouri,2920610,McDonald County R-I School District,154,1540,77.9,92.9,83.1,100,95.5,FALSE
Ohio,3904988,Marlington Local School District,104,1040,77.9,100,100,100,83.7,FALSE
Pennsylvania,4207680,Dover Area School District,240,2400,77.9,100,100,100,79.6,FALSE
Tennessee,4700300,Blount County School District,544,5440,77.9,99.3,98,100,82.7,FALSE
Arkansas,507140,Guy-Perkins Schools,18,180,77.8,100,100,100,77.8,FALSE
Arkansas,512000,Rose Bud School District,27,270,77.8,100,100,81.5,96.3,FALSE
Colorado,804110,Fowler School District R-4J,18,180,77.8,100,100,100,77.8,FALSE
Florida,1200660,Glades County School District,63,630,77.8,87.3,79.4,100,100,FALSE
Idaho,1600840,Council School District 13,9,90,77.8,100,77.8,100,100,FALSE
Idaho,1602790,Ririe Joint School District 252,18,180,77.8,100,77.8,100,100,FALSE
Illinois,1720180,Iroquois West Community Unit School District 10,18,180,77.8,77.8,100,83.3,100,FALSE
Illinois,1722350,Paw Paw CUSD 271,9,90,77.8,77.8,100,100,100,FALSE
Illinois,1731020,Pearl City Community Unit School District 200,18,180,77.8,100,77.8,100,100,FALSE
Illinois,1736090,Shelbyville Community Unit School District 4,27,270,77.8,100,100,81.5,100,FALSE
Illinois,1736570,Somonauk Community Unit School District 432,27,270,77.8,100,100,100,100,FALSE
Illinois,1737230,St. Elmo Community Unit School District 202,18,180,77.8,100,77.8,100,100,FALSE
Iowa,1922440,Pekin Community School District,36,360,77.8,100,86.1,100,91.7,FALSE
Iowa,1929730,Wapello Community School District,18,180,77.8,100,77.8,77.8,77.8,FALSE
Kansas,2009450,Barber County North Unified School District 254,27,270,77.8,100,77.8,100,100,FALSE
Kentucky,2102790,Hickman County School District,27,270,77.8,88.9,88.9,100,77.8,FALSE
Michigan,2603810,Baldwin Community Schools,18,180,77.8,77.8,100,94.4,94.4,FALSE
Michigan,2612420,East China School District,117,1170,77.8,100,100,100,80.3,FALSE
Michigan,2624630,Morrice Area Schools,36,360,77.8,100,100,88.9,100,FALSE
Michigan,2625290,New Lothrop Area Public School,18,180,77.8,100,100,88.9,88.9,FALSE
Minnesota,2700090,Murray County Central School District,18,180,77.8,100,88.9,77.8,77.8,FALSE
Minnesota,2700101,Norman County East School District,18,180,77.8,100,77.8,77.8,100,FALSE
Mississippi,2800600,Benton County School District,45,450,77.8,77.8,100,100,100,FALSE
Missouri,2919080,Osage County R-II School District,27,270,77.8,85.2,96.3,77.8,81.5,FALSE
Missouri,2922860,Northeast Randolph County R-IV School District,18,180,77.8,100,77.8,100,100,FALSE
Missouri,2926400,Richland R-I School District,9,90,77.8,100,77.8,100,100,FALSE
New Hampshire,3302910,Epsom School District,9,90,77.8,100,100,100,77.8,FALSE
New York,3609240,Downsville Central School District,9,90,77.8,100,77.8,100,100,FALSE
New York,3612030,Germantown Central School District,18,180,77.8,100,77.8,100,100,FALSE
New York,3618510,Margaretville Central School District,9,90,77.8,77.8,77.8,77.8,77.8,FALSE
North Dakota,3800025,Kindred Public School District 2,27,270,77.8,100,92.6,85.2,77.8,FALSE
North Dakota,3800054,North Border School District 100,18,180,77.8,100,88.9,100,77.8,FALSE
North Dakota,3816430,Sargent Central Public School District 6,9,90,77.8,100,88.9,77.8,100,FALSE
Ohio,3904520,Barnesville Exempted Village School District,45,450,77.8,80,77.8,100,80,FALSE
Ohio,3904662,Ansonia Local School District,27,270,77.8,100,77.8,100,100,FALSE
Ohio,3904809,Riverside Local School District,18,180,77.8,100,77.8,100,100,FALSE
Ohio,3905048,Fort Frye Local School District,45,450,77.8,100,100,100,77.8,FALSE
Oklahoma,4017040,Lane Public School,9,90,77.8,100,77.8,100,100,FALSE
Oklahoma,4022830,Oktaha Public Schools,18,180,77.8,100,77.8,100,100,FALSE
Oklahoma,4025530,Ravia Public School,9,90,77.8,77.8,77.8,77.8,77.8,FALSE
Pennsylvania,4210530,Galeton Area School District,9,90,77.8,100,77.8,100,100,FALSE
South Dakota,4600053,Sisseton School District 54-2,81,810,77.8,96.3,100,98.8,90.1,FALSE
South Dakota,4680440,Highmore-Harrold School District 34-2,18,180,77.8,100,88.9,94.4,77.8,FALSE
Texas,4810140,Big Sandy Independent School District,27,270,77.8,85.2,81.5,100,100,FALSE
Texas,4812240,Burton Independent School District,18,180,77.8,100,77.8,100,88.9,FALSE
Texas,4820040,Frost Independent School District,18,180,77.8,100,88.9,100,77.8,FALSE
Texas,4836960,Rice Independent School District,27,270,77.8,100,92.6,100,77.8,FALSE
Texas,4840380,Sivells Bend Independent School District,9,90,77.8,100,77.8,100,100,FALSE
Washington,5304110,La Conner School District,18,180,77.8,94.4,100,100,77.8,FALSE
Wisconsin,5508970,Mellen School District,9,90,77.8,100,77.8,100,100,FALSE
Wisconsin,5510350,Neillsville School District,54,540,77.8,100,79.6,98.1,100,FALSE
Maine,2314809,Regional School Unit 09,103,1030,77.7,99,95.1,97.1,88.3,FALSE
Texas,4834920,Pilot Point Independent School District,94,940,77.7,100,100,100,100,FALSE
California,600068,Golden Valley Unified School District,156,1560,77.6,100,100,100,85.9,FALSE
Illinois,1725690,Meridian Community Unit School District 223,58,580,77.6,100,94.8,98.3,82.8,FALSE
Illinois,1741980,Westmont Community Unit School District 201,76,760,77.6,100,100,100,97.4,FALSE
Illinois,1743962,Midwest Central Community Unit School District 191,49,490,77.6,100,83.7,100,79.6,FALSE
Michigan,2623850,Milan Area Schools,76,760,77.6,100,100,100,77.6,FALSE
Mississippi,2803240,North Pike School District,76,760,77.6,100,100,100,77.6,FALSE
New Jersey,3407140,High Point Regional School District,147,1470,77.6,100,93.9,100,84.4,FALSE
New York,3630030,Washingtonville Central School District,214,2140,77.6,100,100,100,83.2,FALSE
Ohio,3904565,Wellington Exempted Village School District,76,760,77.6,100,100,100,88.2,FALSE
Ohio,3904954,Zane Trace Local School District,49,490,77.6,100,100,100,79.6,FALSE
Texas,4836240,Quinlan Independent School District,125,1250,77.6,100,87.2,100,86.4,FALSE
Washington,5306690,Peninsula School District,460,4600,77.6,100,98.9,100,82.6,FALSE
Illinois,1700005,Prairie Central Community Unit School District 8,80,800,77.5,100,91.2,93.8,96.2,FALSE
Indiana,1810560,South Spencer County School Corporation,40,400,77.5,97.5,85,100,77.5,FALSE
Kentucky,2104770,Perry County School District,178,1780,77.5,94.9,85.4,100,86,FALSE
Michigan,2601980,Airport Community School District,129,1290,77.5,100,100,98.4,89.1,FALSE
Michigan,2630930,Saranac Community Schools,40,400,77.5,100,100,95,100,FALSE
Texas,4825320,Kemp Independent School District,89,890,77.5,89.9,88.8,94.4,83.1,FALSE
Washington,5306060,Ocean Beach School District,40,400,77.5,77.5,90,100,77.5,FALSE
Wisconsin,5506600,Hortonville School District,204,2040,77.5,100,88.7,100,94.6,FALSE
Wisconsin,5512660,Reedsburg School District,129,1290,77.5,97.7,81.4,100,100,FALSE
Alabama,103580,Winston County School District,84,840,77.4,100,86.9,100,89.3,FALSE
California,602430,Alvord Unified School District,789,7890,77.4,100,100,100,100,FALSE
Georgia,1300750,Calhoun County School District,31,310,77.4,87.1,93.5,100,100,FALSE
Georgia,1305850,Worth County School District,137,1370,77.4,100,91.2,99.3,78.1,FALSE
Iowa,1914010,Highland Community School District,31,310,77.4,100,83.9,93.5,100,FALSE
New York,3608910,Delaware Academy Central School District at Delhi,31,310,77.4,90.3,90.3,77.4,100,FALSE
New York,3613710,Harpursville Central School District,31,310,77.4,87.1,90.3,80.6,100,FALSE
New York,3630630,West Genesee Central School District,221,2210,77.4,100,100,100,94.1,FALSE
Ohio,3904900,Twin Valley Community Local School District,53,530,77.4,100,77.4,100,94.3,FALSE
Ohio,3904991,Osnaburg Local School District,62,620,77.4,100,83.9,100,96.8,FALSE
Pennsylvania,4210110,North Schuylkill School District,84,840,77.4,100,100,100,85.7,FALSE
Texas,4840350,Sinton Independent School District,93,930,77.4,100,87.1,100,100,FALSE
Washington,5308190,South Whidbey School District,31,310,77.4,100,100,100,77.4,FALSE
West Virginia,5400090,Boone County School District,133,1330,77.4,93.2,88,98.5,95.5,FALSE
Wisconsin,5502970,Crivitz School District,31,310,77.4,100,87.1,90.3,100,FALSE
Arizona,408280,Tanque Verde Unified District,66,660,77.3,100,89.4,100,81.8,FALSE
Arkansas,500065,Lafayette County School District,22,220,77.3,77.3,100,100,100,FALSE
Illinois,1731050,Pecatonica Community Unit School District 321,22,220,77.3,100,100,100,100,FALSE
Iowa,1912230,Galva-Holstein Community School District,22,220,77.3,100,90.9,95.5,90.9,FALSE
Michigan,2619250,Ionia Public Schools,141,1410,77.3,100,100,99.3,96.5,FALSE
Michigan,2632910,West Iron County Public Schools,44,440,77.3,100,100,88.6,100,FALSE
Mississippi,2803780,Quitman School District,75,750,77.3,92,85.3,100,82.7,FALSE
Missouri,2904890,Scott County R-IV School District,22,220,77.3,100,77.3,100,100,FALSE
Missouri,2910620,Delta R-V School District,22,220,77.3,100,81.8,100,100,FALSE
Nebraska,3103130,Arlington Public Schools,22,220,77.3,100,81.8,90.9,81.8,FALSE
New Hampshire,3305880,Raymond School District,44,440,77.3,100,97.7,100,77.3,FALSE
New York,3606210,Cambridge Central School District,22,220,77.3,90.9,100,86.4,100,FALSE
New York,3616800,Laurens Central School District,22,220,77.3,100,90.9,95.5,100,FALSE
New York,3631740,Worcester Central School District,22,220,77.3,100,81.8,95.5,100,FALSE
North Dakota,3807200,Fort Yates Public School District 4,22,220,77.3,77.3,100,100,100,FALSE
Ohio,3904357,Bellaire Local School District,75,750,77.3,100,97.3,100,96,FALSE
Oklahoma,4018660,Macomb Public Schools,22,220,77.3,100,77.3,100,100,FALSE
Tennessee,4700270,Bledsoe County School District,75,750,77.3,97.3,86.7,100,100,FALSE
Texas,4822500,Harleton Independent School District,22,220,77.3,86.4,86.4,100,77.3,FALSE
Texas,4822770,Hawkins Independent School District,22,220,77.3,100,95.5,100,77.3,FALSE
Wisconsin,5513260,St. Francis School District,44,440,77.3,100,100,100,100,FALSE
Georgia,1302040,Emanuel County School District,158,1580,77.2,88,92.4,100,77.2,FALSE
Georgia,1302730,Hart County School District,149,1490,77.2,98,96.6,100,84.6,FALSE
Illinois,1719620,Hononegah Community High School District 207,246,2460,77.2,100,93.5,100,97.2,FALSE
Illinois,1738760,Teutopolis Community Unit School District 50,79,790,77.2,100,100,100,87.3,FALSE
Kentucky,2102460,Hancock County School District,57,570,77.2,93,91.2,100,87.7,FALSE
Michigan,2610200,Coleman Community School District,57,570,77.2,87.7,100,96.5,86,FALSE
New Jersey,3418300,Wood-Ridge Borough School District,79,790,77.2,100,100,100,91.1,FALSE
Pennsylvania,4215290,Mifflin County School District,307,3070,77.2,99.3,100,100,90.2,FALSE
Tennessee,4703450,Polk County School District,114,1140,77.2,94.7,86.8,100,94.7,FALSE
Texas,4822120,Hallettsville Independent School District,57,570,77.2,100,82.5,82.5,77.2,FALSE
Alabama,101710,Hale County School District,96,960,77.1,100,85.4,100,80.2,FALSE
Indiana,1801060,C. A. Beard Memorial School Corporation,48,480,77.1,95.8,77.1,100,100,FALSE
Kansas,2005580,Dodge City Unified School District 443,336,3360,77.1,100,78.3,100,100,FALSE
Mississippi,2803060,Neshoba County School District,205,2050,77.1,93.2,100,100,81.5,FALSE
Ohio,3904928,Preble Shawnee Local School District,35,350,77.1,80,80,100,77.1,FALSE
Oklahoma,4018090,Lone Grove Public Schools,48,480,77.1,100,79.2,97.9,100,FALSE
Oklahoma,4024930,Prague Public Schools,35,350,77.1,100,77.1,100,100,FALSE
Oregon,4102780,Cascade School District 5,96,960,77.1,100,100,96.9,81.2,FALSE
Texas,4829190,Mart Independent School District,35,350,77.1,100,88.6,100,77.1,FALSE
Alabama,100660,Chilton County School District,326,3260,77,100,94.5,100,81,FALSE
Oregon,4107380,Lebanon Community School District 9,126,1260,77,100,100,100,94.4,FALSE
Virginia,5102940,Pittsylvania County Public Schools,291,2910,77,97.9,88.7,100,88.7,FALSE
Washington,.,.,122,1220,77,99.2,100,100,82,FALSE
Arkansas,500041,Western Yell County School District,26,260,76.9,100,100,76.9,76.9,FALSE
Arkansas,502670,Augusta School District,26,260,76.9,76.9,76.9,100,100,FALSE
Colorado,806360,Centennial School District R-1,13,130,76.9,92.3,76.9,100,100,FALSE
Illinois,1710340,Clay City Community Unit District 10,13,130,76.9,100,76.9,84.6,100,FALSE
Illinois,1735610,Scales Mound Community Unit School District 211,13,130,76.9,100,84.6,84.6,100,FALSE
Indiana,1802660,Delaware Community School Corporation,78,780,76.9,100,100,100,76.9,FALSE
Kansas,2011760,Solomon Unified School District 393,13,130,76.9,100,76.9,100,84.6,FALSE
Michigan,2626400,Onaway Area Community School District,26,260,76.9,80.8,100,100,76.9,FALSE
Mississippi,2800540,Baldwyn School District,39,390,76.9,87.2,100,100,76.9,FALSE
Mississippi,2803960,South Delta School District,26,260,76.9,100,100,100,100,FALSE
Missouri,2922500,Niangua R-V School District,13,130,76.9,100,76.9,100,100,FALSE
Montana,3012840,Philipsburg K-12 Schools,13,130,76.9,100,100,76.9,100,FALSE
Nebraska,3103540,Battle Creek Public Schools,26,260,76.9,100,100,92.3,100,FALSE
Nebraska,3171730,Hemingford Public Schools,13,130,76.9,100,76.9,100,100,FALSE
New Jersey,3401440,Belvidere Town School District,13,130,76.9,100,76.9,100,100,FALSE
New Jersey,3401980,Boonton Township School District,26,260,76.9,100,100,100,84.6,FALSE
New York,3618080,Madison Central School District,13,130,76.9,100,76.9,100,100,FALSE
New York,3619350,Milford Central School District,13,130,76.9,100,76.9,100,100,FALSE
North Carolina,3703090,Moore County Schools,714,7140,76.9,97.5,100,100,91.7,FALSE
North Dakota,3813710,Nesson Public School District 2,13,130,76.9,100,92.3,100,76.9,FALSE
Ohio,3904976,Botkins Local School District,13,130,76.9,100,100,100,76.9,FALSE
Oklahoma,4003010,Anderson Public School,13,130,76.9,100,76.9,100,100,FALSE
Oklahoma,4028800,Stonewall Public Schools,26,260,76.9,92.3,88.5,100,96.2,FALSE
Pennsylvania,4215210,Midd-West School District,143,1430,76.9,98.6,100,97.2,81.1,FALSE
Texas,4811070,Brackett Independent School District,13,130,76.9,84.6,76.9,100,100,FALSE
Texas,4816890,Detroit Independent School District,13,130,76.9,76.9,76.9,100,100,FALSE
Texas,4823460,Honey Grove Independent School District,26,260,76.9,100,76.9,100,100,FALSE
Texas,4835550,Poth Independent School District,52,520,76.9,100,100,100,76.9,FALSE
Virginia,5103420,Russell County Public Schools,156,1560,76.9,99.4,86.5,99.4,91.7,FALSE
West Virginia,5401140,Pocahontas County School District,26,260,76.9,100,88.5,92.3,96.2,FALSE
Wisconsin,5501080,Beloit Turner School District,52,520,76.9,100,96.2,100,100,FALSE
Wisconsin,5505520,Glenwood City School District,13,130,76.9,100,76.9,100,100,FALSE
Wisconsin,5513140,Rosholt School District,13,130,76.9,100,84.6,92.3,100,FALSE
Wyoming,5604830,Weston County School District 1,13,130,76.9,100,100,92.3,76.9,FALSE
Kentucky,2104200,Monroe County School District,82,820,76.8,97.6,86.6,100,98.8,FALSE
Mississippi,2802820,Marion County School District,95,950,76.8,91.6,97.9,100,76.8,FALSE
Ohio,3904647,Ridgewood Local School District,82,820,76.8,100,100,100,76.8,FALSE
South Carolina,4500870,Anderson School District 4,198,1980,76.8,100,98,99.5,79.8,FALSE
Vermont,5008246,Bellows Falls UHSD 27,56,560,76.8,100,94.6,91.1,92.9,FALSE
Virginia,5103390,Rockingham County Public Schools,551,5510,76.8,100,93.3,99.8,84.6,FALSE
Wisconsin,5512120,Poynette School District,56,560,76.8,100,89.3,100,83.9,FALSE
Connecticut,903420,Preston School District,30,300,76.7,100,86.7,93.3,76.7,FALSE
Georgia,1304830,Telfair County School District,73,730,76.7,86.3,84.9,100,91.8,FALSE
Illinois,1719200,Hillsboro Community Unit School District 3,43,430,76.7,100,95.3,97.7,83.7,FALSE
Michigan,2604950,Benzie County Central School,73,730,76.7,100,100,98.6,89,FALSE
Missouri,2911340,Eldon R-I School District,90,900,76.7,100,80,98.9,90,FALSE
New York,3629940,Warsaw Central School District,30,300,76.7,100,83.3,100,90,FALSE
North Dakota,3800032,Beulah Public School District 27,30,300,76.7,100,100,80,100,FALSE
Ohio,3904749,Hardin Northern Local School District,30,300,76.7,100,100,100,76.7,FALSE
Ohio,3904853,Southern Local School District,43,430,76.7,100,95.3,100,81.4,FALSE
Texas,4823400,Holliday Independent School District,30,300,76.7,100,100,100,76.7,FALSE
Washington,5303810,Kalama School District,43,430,76.7,100,100,100,76.7,FALSE
Wisconsin,5508220,Lomira School District,30,300,76.7,100,93.3,100,83.3,FALSE
Idaho,1603360,Wendell School District 232,64,640,76.6,100,100,100,100,FALSE
Illinois,1711880,Deer Creek-Mackinaw Community Unit School District 701,47,470,76.6,100,91.5,93.6,83,FALSE
Kansas,2006390,Garden City Unified School District 457,321,3210,76.6,100,100,100,100,FALSE
Missouri,2918600,Licking R-VIII School District,47,470,76.6,100,100,100,100,FALSE
Missouri,2926160,Reeds Spring R-IV School District,47,470,76.6,100,76.6,100,100,FALSE
New York,3600010,Cobleskill-Richmondville Central School District,64,640,76.6,100,98.4,93.8,78.1,FALSE
New York,3614400,Highland Central School District,64,640,76.6,100,100,100,89.1,FALSE
New York,3629130,Tully Central School District,47,470,76.6,100,100,87.2,100,FALSE
Pennsylvania,4221660,Slippery Rock Area School District,64,640,76.6,96.9,100,100,79.7,FALSE
Washington,5306960,Puyallup School District,1057,10570,76.6,100,100,100,86.7,FALSE
Arkansas,507840,Hope School District,132,1320,76.5,100,92.4,100,84.1,FALSE
California,609120,Coalinga-Huron Unified School District,179,1790,76.5,100,100,98.9,100,FALSE
Colorado,805460,Mancos School District RE-6,17,170,76.5,76.5,76.5,100,82.4,FALSE
Indiana,1803750,Franklin Township Community School Corporation,618,6180,76.5,100,93.4,100,92.9,FALSE
Indiana,1812090,Vigo County School Corporation,690,6900,76.5,100,98.8,100,98,FALSE
Iowa,1906840,Central Community School District,17,170,76.5,100,76.5,100,76.5,FALSE
Iowa,1914160,Hinton Community School District,17,170,76.5,100,88.2,88.2,82.4,FALSE
Kansas,2006960,Haven Public Schools Unified School District 312,34,340,76.5,100,88.2,88.2,100,FALSE
Kansas,2011850,Spring Hill Unified School District 230,149,1490,76.5,100,83.9,100,100,FALSE
Michigan,2622800,Marion Public Schools,34,340,76.5,100,100,100,76.5,FALSE
Michigan,2627690,Peck Community School District,17,170,76.5,100,100,88.2,76.5,FALSE
Michigan,2634650,Vandercook Lake Public Schools,17,170,76.5,100,100,100,76.5,FALSE
Minnesota,2711460,Ellsworth Public School District,17,170,76.5,100,100,100,100,FALSE
Minnesota,2728110,Parkers Prairie Public School District,17,170,76.5,100,88.2,76.5,88.2,FALSE
Missouri,2928530,South Pemiscot County R-V School District,17,170,76.5,100,100,100,88.2,FALSE
New York,.,.,537,5370,76.5,100,99.8,99.4,90.9,FALSE
New York,3603210,Argyle Central School District,17,170,76.5,100,88.2,82.4,100,FALSE
Ohio,3905065,Stryker Local School District,17,170,76.5,100,82.4,100,94.1,FALSE
Pennsylvania,4212390,Jefferson-Morgan School District,17,170,76.5,100,82.4,100,100,FALSE
South Dakota,4624030,Faulkton School District 24-4,17,170,76.5,100,76.5,76.5,100,FALSE
Tennessee,4704290,Union County School District,136,1360,76.5,98.5,92.6,98.5,93.4,FALSE
Texas,4809150,Axtell Independent School District,17,170,76.5,100,88.2,100,82.4,FALSE
Texas,4838310,Runge Independent School District,17,170,76.5,100,76.5,100,100,FALSE
Vermont,5000450,Mountain Views Unified Union School District,34,340,76.5,100,82.4,94.1,85.3,FALSE
Wisconsin,5515060,Turtle Lake School District,17,170,76.5,76.5,76.5,100,88.2,FALSE
California,638280,Summerville Union High School District,72,720,76.4,100,100,100,100,FALSE
Maine,2311550,School Administrative District 40,110,1100,76.4,100,88.2,93.6,85.5,FALSE
Michigan,2620610,Lake City Area School District,55,550,76.4,90.9,100,94.5,80,FALSE
Ohio,3904865,Switzerland of Ohio Local School District,89,890,76.4,100,98.9,95.5,87.6,FALSE
Oregon,4107500,Lincoln County School District,225,2250,76.4,96,100,90.7,87.1,FALSE
Rhode Island,4400210,Coventry School District,157,1570,76.4,100,98.1,100,91.7,FALSE
California,610770,Del Norte County Unified School District,173,1730,76.3,94.2,100,82.1,98.3,FALSE
Illinois,1740070,Valley View Community Unit School District 365U,612,6120,76.3,100,86.4,100,95.9,FALSE
Kentucky,2101620,Edmonson County School District,59,590,76.3,100,89.8,100,81.4,FALSE
Missouri,2930420,East Newton County R-VI School District,59,590,76.3,100,100,100,100,FALSE
New York,3618090,Madrid-Waddington Central School District,38,380,76.3,100,84.2,92.1,100,FALSE
North Carolina,3702880,Martin County Schools,118,1180,76.3,100,100,99.2,97.5,FALSE
Ohio,3904742,Arlington Local School District,38,380,76.3,100,100,100,76.3,FALSE
Oklahoma,4011160,Eufaula Public Schools,38,380,76.3,84.2,78.9,100,81.6,FALSE
Oregon,4103720,Crook County School District,177,1770,76.3,100,100,98.9,77.4,FALSE
Tennessee,4700510,Carter County School District,139,1390,76.3,99.3,92.1,100,93.5,FALSE
Virginia,5100560,Buena Vista City Public Schools,38,380,76.3,100,76.3,100,100,FALSE
West Virginia,5401560,Wetzel County School District,93,930,76.3,98.9,89.2,100,100,FALSE
California,620220,La Honda-Pescadero Unified School District,21,210,76.2,100,100,100,76.2,FALSE
Illinois,1713500,Edwards County Community Unit School District 1,42,420,76.2,90.5,97.6,100,100,FALSE
Iowa,1909120,Dike-New Hartford Community School District,21,210,76.2,100,81,100,95.2,FALSE
Kansas,2009360,McLouth Unified School District 342,21,210,76.2,100,76.2,100,100,FALSE
Michigan,2602160,Alcona Community Schools,21,210,76.2,85.7,100,95.2,85.7,FALSE
Michigan,2622050,Lowell Area Schools,193,1930,76.2,100,100,100,77.2,FALSE
Michigan,2635850,West Branch-Rose City Area Schools,101,1010,76.2,98,100,91.1,81.2,FALSE
New York,3603810,Bainbridge-Guilford Central School District,21,210,76.2,90.5,85.7,100,100,FALSE
Ohio,3904591,Federal Hocking Local School District,42,420,76.2,100,92.9,95.2,85.7,FALSE
Oklahoma,4007380,Chelsea Public Schools,63,630,76.2,100,100,100,96.8,FALSE
Oklahoma,4021900,Norwood Public School,21,210,76.2,100,81,100,100,FALSE
Tennessee,4703960,Stewart County School District,105,1050,76.2,88.6,93.3,100,93.3,FALSE
Texas,4824450,Italy Independent School District,21,210,76.2,95.2,85.7,100,81,FALSE
Utah,4900030,Alpine School District,4568,45680,76.2,100,100,100,92.3,FALSE
Wisconsin,5508940,Medford Area School District,84,840,76.2,100,83.3,100,84.5,FALSE
Wisconsin,5510860,Oakfield School District,21,210,76.2,100,76.2,100,100,FALSE
Wyoming,5601420,Big Horn County School District 1,21,210,76.2,100,90.5,95.2,85.7,FALSE
California,612930,Esparto Unified School District,67,670,76.1,100,100,100,88.1,FALSE
Mississippi,2801560,George County School District,251,2510,76.1,98,94,100,84.1,FALSE
Pennsylvania,4215900,Morrisville Borough School District,67,670,76.1,100,100,100,80.6,FALSE
Texas,4811460,Brock Independent School District,46,460,76.1,100,93.5,93.5,82.6,FALSE
Texas,4827330,Lexington Independent School District,46,460,76.1,100,89.1,95.7,76.1,FALSE
Wyoming,5602140,Converse County School District 1,88,880,76.1,100,100,79.5,79.5,FALSE
Alabama,100750,Clay County School District,100,1000,76,96,100,97,80,FALSE
California,602070,Alpine County Unified School District,25,250,76,100,100,100,76,FALSE
California,606001,Yosemite Unified School District (9-12),25,250,76,84,100,100,80,FALSE
Kansas,2000004,Rock Creek Unified School District 323,50,500,76,100,98,98,98,FALSE
Missouri,2928430,South Callaway County R-II School District,25,250,76,100,100,88,76,FALSE
Nebraska,3100129,Twin River Public Schools,25,250,76,100,100,92,100,FALSE
North Carolina,3704320,Stanly County Schools,421,4210,76,100,100,100,77,FALSE
Arizona,400003,Chino Valley Unified District,141,1410,75.9,100,99.3,100,86.5,FALSE
Illinois,1721300,Hiawatha Community Unit School District 426,29,290,75.9,100,75.9,100,100,FALSE
Maine,2314775,Regional School Unit 16,54,540,75.9,100,87,85.2,92.6,FALSE
Michigan,2616050,Gobles Public School District,29,290,75.9,100,100,75.9,100,FALSE
Michigan,2632940,Standish-Sterling Community School District,79,790,75.9,92.4,100,97.5,88.6,FALSE
New Hampshire,3306780,Wakefield School District,29,290,75.9,100,100,100,75.9,FALSE
North Carolina,3701200,Duplin County Schools,344,3440,75.9,93.6,100,99.4,89,FALSE
Pennsylvania,4210860,Governor Mifflin School District,228,2280,75.9,100,100,100,78.9,FALSE
Pennsylvania,4214100,Lower Dauphin School District,195,1950,75.9,100,100,100,77.9,FALSE
Texas,4840020,Shepherd Independent School District,79,790,75.9,100,75.9,100,100,FALSE
Texas,4844430,Waller Independent School District,348,3480,75.9,100,93.1,100,86.8,FALSE
Washington,5302820,Federal Way School District,1106,11060,75.9,100,100,100,79.4,FALSE
Wisconsin,5508340,Luxemburg-Casco School District,58,580,75.9,100,86.2,96.6,79.3,FALSE
Illinois,1700314,West Prairie Community Unit School District 103,33,330,75.8,100,75.8,90.9,100,FALSE
Indiana,1810640,Southeast Dubois County School Corporation,33,330,75.8,100,78.8,100,97,FALSE
Indiana,1811250,Taylor Community School Corporation,99,990,75.8,100,100,100,85.9,FALSE
Iowa,1917460,Logan-Magnolia Community School District,33,330,75.8,100,75.8,100,100,FALSE
Minnesota,2700105,Belgrade-Brooten-Elrosa Public School District,33,330,75.8,100,90.9,75.8,100,FALSE
Minnesota,2728350,Pillager Public School District,33,330,75.8,100,93.9,75.8,90.9,FALSE
New York,3630160,Waterville Central School District,33,330,75.8,90.9,100,84.8,100,FALSE
North Carolina,3704740,Warren County Schools,99,990,75.8,92.9,100,92.9,84.8,FALSE
Texas,4812090,Buna Independent School District,62,620,75.8,100,93.5,91.9,77.4,FALSE
Texas,4817100,Dilley Independent School District,62,620,75.8,100,75.8,100,75.8,FALSE
Texas,4820850,Glen Rose Independent School District,66,660,75.8,100,83.3,97,78.8,FALSE
Wisconsin,5503210,De Pere Unified School District,149,1490,75.8,100,91.3,100,98,FALSE
Wisconsin,5503840,Durand School District,62,620,75.8,100,91.9,93.5,79,FALSE
Alabama,102480,Morgan County School District,403,4030,75.7,99.5,95.8,99.8,83.6,FALSE
Georgia,1302460,Grady County School District,189,1890,75.7,100,85.7,100,79.4,FALSE
Illinois,1722130,Red Hill Community Unit School District 10,37,370,75.7,91.9,86.5,86.5,100,FALSE
Illinois,1729420,Oblong Community Unit School District 4,37,370,75.7,78.4,75.7,100,100,FALSE
Kentucky,2102300,Grayson County School District,218,2180,75.7,93.1,88.1,100,84.4,FALSE
Michigan,2609750,Clare Public Schools,70,700,75.7,98.6,100,90,88.6,FALSE
Missouri,2931440,Waynesville R-VI Schools,321,3210,75.7,97.2,91,100,84.7,FALSE
New York,3616410,LaFayette Central School District,37,370,75.7,86.5,97.3,100,100,FALSE
New York,3624450,Rensselaer City School District,74,740,75.7,100,100,100,89.2,FALSE
Pennsylvania,4215540,Mohawk Area School District,70,700,75.7,82.9,100,100,92.9,FALSE
Wisconsin,5514580,Stratford School District,37,370,75.7,100,100,83.8,100,FALSE
Arkansas,511130,Paris School District,45,450,75.6,100,80,97.8,77.8,FALSE
Michigan,2621690,Linden Community Schools,160,1600,75.6,100,100,100,76.9,FALSE
North Carolina,3704410,Surry County Schools,353,3530,75.6,100,100,99.4,86.1,FALSE
Ohio,3904903,Wayne Trace Local School District,41,410,75.6,100,100,100,75.6,FALSE
Ohio,3910022,Lincolnview Local School District,41,410,75.6,100,90.2,100,85.4,FALSE
South Carolina,4502640,Laurens School District 56,164,1640,75.6,100,89.6,100,79.3,FALSE
South Dakota,4606240,Bennett County School District 03-1,45,450,75.6,75.6,100,84.4,100,FALSE
Tennessee,4703870,Smith County School District,127,1270,75.6,97.6,88.2,99.2,90.6,FALSE
Illinois,1740830,Warrensburg-Latham Community Unit District 11,53,530,75.5,100,90.6,100,83,FALSE
Indiana,1807080,Monroe Central School Corporation,49,490,75.5,100,75.5,100,100,FALSE
Indiana,1810710,Southern Hancock County Community School Corporation,147,1470,75.5,100,88.4,100,100,FALSE
Maryland,.,.,102,1020,75.5,100,96.1,96.1,87.3,FALSE
New York,3614550,Holland Central School District,53,530,75.5,100,90.6,92.5,84.9,FALSE
Pennsylvania,4211880,Highlands School District,102,1020,75.5,100,100,100,99,FALSE
Virginia,5100600,Campbell County Public Schools,326,3260,75.5,99.4,95.7,100,85.9,FALSE
Wisconsin,5502340,Cashton School District,49,490,75.5,100,75.5,100,100,FALSE
Alabama,102310,Marion County School District,179,1790,75.4,97.2,95.5,100,87.7,FALSE
Illinois,1720610,Joliet Township High School District 204,916,9160,75.4,99.1,100,100,97.3,FALSE
Indiana,1805340,Knox Community School Corporation,65,650,75.4,100,75.4,100,100,FALSE
Michigan,2628830,Port Huron Area School District,402,4020,75.4,96.3,100,99.8,91.8,FALSE
North Carolina,3701080,Currituck County Schools,175,1750,75.4,97.7,100,100,94.3,FALSE
Ohio,3904557,Paulding Exempted Village School District,57,570,75.4,100,89.5,98.2,100,FALSE
Ohio,3904914,Waverly City School District,57,570,75.4,86,87.7,100,75.4,FALSE
Pennsylvania,4208820,Eastern Lancaster County School District,337,3370,75.4,100,100,100,76.6,FALSE
Pennsylvania,4218660,Penn-Trafford School District,171,1710,75.4,100,100,100,76,FALSE
South Carolina,4502250,Florence School District 5,65,650,75.4,100,100,98.5,95.4,FALSE
Tennessee,4702070,Jackson County School District,65,650,75.4,96.9,92.3,96.9,83.1,FALSE
Texas,4800009,Wimberley Independent School District,69,690,75.4,100,82.6,100,81.2,FALSE
Texas,4807470,Academy Independent School District,57,570,75.4,100,86,100,100,FALSE
Texas,4830340,Merkel Independent School District,69,690,75.4,100,84.1,100,76.8,FALSE
Utah,4900540,Millard School District,114,1140,75.4,100,84.2,100,86,FALSE
California,633110,River Delta Joint Unified School District,73,730,75.3,97.3,100,100,79.5,FALSE
Georgia,1304200,Polk County School District,372,3720,75.3,100,90.6,100,93.3,FALSE
Missouri,2915600,Jackson R-II School District,271,2710,75.3,100,86.7,100,85.2,FALSE
New York,3609660,East Hampton Union Free School District,89,890,75.3,100,92.1,97.8,87.6,FALSE
New York,3620370,New Hartford Central School District,97,970,75.3,100,100,100,90.7,FALSE
Oregon,4111970,Sweet Home School District 55,85,850,75.3,98.8,100,100,80,FALSE
Pennsylvania,4206840,Cornwall-Lebanon School District,243,2430,75.3,100,100,100,87.7,FALSE
Tennessee,4701020,Dickson County School District,368,3680,75.3,100,97.3,100,81.8,FALSE
Texas,4812220,Burnet Consolidated Independent School District,178,1780,75.3,100,84.3,100,79.2,FALSE
Alabama,102100,Limestone County School District,387,3870,75.2,99,95.3,99.7,82.9,FALSE
Indiana,1810350,South Gibson School Corporation,141,1410,75.2,100,100,100,75.2,FALSE
Kansas,2012260,Topeka Public Schools Unified School District 501,681,6810,75.2,100,97.5,100,100,FALSE
New York,3628320,Suffern Central School District,230,2300,75.2,100,100,100,80,FALSE
Texas,4819350,Floresville Independent School District,165,1650,75.2,92.7,89.7,98.2,79.4,FALSE
Wisconsin,5515750,Watertown School District,214,2140,75.2,100,99.5,100,99.5,FALSE
California,624660,Merced Union High School District,1572,15720,75.1,100,100,100,97.5,FALSE
Montana,3013830,Helena High School District,426,4260,75.1,100,100,99.1,85,FALSE
Tennessee,4702820,McMinn County School District,261,2610,75.1,97.3,92.7,100,98.5,FALSE
Alabama,100195,Pike Road City School District,36,360,75,100,97.2,100,80.6,FALSE
Alaska,200270,Haines Borough School District,4,40,75,75,100,100,100,TRUE
Arkansas,503420,Lead Hill School District,8,80,75,100,100,100,75,FALSE
Arkansas,504050,Cave City School District,32,320,75,75,100,100,100,FALSE
Arkansas,504980,Decatur School District,28,280,75,100,75,100,100,FALSE
Arkansas,506150,Flippin School District,40,400,75,100,100,100,75,FALSE
Arkansas,507110,Gurdon School District,32,320,75,100,100,100,75,FALSE
Arkansas,507530,Hazen School District,16,160,75,81.2,93.8,93.8,100,FALSE
Arkansas,514400,Woodlawn School District,12,120,75,83.3,100,100,75,FALSE
California,624150,Maxwell Unified School District,12,120,75,75,100,100,100,FALSE
Colorado,805970,Ouray School District R-1,4,40,75,100,75,75,75,TRUE
Delaware,1000270,Delmar School District,52,520,75,100,100,88.5,78.8,FALSE
Georgia,1303720,Monroe County School District,156,1560,75,100,92.9,100,76.3,FALSE
Idaho,1601620,Kamiah Joint School District 304,20,200,75,80,100,95,75,FALSE
Illinois,1712240,Dieterich Community Unit School District 30,28,280,75,100,82.1,100,82.1,FALSE
Illinois,1715100,Fieldcrest Community Unit School District 6,40,400,75,100,100,100,100,FALSE
Illinois,1718200,Hardin County Community Unit School District 1,8,80,75,100,100,100,100,FALSE
Illinois,1727450,Mulberry Grove Community Unit School District 1,16,160,75,100,81.2,100,75,FALSE
Illinois,1727780,Nauvoo-Colusa Community Unit School District 325,16,160,75,81.2,100,100,100,FALSE
Illinois,1727990,New Berlin CUSD 16,60,600,75,100,91.7,100,81.7,FALSE
Illinois,1730930,Pawnee Community Unit School District 11,24,240,75,100,87.5,95.8,75,FALSE
Indiana,1807950,North Posey County Schools Metropolitan School District,60,600,75,100,80,100,90,FALSE
Indiana,1809120,John Glenn School Corporation,80,800,75,100,100,100,90,FALSE
Indiana,1809180,Porter Township School Corporation,48,480,75,100,79.2,100,93.8,FALSE
Indiana,1809600,Rising Sun-Ohio County Community Schools,40,400,75,100,80,100,100,FALSE
Iowa,1908550,Danville Community School District,28,280,75,100,78.6,100,100,FALSE
Iowa,1912120,Fremont-Mills Community School District,12,120,75,100,83.3,91.7,100,FALSE
Iowa,1912480,George-Little Rock Community School District,16,160,75,100,100,87.5,75,FALSE
Iowa,1913320,Guthrie Center Community School District,20,200,75,100,85,100,75,FALSE
Iowa,1919740,Mormon Trail Community School District,8,80,75,87.5,87.5,87.5,100,FALSE
Iowa,1927480,Stratford Community School District,4,40,75,100,75,100,100,TRUE
Iowa,1929760,Wapsie Valley Community School District,44,440,75,100,100,93.2,77.3,FALSE
Kansas,2006990,Haviland Unified School District 474,4,40,75,100,75,100,100,TRUE
Kansas,2009780,Moundridge Unified School District 423,12,120,75,100,75,100,100,FALSE
Kansas,2011610,Wallace County Schools Unified School District 241,12,120,75,75,100,75,100,FALSE
Maine,2300067,Machiasport,4,40,75,100,75,75,75,TRUE
Maine,2302220,Acton,12,120,75,100,91.7,83.3,100,FALSE
Maine,2302730,Baileyville,4,40,75,100,75,100,100,TRUE
Maine,2304860,Dayton Public Schools,4,40,75,100,100,100,75,TRUE
Maine,2311580,School Administrative District 41,8,80,75,100,75,100,75,FALSE
Maine,2311700,School Administrative District 45,8,80,75,100,75,100,100,FALSE
Massachusetts,2502040,Ashburnham-Westminster School District,56,560,75,100,92.9,89.3,91.1,FALSE
Massachusetts,2505940,Hatfield School District,16,160,75,100,81.2,100,100,FALSE
Massachusetts,2510200,Rockport School District,32,320,75,100,100,100,90.6,FALSE
Michigan,2608880,Chassell Township School District,8,80,75,100,100,75,100,FALSE
Michigan,2617550,Hancock Public Schools,36,360,75,97.2,100,97.2,80.6,FALSE
Michigan,2629220,North Central Area Schools,12,120,75,100,100,75,100,FALSE
Minnesota,2700125,Lac Qui Parle Valley School District,40,400,75,97.5,97.5,80,80,FALSE
Minnesota,2707590,Carlton Public School District,32,320,75,100,100,84.4,96.9,FALSE
Minnesota,2712210,Floodwood Public School District,12,120,75,100,83.3,100,75,FALSE
Minnesota,2717100,Kenyon-Wanamingo School District,32,320,75,100,100,81.2,100,FALSE
Minnesota,2723370,Nevis Public School District,8,80,75,75,75,75,100,FALSE
Minnesota,2730150,Randolph Public School District,28,280,75,100,100,92.9,96.4,FALSE
Minnesota,2738280,Swanville Public School District,12,120,75,100,83.3,75,100,FALSE
Mississippi,2800930,Carroll County School District,56,560,75,75,96.4,100,100,FALSE
Missouri,2903000,Santa Fe R-X School District,4,40,75,100,75,100,100,TRUE
Missouri,2904080,Avenue City R-IX School District,8,80,75,100,75,100,100,FALSE
Missouri,2911450,Eminence R-I School District,12,120,75,100,100,100,91.7,FALSE
Missouri,2912690,Grundy County R-V School District,8,80,75,100,75,100,100,FALSE
Missouri,2919200,Lonedell R-XIV School District,16,160,75,100,75,100,100,FALSE
Missouri,2919230,Lone Jack C-6 School District,36,360,75,100,75,100,100,FALSE
Missouri,2920700,Scotland County R-I School District,40,400,75,100,100,95,80,FALSE
Missouri,2930390,Tri-County R-VII School District,16,160,75,100,75,100,100,FALSE
Montana,3000099,Heart Butte K-12 Schools,4,40,75,75,100,100,100,TRUE
Montana,3027840,Whitehall High School District,16,160,75,81.2,100,100,93.8,FALSE
Nebraska,3100029,Superior Public Schools,16,160,75,100,81.2,87.5,75,FALSE
Nebraska,3100125,Diller-Odell Public Schools,4,40,75,100,75,100,100,TRUE
Nebraska,3100170,Gordon-Rushville Public Schools,36,360,75,94.4,77.8,100,86.1,FALSE
Nebraska,3170140,Elm Creek Public Schools,36,360,75,100,83.3,100,97.2,FALSE
Nebraska,3177180,Southern School District 1,8,80,75,75,100,75,87.5,FALSE
Nebraska,3178300,Walthill Public Schools,16,160,75,93.8,75,100,93.8,FALSE
New Hampshire,3300035,Gorham Randolph Shelburne Cooperative School District,4,40,75,100,100,100,75,TRUE
New Hampshire,3302550,Croydon School District,4,40,75,100,100,75,100,TRUE
New Hampshire,3305460,Nottingham School District,36,360,75,100,94.4,100,75,FALSE
New Hampshire,3306270,South Hampton School District,4,40,75,100,100,100,75,TRUE
New York,3603060,Schenevus Central School District,4,40,75,75,75,75,100,TRUE
New York,3603960,Barker Central School District,28,280,75,100,82.1,100,100,FALSE
New York,3607320,Westhill Central School District,76,760,75,100,100,100,81.6,FALSE
New York,3610410,Eldred Central School District,24,240,75,100,79.2,75,100,FALSE
New York,3611860,Garrison Union Free School District,12,120,75,100,83.3,100,100,FALSE
New York,3613020,Groton Central School District,48,480,75,100,87.5,100,100,FALSE
New York,3613770,Harrisville Central School District,8,80,75,100,75,100,100,FALSE
North Dakota,3802170,Ashley Public School District 9,4,40,75,100,100,100,75,TRUE
North Dakota,3813400,Mount Pleasant Public School District 4,16,160,75,93.8,87.5,81.2,81.2,FALSE
North Dakota,3880783,McClusky-Goodrich Public School District 29,4,40,75,100,100,100,100,TRUE
Ohio,3904604,Fayetteville-Perry Local School District,28,280,75,100,100,100,75,FALSE
Oklahoma,4000020,Frontier Public Schools,12,120,75,83.3,91.7,100,91.7,FALSE
Oklahoma,4011700,Fletcher Public Schools,32,320,75,100,100,96.9,100,FALSE
Oklahoma,4014370,Henryetta Public Schools,44,440,75,100,100,100,100,FALSE
Oklahoma,4014610,Hinton Public Schools,32,320,75,100,93.8,100,87.5,FALSE
Oklahoma,4016710,Konawa Public Schools,16,160,75,100,75,100,100,FALSE
Oklahoma,4019980,Milburn Public Schools,12,120,75,91.7,83.3,100,91.7,FALSE
Oklahoma,4020460,Moss Public Schools,4,40,75,75,75,100,100,TRUE
Oklahoma,4024240,Plainview Public Schools,48,480,75,100,87.5,100,87.5,FALSE
Oklahoma,4030290,Turkey Ford Public School,4,40,75,100,75,100,100,TRUE
Oklahoma,4030630,Union City Public Schools,16,160,75,100,93.8,81.2,100,FALSE
Oklahoma,4031860,Watts Public Schools,4,40,75,100,75,100,100,TRUE
Oklahoma,4032730,Whitesboro Public Schools,8,80,75,100,75,100,100,FALSE
Oklahoma,4033390,Yarbrough Public Schools,4,40,75,100,75,100,100,TRUE
Oklahoma,4033540,Zaneis Public School,8,80,75,75,87.5,100,87.5,FALSE
Oregon,4101800,Bandon School District 54,4,40,75,75,100,100,100,TRUE
Pennsylvania,4217460,Northeast Bradford School District,28,280,75,75,100,100,100,FALSE
Pennsylvania,4217640,Northern Lebanon School District,108,1080,75,100,100,100,75.9,FALSE
Pennsylvania,4217730,Northern Tioga School District,96,960,75,100,100,100,75,FALSE
Pennsylvania,4219500,Pocono Mountain School District,364,3640,75,97.3,100,100,77.7,FALSE
Pennsylvania,4224120,Union School District,24,240,75,100,100,100,100,FALSE
South Carolina,4501080,Barnwell School District 45,96,960,75,100,92.7,100,75,FALSE
South Carolina,4502070,Edgefield County School District,136,1360,75,95.6,90.4,99.3,89.7,FALSE
South Carolina,4503912,Hampton County School District,120,1200,75,97.5,85.8,97.5,80.8,FALSE
South Dakota,4612940,Clark School District 12-2,16,160,75,100,75,81.2,75,FALSE
South Dakota,4636060,Ipswich School District 22-6,36,360,75,100,83.3,100,100,FALSE
Tennessee,4702280,Lake County School District,24,240,75,100,75,100,100,FALSE
Tennessee,4703540,Richard City Special School District,8,80,75,75,75,100,100,FALSE
Tennessee,4703590,Roane County School District,284,2840,75,97.5,96.1,100,81,FALSE
Texas,4808730,Arp Independent School District,24,240,75,100,83.3,100,100,FALSE
Texas,4810440,Bloomburg Independent School District,12,120,75,91.7,75,100,100,FALSE
Texas,4816350,Dawson Independent School District,4,40,75,100,75,100,100,TRUE
Texas,4820100,Fort Davis Independent School District,12,120,75,100,75,100,100,FALSE
Texas,4821090,Goodrich Independent School District,8,80,75,100,75,100,100,FALSE
Texas,4821930,Gruver Independent School District,20,200,75,100,75,100,100,FALSE
Texas,4823760,Huckabay Independent School District,4,40,75,100,75,100,100,TRUE
Texas,4831620,Mount Calm Independent School District,4,40,75,100,75,100,100,TRUE
Texas,4831920,Mullin Independent School District,4,40,75,100,75,100,100,TRUE
Texas,4832430,New Deal Independent School District,8,80,75,100,75,100,100,FALSE
Texas,4834110,Palmer Independent School District,36,360,75,100,94.4,100,94.4,FALSE
Texas,4836990,Richards Independent School District,8,80,75,100,87.5,100,75,FALSE
Texas,4840550,Smithville Independent School District,128,1280,75,100,100,100,75.8,FALSE
Texas,4841850,Sundown Independent School District,12,120,75,100,91.7,100,83.3,FALSE
Texas,4842930,Tom Bean Independent School District,16,160,75,100,87.5,87.5,100,FALSE
Texas,4843530,Union Grove Independent School District,16,160,75,100,100,100,93.8,FALSE
Vermont,5000423,Rochester Stockbridge Unified School District,8,80,75,100,87.5,87.5,100,FALSE
Vermont,5002940,Canaan School District,4,40,75,100,75,75,100,TRUE
Vermont,5006180,Norwich School District,20,200,75,100,90,100,75,FALSE
Vermont,5009390,Wolcott School District,8,80,75,100,75,100,100,FALSE
Virginia,5103520,Smyth County Public Schools,152,1520,75,98.7,94.7,100,84.9,FALSE
Washington,5300002,Inchelium School District,8,80,75,75,100,100,100,FALSE
Washington,5301230,Cheney School District,312,3120,75,100,99.7,100,81.7,FALSE
Washington,5301980,Darrington School District,8,80,75,75,75,100,100,FALSE
Washington,5303360,Harrington School District,4,40,75,100,75,100,100,TRUE
Washington,5304800,Mary M. Knight School District,4,40,75,100,75,100,100,TRUE
Washington,5305880,Northport School District,4,40,75,100,75,100,100,TRUE
Washington,5306390,Orondo School District,8,80,75,100,75,100,100,FALSE
Washington,5306990,Quilcene School District,4,40,75,100,75,100,100,TRUE
Wisconsin,5500210,Alma Center School District,24,240,75,100,79.2,100,95.8,FALSE
Wisconsin,5500240,Almond-Bancroft School District,20,200,75,100,75,100,100,FALSE
Wisconsin,5505640,Granton Area School District,16,160,75,100,75,87.5,100,FALSE
Wisconsin,5511580,Pepin Area School District,8,80,75,100,75,100,100,FALSE
Wisconsin,5512030,South Shore School District,4,40,75,100,75,100,100,TRUE
Wisconsin,5513830,Shullsburg School District,24,240,75,100,100,100,100,FALSE
Wisconsin,5516500,Weyauwega-Fremont School District,52,520,75,100,86.5,98.1,88.5,FALSE
Wyoming,5603180,Platte County School District 2,4,40,75,75,100,100,100,TRUE
Texas,4827780,Livingston Independent School District,187,1870,74.9,100,89.8,100,74.9,FALSE
California,607800,Castro Valley Unified School District,333,3330,74.8,100,100,100,95.2,FALSE
Illinois,1714580,Evergreen Park Community High School District 231,218,2180,74.8,100,100,100,100,FALSE
Indiana,1809060,Plymouth Community School Corporation,127,1270,74.8,100,100,100,97.6,FALSE
Louisiana,2200120,Assumption Parish School District,111,1110,74.8,90.1,83.8,100,92.8,FALSE
Pennsylvania,4202590,Armstrong School District,254,2540,74.8,95.3,100,100,83.5,FALSE
Virginia,5103030,Powhatan County Public Schools,163,1630,74.8,99.4,93.3,100,75.5,FALSE
Washington,5305730,North Franklin School District,107,1070,74.8,90.7,100,100,88.8,FALSE
Wisconsin,5509570,Milton School District,135,1350,74.8,100,83.7,100,80,FALSE
Connecticut,903539,Regional School District 17,83,830,74.7,100,96.4,100,79.5,FALSE
Kentucky,2103120,Knott County School District,75,750,74.7,92,96,100,94.7,FALSE
Massachusetts,2512030,Ware School District,75,750,74.7,100,89.3,100,100,FALSE
Ohio,3904862,Miami East Local School District,75,750,74.7,100,100,100,77.3,FALSE
Arkansas,511010,Ozark School District,59,590,74.6,100,100,100,74.6,FALSE
Illinois,1725770,County of Woodford School,130,1300,74.6,100,100,97.7,80.8,FALSE
Illinois,1727740,Nashville Community High School District 99,59,590,74.6,100,74.6,100,74.6,FALSE
Kansas,2009140,Maize Unified School District 266,287,2870,74.6,100,88.9,100,83.3,FALSE
Michigan,2617820,Harrison Community Schools,59,590,74.6,84.7,100,100,74.6,FALSE
Michigan,2630120,Romulus Community Schools,189,1890,74.6,100,100,100,100,FALSE
New Jersey,3414850,Secaucus Town School District,126,1260,74.6,100,100,100,77,FALSE
New York,3612870,Greenville Central School District,59,590,74.6,100,100,89.8,94.9,FALSE
North Carolina,3700630,Carteret County Schools,260,2600,74.6,100,100,100,93.8,FALSE
Ohio,3904852,Meigs Local School District,59,590,74.6,81.4,93.2,100,83.1,FALSE
Oklahoma,4007670,Chouteau-Mazie Public Schools,67,670,74.6,100,83.6,100,98.5,FALSE
Oklahoma,4023040,Oologah-Talala Public Schools,59,590,74.6,100,91.5,100,74.6,FALSE
Tennessee,4701770,Haywood County School District,118,1180,74.6,89.8,84.7,100,83.9,FALSE
Washington,5302130,Dieringer School District,67,670,74.6,100,82.1,100,100,FALSE
Washington,5307440,Riverside School District,67,670,74.6,100,86.6,100,85.1,FALSE
Arizona,405820,Page Unified District,98,980,74.5,100,100,100,79.6,FALSE
California,601423,Exeter Unified School District,110,1100,74.5,100,100,100,100,FALSE
Georgia,1302190,Floyd County School District,368,3680,74.5,100,93.8,100,85.1,FALSE
Georgia,1303360,Long County School District,165,1650,74.5,100,87.9,100,75.2,FALSE
Illinois,1708500,Carmi-White County Community Unit School District 5,55,550,74.5,100,83.6,100,74.5,FALSE
Kansas,2012360,Turner Unified School District 202,145,1450,74.5,100,89,100,100,FALSE
Michigan,2616830,Grass Lake Community Schools,51,510,74.5,100,100,100,74.5,FALSE
New York,3614730,Hoosic Valley Central School District,51,510,74.5,100,100,94.1,98,FALSE
Pennsylvania,4208490,East Lycoming School District,51,510,74.5,100,94.1,100,98,FALSE
Pennsylvania,4217760,Northern York County School District,137,1370,74.5,100,100,100,75.2,FALSE
Texas,4814700,Columbus Independent School District,51,510,74.5,100,86.3,100,74.5,FALSE
Virginia,5103480,Scott County Public Schools,106,1060,74.5,88.7,79.2,100,100,FALSE
Wisconsin,5500420,Arcadia School District,94,940,74.5,100,75.5,100,100,FALSE
California,642140,Western Placer Unified School District,359,3590,74.4,100,100,100,100,FALSE
Florida,1200720,Hamilton County School District,90,900,74.4,93.3,98.9,100,82.2,FALSE
Georgia,1300330,Bartow County School District,621,6210,74.4,100,91.1,100,82.6,FALSE
Illinois,1733380,Reed Custer Community Unit School District 255U,43,430,74.4,100,88.4,100,86,FALSE
Michigan,2603510,Athens Area Schools,43,430,74.4,97.7,100,100,76.7,FALSE
Mississippi,2804590,West Jasper School District,43,430,74.4,76.7,95.3,100,83.7,FALSE
Missouri,2930450,Troy R-III School District,351,3510,74.4,100,91.2,98.6,81.5,FALSE
Missouri,2930520,Twin Rivers R-X School District,43,430,74.4,93,83.7,100,93,FALSE
Texas,4826400,Lago Vista Independent School District,82,820,74.4,100,85.4,100,74.4,FALSE
Washington,5300240,Arlington School District,227,2270,74.4,100,100,100,96.5,FALSE
Washington,5306820,Port Angeles School District,168,1680,74.4,98.8,100,100,97.6,FALSE
West Virginia,5400960,Monroe County School District,78,780,74.4,83.3,82.1,100,89.7,FALSE
Wisconsin,5502790,Colfax School District,39,390,74.4,82.1,79.5,100,97.4,FALSE
Alabama,103180,Talladega County School District,304,3040,74.3,99.3,91.1,99.3,81.9,FALSE
Arkansas,506900,Greenbrier School District,136,1360,74.3,100,100,98.5,76.5,FALSE
California,637200,Sonoma Valley Unified School District,210,2100,74.3,100,100,100,75.7,FALSE
Georgia,1303660,Miller County School District,35,350,74.3,91.4,100,100,74.3,FALSE
Georgia,1304770,Tattnall County School District,109,1090,74.3,85.3,89,100,84.4,FALSE
Kentucky,2104560,Owen County School District,74,740,74.3,100,83.8,100,94.6,FALSE
Michigan,2620310,Kent City Community Schools,70,700,74.3,84.3,100,100,74.3,FALSE
Michigan,2620820,Lakeshore School District,148,1480,74.3,100,100,100,85.1,FALSE
New York,3607650,Thousand Islands Central School District,35,350,74.3,100,97.1,85.7,85.7,FALSE
Pennsylvania,4210350,Frazier School District,35,350,74.3,100,100,100,100,FALSE
Tennessee,4703750,Sequatchie County School District,105,1050,74.3,93.3,94.3,100,74.3,FALSE
Utah,4900120,Cache School District,825,8250,74.3,100,98.3,98.8,97.6,FALSE
Washington,5308820,Tenino School District,70,700,74.3,100,100,100,100,FALSE
Wisconsin,5509870,Montello School District,35,350,74.3,100,91.4,97.1,82.9,FALSE
Alabama,101470,Fayette County School District,93,930,74.2,100,81.7,100,83.9,FALSE
Alabama,101770,Houston County School District,314,3140,74.2,98.7,93.6,100,79.3,FALSE
Illinois,1703510,Altamont Community Unit School District 10,31,310,74.2,80.6,80.6,74.2,80.6,FALSE
Kentucky,2105100,Rowan County School District,132,1320,74.2,81.1,82.6,100,84.8,FALSE
Massachusetts,2507680,Mendon-Upton School District,89,890,74.2,100,100,100,96.6,FALSE
Michigan,2606930,Britton Deerfield School District,31,310,74.2,100,100,100,74.2,FALSE
New York,3607170,Chazy Union Free School District,31,310,74.2,100,100,100,74.2,FALSE
New York,3616470,Lake George Central School District,31,310,74.2,100,100,100,90.3,FALSE
Ohio,3904586,Grand Valley Local School District,93,930,74.2,100,100,98.9,75.3,FALSE
Oklahoma,4027930,Snyder Public Schools,31,310,74.2,90.3,74.2,100,100,FALSE
Pennsylvania,4218270,Owen J. Roberts School District,240,2400,74.2,100,100,100,74.2,FALSE
Texas,4820500,Gatesville Independent School District,124,1240,74.2,100,100,100,82.3,FALSE
Virginia,5104110,Wythe County Public Schools,178,1780,74.2,95.5,94.9,100,87.6,FALSE
Wisconsin,5509090,Menomonie Area School District,151,1510,74.2,100,83.4,98.7,78.8,FALSE
Alabama,101950,Lamar County School District,108,1080,74.1,92.6,94.4,96.3,82.4,FALSE
Arkansas,503450,Booneville School District,58,580,74.1,100,74.1,100,74.1,FALSE
Arkansas,507770,Highland School District,81,810,74.1,86.4,100,97.5,86.4,FALSE
Indiana,1802400,Concord Community Schools,224,2240,74.1,100,100,100,92.4,FALSE
Indiana,1804590,Hobart School City,174,1740,74.1,100,100,100,79.9,FALSE
Indiana,1805450,Lake Central School Corporation,459,4590,74.1,100,100,100,80.6,FALSE
Michigan,.,.,108,1080,74.1,95.4,100,100,77.8,FALSE
Minnesota,2714280,Houston Public School District,27,270,74.1,100,85.2,77.8,100,FALSE
Missouri,2923100,Odessa R-VII School District,85,850,74.1,100,100,100,74.1,FALSE
Montana,3025050,Stevensville High School District,85,850,74.1,100,100,96.5,98.8,FALSE
Ohio,3904667,Mississinawa Valley Local School District,27,270,74.1,100,77.8,100,100,FALSE
Ohio,3904909,Teays Valley Local School District,143,1430,74.1,100,94.4,100,90.9,FALSE
Vermont,5003930,Fairfax School District,27,270,74.1,100,85.2,88.9,96.3,FALSE
Wisconsin,5516230,Webster School District,27,270,74.1,92.6,81.5,100,100,FALSE
Illinois,1701403,North Mac Community Unit School District 34,50,500,74,100,78,96,80,FALSE
Illinois,1723200,Lisle Community Unit School District 202,100,1000,74,100,100,100,74,FALSE
Maine,2314795,Regional School Unit 10,50,500,74,96,92,100,84,FALSE
Michigan,2615870,Gibraltar School District,154,1540,74,100,100,100,74.7,FALSE
New York,3623010,Pine Bush Central School District,204,2040,74,97.5,91.7,98,85.8,FALSE
Ohio,3905024,LaBrae Local School District,50,500,74,100,100,98,86,FALSE
Wisconsin,5503150,Darlington Community School District,50,500,74,100,92,100,100,FALSE
Illinois,1717670,Greenfield Community Unit School District 10,23,230,73.9,100,73.9,82.6,73.9,FALSE
Iowa,1912660,Gladbrook-Reinbeck Community School District,23,230,73.9,100,91.3,100,82.6,FALSE
Massachusetts,2502580,Berlin-Boylston School District,46,460,73.9,100,100,97.8,95.7,FALSE
Minnesota,2741430,Wabasso Public School District,23,230,73.9,100,91.3,73.9,100,FALSE
Mississippi,2803180,Newton Municipal School,69,690,73.9,78.3,88.4,100,78.3,FALSE
Mississippi,2803540,Pearl River County School District,138,1380,73.9,100,100,100,84.8,FALSE
New Hampshire,3302250,Chester School District,46,460,73.9,100,100,100,82.6,FALSE
New York,3620610,New York Mills Union Free School District,23,230,73.9,100,100,100,100,FALSE
North Carolina,3700660,Caswell County Schools,115,1150,73.9,100,100,100,81.7,FALSE
North Dakota,3800389,Kidder County School District 1,23,230,73.9,100,73.9,73.9,73.9,FALSE
Ohio,3904525,Caldwell Exempted Village School District,23,230,73.9,78.3,100,100,73.9,FALSE
Oklahoma,4012630,Geronimo Public Schools,23,230,73.9,100,100,100,78.3,FALSE
Oklahoma,4023610,Pawnee Public Schools,23,230,73.9,87,100,100,100,FALSE
Pennsylvania,4206930,Coudersport Area School District,23,230,73.9,100,100,100,73.9,FALSE
Pennsylvania,4210650,General McLane School District,88,880,73.9,100,100,98.9,75,FALSE
Pennsylvania,4211790,Hempfield School District,284,2840,73.9,100,100,100,77.5,FALSE
South Dakota,4600028,Alcester-Hudson School District 61-1,23,230,73.9,100,100,100,100,FALSE
Virginia,5102010,Isle of Wight County Public Schools,245,2450,73.9,98.8,95.5,100,79.2,FALSE
Washington,5306300,Orcas Island School District,23,230,73.9,100,100,100,73.9,FALSE
California,621060,Lassen Union High School District,130,1300,73.8,100,100,96.2,89.2,FALSE
Michigan,2605820,Birch Run Area School District,61,610,73.8,88.5,100,100,75.4,FALSE
Mississippi,2804110,South Tippah School District,122,1220,73.8,96.7,90.2,100,85.2,FALSE
Nebraska,3177550,Syracuse-Dunbar-Avoca Schools,42,420,73.8,100,90.5,88.1,88.1,FALSE
Ohio,3904905,Northern Local School District,122,1220,73.8,100,100,100,73.8,FALSE
Ohio,3904918,Crestwood Local School District,42,420,73.8,100,92.9,100,76.2,FALSE
Oklahoma,4015240,Hulbert Public Schools,42,420,73.8,88.1,78.6,100,100,FALSE
Pennsylvania,4207530,Delaware Valley School District,149,1490,73.8,96,99.3,100,75.8,FALSE
Virginia,5103060,Prince Edward County Public Schools,107,1070,73.8,96.3,87.9,100,86,FALSE
Washington,5306900,Prosser School District,103,1030,73.8,95.1,100,100,84.5,FALSE
Arkansas,503240,Bismarck Public Schools,19,190,73.7,78.9,100,100,73.7,FALSE
Arkansas,506240,Foreman School District,19,190,73.7,100,100,100,73.7,FALSE
California,611780,East Nicolaus Joint Union High School District,19,190,73.7,100,100,100,73.7,FALSE
Georgia,1301080,Chattooga County School District,133,1330,73.7,100,82,99.2,90.2,FALSE
Illinois,1701387,Western Community Unit School District 12,38,380,73.7,100,100,73.7,100,FALSE
Kansas,2010650,Phillipsburg Unified School District 325,19,190,73.7,100,100,89.5,100,FALSE
Maine,2314767,School Administrative District 74,19,190,73.7,100,84.2,89.5,89.5,FALSE
Nebraska,3103420,Axtell Community Schools,19,190,73.7,100,78.9,78.9,73.7,FALSE
Nebraska,3174340,Newman Grove Public Schools,19,190,73.7,100,73.7,100,100,FALSE
Ohio,3904664,Franklin Monroe Local School District,38,380,73.7,100,97.4,100,73.7,FALSE
Texas,4816620,Del Valle Independent School District,632,6320,73.7,100,92.6,100,98.7,FALSE
Texas,4834500,Peaster Independent School District,57,570,73.7,100,91.2,100,73.7,FALSE
Texas,4837710,Rogers Independent School District,19,190,73.7,100,73.7,100,100,FALSE
Virginia,5103810,Tazewell County Public Schools,228,2280,73.7,92.1,92.1,100,88.6,FALSE
Wisconsin,5506420,Highland School District,19,190,73.7,100,89.5,100,73.7,FALSE
Wisconsin,5510440,New Auburn School District,19,190,73.7,100,73.7,84.2,100,FALSE
Wisconsin,5511730,Phillips School District,19,190,73.7,78.9,78.9,84.2,100,FALSE
Wisconsin,5512420,Randolph School District,19,190,73.7,100,73.7,100,100,FALSE
Arizona,407530,Santa Cruz Valley Union High School District,87,870,73.6,80.5,100,100,100,FALSE
Idaho,1602250,Mountain Home School District 193,265,2650,73.6,100,100,100,100,FALSE
New York,3627150,Solvay Union Free School District,87,870,73.6,100,100,100,100,FALSE
Ohio,3904606,Western Brown Local School District,121,1210,73.6,97.5,100,100,83.5,FALSE
South Dakota,4620100,Eagle Butte School District 20-1,53,530,73.6,73.6,100,100,79.2,FALSE
Texas,4830060,Medina Valley Independent School District,352,3520,73.6,100,84.9,100,90.1,FALSE
Virginia,5103870,Warren County Public Schools,235,2350,73.6,100,99.1,100,75.3,FALSE
Wisconsin,5509630,Lakeland Union High School District,72,720,73.6,97.2,86.1,100,77.8,FALSE
Indiana,1807800,North Judson-San Pierre School Corporation,49,490,73.5,100,100,100,73.5,FALSE
Kentucky,2103810,Marshall County School District,185,1850,73.5,100,95.1,100,77.8,FALSE
Michigan,2602190,Algonac Community School District,83,830,73.5,100,100,100,73.5,FALSE
Michigan,2622470,Manistique Area Schools,34,340,73.5,100,100,73.5,76.5,FALSE
Missouri,2931140,Kingston K-14 School District,34,340,73.5,94.1,79.4,100,100,FALSE
Ohio,3904575,Allen East Local School District,68,680,73.5,98.5,83.8,100,94.1,FALSE
Ohio,3904952,Southeastern Local School District,49,490,73.5,100,93.9,100,83.7,FALSE
Ohio,3910004,Anna Local School District,49,490,73.5,100,100,100,73.5,FALSE
Oklahoma,4016170,Kellyville Public Schools,68,680,73.5,100,82.4,100,91.2,FALSE
Pennsylvania,4202910,Bald Eagle Area School District,68,680,73.5,79.4,100,100,89.7,FALSE
Pennsylvania,4212720,Keystone School District,49,490,73.5,95.9,100,100,73.5,FALSE
Pennsylvania,4226130,Westmont Hilltop School District,49,490,73.5,100,83.7,100,91.8,FALSE
Texas,4822320,Hamshire-Fannett Independent School District,49,490,73.5,100,91.8,100,73.5,FALSE
Wisconsin,5508610,Manitowoc School District,283,2830,73.5,100,94.7,100,78.8,FALSE
Alabama,101740,Henry County School District,94,940,73.4,100,97.9,98.9,78.7,FALSE
California,633840,Sacramento City Unified School District,2524,25240,73.4,100,100,100,88.8,FALSE
Iowa,1925920,West Fork Community School District,64,640,73.4,100,92.2,96.9,85.9,FALSE
North Carolina,3703450,Onslow County Schools,1675,16750,73.4,100,100,99.9,76.5,FALSE
Pennsylvania,4226610,Windber Area School District,64,640,73.4,100,75,100,100,FALSE
South Carolina,4502610,Laurens School District 55,241,2410,73.4,100,87.6,100,82.6,FALSE
Texas,4829100,Marion Independent School District,79,790,73.4,100,94.9,100,75.9,FALSE
Texas,4840950,Southwest Independent School District,763,7630,73.4,98.4,95.7,100,97.4,FALSE
Utah,4900090,Box Elder School District,507,5070,73.4,99.6,98,98,96.6,FALSE
Washington,5306570,Pasco School District,869,8690,73.4,100,100,100,82.7,FALSE
West Virginia,5400030,Barbour County School District,94,940,73.4,92.6,83,94.7,81.9,FALSE
California,636940,Siskiyou Union High School District,60,600,73.3,98.3,100,100,73.3,FALSE
Florida,1200210,Calhoun County School District,75,750,73.3,100,100,100,78.7,FALSE
Georgia,1303420,Lumpkin County School District,165,1650,73.3,87.3,100,100,73.3,FALSE
Iowa,1906900,Central Decatur Community School District,30,300,73.3,76.7,80,76.7,100,FALSE
Iowa,1928050,Tripoli Community School District,30,300,73.3,100,93.3,73.3,100,FALSE
Kansas,2004560,Vermillion Unified School District 380,15,150,73.3,100,73.3,93.3,100,FALSE
Kansas,2009570,North Ottawa County Unified School District 239,15,150,73.3,100,100,80,100,FALSE
Maine,2311100,School Administrative District 27,30,300,73.3,96.7,86.7,83.3,86.7,FALSE
Minnesota,2700150,Clinton-Graceville-Beardsley,15,150,73.3,100,100,73.3,100,FALSE
Missouri,2919350,Woodland R-IV School District,30,300,73.3,100,100,100,73.3,FALSE
Missouri,2920640,Meadville R-IV School District,15,150,73.3,100,100,73.3,100,FALSE
Missouri,2925500,Potosi R-III School District,90,900,73.3,93.3,100,100,80,FALSE
Missouri,2930570,Union R-XI School District,150,1500,73.3,100,99.3,100,84,FALSE
Nebraska,3179080,Yutan Public Schools,30,300,73.3,100,86.7,100,100,FALSE
New Hampshire,3302310,Chichester School District,15,150,73.3,100,100,93.3,73.3,FALSE
New Mexico,3501110,Gallup-McKinley County Schools,461,4610,73.3,98.7,93.1,94.6,92.6,FALSE
New York,3604530,Bemus Point Central School District,15,150,73.3,100,73.3,100,100,FALSE
New York,3626190,Scio Central School District,15,150,73.3,100,73.3,100,100,FALSE
Oklahoma,4000014,Burns Flat-Dill City Schools,30,300,73.3,73.3,73.3,100,100,FALSE
Pennsylvania,4215830,Moon Area School District,131,1310,73.3,100,100,100,74.8,FALSE
Pennsylvania,4217520,Northeastern York School District,161,1610,73.3,100,100,100,73.3,FALSE
Pennsylvania,4220730,Salisbury Township School District,86,860,73.3,100,100,100,93,FALSE
Pennsylvania,4225200,West Allegheny School District,172,1720,73.3,100,100,100,76.2,FALSE
South Dakota,4601026,McCook Central School District 43-7,15,150,73.3,100,73.3,73.3,100,FALSE
Texas,4817850,East Central Independent School District,641,6410,73.3,100,92.5,100,91.9,FALSE
Texas,4832130,Natalia Independent School District,45,450,73.3,77.8,77.8,100,93.3,FALSE
Wisconsin,5506960,Ithaca School District,15,150,73.3,100,80,93.3,100,FALSE
Kansas,2012420,Ulysses Unified School District 214,71,710,73.2,100,73.2,100,100,FALSE
Maine,2314670,School Administrative District 57,149,1490,73.2,100,86.6,94.6,80.5,FALSE
Missouri,2902910,Affton 101 School District,194,1940,73.2,100,100,100,93.8,FALSE
Missouri,2925290,Clinton County R-III School District,41,410,73.2,100,75.6,100,100,FALSE
Arizona,401600,Camp Verde Unified District,52,520,73.1,100,100,100,73.1,FALSE
Arkansas,503150,Berryville Public Schools,104,1040,73.1,100,100,90.4,78.8,FALSE
Idaho,1603060,St. Maries Joint School District 41,67,670,73.1,100,100,100,73.1,FALSE
Illinois,1737490,Stark County Community Unit School District 100,26,260,73.1,88.5,80.8,100,100,FALSE
Maine,2314833,Regional School Unit 56,26,260,73.1,100,92.3,96.2,96.2,FALSE
New York,3600001,Dolgeville Central School District,26,260,73.1,100,88.5,100,100,FALSE
Pennsylvania,4213710,Ligonier Valley School District,52,520,73.1,98.1,84.6,100,78.8,FALSE
Texas,4821960,Gunter Independent School District,26,260,73.1,100,84.6,96.2,92.3,FALSE
Texas,4836360,Rains Independent School District,52,520,73.1,84.6,78.8,100,86.5,FALSE
Texas,4843320,Tulia Independent School District,52,520,73.1,100,73.1,100,100,FALSE
Alabama,102010,Lauderdale County School District,333,3330,73,100,89.2,99.4,82.9,FALSE
Indiana,1807230,Yorktown Community Schools,100,1000,73,100,100,100,73,FALSE
Minnesota,2706240,Brooklyn Center School District,74,740,73,100,100,100,100,FALSE
New York,3600015,Allegany-Limestone Central School District,37,370,73,100,78.4,86.5,100,FALSE
Oregon,4111610,South Umpqua School District 19,89,890,73,100,100,100,100,FALSE
Washington,5307230,Renton School District,988,9880,73,100,92.6,100,85.8,FALSE
West Virginia,5400450,Hancock County School District,152,1520,73,100,87.5,90.8,93.4,FALSE
California,631710,Ramona City Unified School District,255,2550,72.9,100,100,100,78.8,FALSE
California,633150,Riverside Unified School District,1762,17620,72.9,100,100,100,90.5,FALSE
Indiana,1803180,Randolph Eastern School Corporation,48,480,72.9,100,100,100,100,FALSE
Kansas,2004200,Buhler Unified School District 313,70,700,72.9,100,91.4,98.6,100,FALSE
Kansas,2011490,Seaman Unified School District 345,118,1180,72.9,100,87.3,100,89.8,FALSE
Kentucky,2100620,Boyd County School District,140,1400,72.9,86.4,85,100,81.4,FALSE
Kentucky,2101950,Floyd County School District,251,2510,72.9,92.4,88.8,100,83.3,FALSE
Michigan,2626010,Northwest School District,118,1180,72.9,100,100,97.5,86.4,FALSE
Minnesota,2700100,Fillmore Central,48,480,72.9,100,100,100,72.9,FALSE
Missouri,2927570,Savannah R-III School District,85,850,72.9,94.1,84.7,97.6,78.8,FALSE
Montana,3003090,Beaverhead County High School District,48,480,72.9,100,100,72.9,72.9,FALSE
New York,3624000,Putnam Valley Central School District,48,480,72.9,100,100,100,72.9,FALSE
New York,3630480,Wellsville Central School District,59,590,72.9,100,79.7,100,74.6,FALSE
Oklahoma,4008040,Cleveland Public Schools,59,590,72.9,74.6,72.9,100,100,FALSE
Oregon,.,.,59,590,72.9,100,100,91.5,88.1,FALSE
Pennsylvania,4221910,South Allegheny School District,70,700,72.9,100,100,100,85.7,FALSE
West Virginia,5400630,Lewis County School District,96,960,72.9,92.7,93.8,85.4,97.9,FALSE
Wisconsin,5516440,Westfield School District,59,590,72.9,98.3,74.6,100,96.6,FALSE
California,609620,Compton Unified School District,1281,12810,72.8,100,100,98.5,100,FALSE
Connecticut,905010,Weston School District,81,810,72.8,100,100,100,80.2,FALSE
Indiana,1811100,Steuben County Metropolitan School District,114,1140,72.8,100,73.7,100,99.1,FALSE
Louisiana,2201140,Natchitoches Parish School District,254,2540,72.8,91.3,97.2,100,73.6,FALSE
Ohio,3905059,Triway Local School District,92,920,72.8,100,100,100,75,FALSE
Pennsylvania,4207650,Donegal School District,158,1580,72.8,100,100,100,77.8,FALSE
Pennsylvania,4214580,Manheim Township School District,298,2980,72.8,100,100,100,83.9,FALSE
Arkansas,511730,Poyen School District,11,110,72.7,100,100,100,72.7,FALSE
Illinois,1700310,West Carroll Community Unit School District 314,33,330,72.7,100,81.8,100,100,FALSE
Illinois,1701390,Flanagan-Cornell District 74,11,110,72.7,100,72.7,100,100,FALSE
Illinois,1706880,Bradford Community Unit School District 1,11,110,72.7,100,72.7,100,100,FALSE
Indiana,1803630,Fort Wayne Community Schools,1781,17810,72.7,100,100,100,97.8,FALSE
Iowa,1900032,Alden Community School District,11,110,72.7,100,72.7,100,100,FALSE
Kansas,2005070,Columbus Unified School District 493,44,440,72.7,100,81.8,100,81.8,FALSE
Kansas,2006570,Goessel Unified School District 411,11,110,72.7,100,72.7,72.7,100,FALSE
Kansas,2011520,Chautauqua County Community Unified School District 286,11,110,72.7,100,72.7,100,100,FALSE
Kentucky,2105820,Webster County School District,99,990,72.7,85.9,84.8,100,85.9,FALSE
Maine,2314838,Regional School Unit 89,22,220,72.7,100,90.9,81.8,100,FALSE
Michigan,2614570,Forest Area Community Schools,11,110,72.7,90.9,100,81.8,90.9,FALSE
Michigan,2614700,Fowler Public Schools,22,220,72.7,100,100,100,72.7,FALSE
Michigan,2630060,Rogers City Area Schools,22,220,72.7,100,100,100,72.7,FALSE
Missouri,2910520,Lakeland R-III School District,11,110,72.7,100,72.7,100,100,FALSE
Nebraska,3171550,Harvard Public Schools,11,110,72.7,100,100,72.7,100,FALSE
New Jersey,3407920,Kenilworth Borough School District,44,440,72.7,100,100,100,90.9,FALSE
New Jersey,3411250,New Hanover Township School District,11,110,72.7,100,72.7,100,100,FALSE
North Carolina,3704080,Rutherford County Schools,370,3700,72.7,100,100,100,74.9,FALSE
North Dakota,3808710,Hankinson Public School District 8,11,110,72.7,100,100,100,72.7,FALSE
North Dakota,3811430,Lisbon Public School District 19,22,220,72.7,100,100,72.7,72.7,FALSE
Oklahoma,4005820,Buffalo Valley Public Schools,11,110,72.7,100,81.8,90.9,90.9,FALSE
Oklahoma,4030360,Tushka Public Schools,11,110,72.7,100,90.9,100,72.7,FALSE
Oklahoma,4032640,White Rock Public School,11,110,72.7,90.9,81.8,100,100,FALSE
Pennsylvania,4203900,Blue Ridge School District,33,330,72.7,84.8,78.8,100,78.8,FALSE
Pennsylvania,4217430,Riverside Beaver County School District,66,660,72.7,92.4,93.9,100,84.8,FALSE
Texas,4833270,Nursery Independent School District,11,110,72.7,100,72.7,100,100,FALSE
Texas,4840590,Smyer Independent School District,11,110,72.7,90.9,90.9,100,100,FALSE
Texas,4844670,Waskom Independent School District,22,220,72.7,100,90.9,100,95.5,FALSE
Washington,5307380,Ritzville School District,11,110,72.7,100,72.7,100,100,FALSE
Wisconsin,5500056,Gresham School District,11,110,72.7,100,72.7,100,100,FALSE
Wisconsin,5513680,Sheboygan Falls School District,66,660,72.7,100,83.3,100,100,FALSE
Wisconsin,5516350,West Salem School District,66,660,72.7,100,78.8,100,100,FALSE
Illinois,1735850,Seneca Township High School District 160,62,620,72.6,100,98.4,100,90.3,FALSE
Louisiana,2201230,Plaquemines Parish School District,157,1570,72.6,98.7,92.4,100,82.2,FALSE
Michigan,2627930,Public Schools of Petoskey,84,840,72.6,95.2,100,100,72.6,FALSE
Michigan,2633810,Thornapple Kellogg School District,175,1750,72.6,100,100,98.3,82.3,FALSE
Minnesota,2720550,Melrose Public School District,95,950,72.6,100,88.4,73.7,91.6,FALSE
Mississippi,2801490,Forrest County Schools,168,1680,72.6,100,97.6,100,75.6,FALSE
Tennessee,4704500,White County School District,190,1900,72.6,98.9,85.3,98.9,88.9,FALSE
Texas,4841280,Springtown Independent School District,223,2230,72.6,100,95.5,100,75.8,FALSE
Virginia,5104080,Wise County Public Schools,190,1900,72.6,92.6,78.9,100,97.4,FALSE
Alabama,101560,Fort Payne City School District,91,910,72.5,98.9,83.5,100,73.6,FALSE
Arizona,409160,Whiteriver Unified District,120,1200,72.5,72.5,100,100,100,FALSE
Arkansas,505170,Dermott School District,40,400,72.5,100,100,100,100,FALSE
Arkansas,506930,Greenland Public Schools,40,400,72.5,100,100,100,72.5,FALSE
Kentucky,2105610,Trimble County School District,40,400,72.5,97.5,80,100,95,FALSE
North Carolina,3702610,Lenoir County Schools,363,3630,72.5,91.5,100,100,80.7,FALSE
Ohio,3904535,Crooksville Exempted Village School District,40,400,72.5,100,75,100,100,FALSE
Ohio,3904585,Buckeye Local School District,51,510,72.5,100,100,100,74.5,FALSE
Texas,4811340,Bridgeport Independent School District,80,800,72.5,100,80,100,100,FALSE
Virginia,5101320,Fauquier County Public Schools,512,5120,72.5,98,98.8,99,80.3,FALSE
California,640740,Vallejo City Unified School District,789,7890,72.4,100,100,100,100,FALSE
Kansas,2009030,Lyons Unified School District 405,29,290,72.4,100,82.8,100,100,FALSE
Kansas,2011130,Riverton Unified School District 404,29,290,72.4,100,100,100,100,FALSE
Maine,2306870,Jefferson,29,290,72.4,100,100,82.8,89.7,FALSE
Minnesota,2705430,Bertha-Hewitt Public School District,29,290,72.4,100,100,72.4,100,FALSE
Mississippi,2804290,Tunica County School District,105,1050,72.4,100,100,100,76.2,FALSE
New Hampshire,3399965,Pemi-Baker Regional School District,76,760,72.4,100,100,89.5,72.4,FALSE
Ohio,3910021,Old Fort Local School District,29,290,72.4,100,72.4,100,100,FALSE
Pennsylvania,4215960,Moshannon Valley School District,29,290,72.4,100,100,93.1,100,FALSE
South Dakota,4604680,Baltic School District 49-1,29,290,72.4,100,93.1,100,72.4,FALSE
Wisconsin,5503240,De Soto Area School District,29,290,72.4,100,86.2,89.7,100,FALSE
California,699006,Eureka City Unified School District (7-12),112,1120,72.3,98.2,100,83.9,88.4,FALSE
Georgia,1300570,Bryan County School District,394,3940,72.3,98.5,89.3,100,78.7,FALSE
Indiana,1800240,South Dearborn Community School Corporation,119,1190,72.3,98.3,95,100,78.2,FALSE
Indiana,1810680,Lewis Cass Schools,47,470,72.3,100,93.6,100,78.7,FALSE
Iowa,1913500,Harlan Community School District,65,650,72.3,93.8,83.1,98.5,73.8,FALSE
Utah,4901080,Uintah School District,325,3250,72.3,99.1,100,99.4,100,FALSE
Arkansas,510170,Mountain Pine School District,18,180,72.2,88.9,100,100,88.9,FALSE
Georgia,1301650,Dawson County School District,198,1980,72.2,97.5,94.9,100,81.3,FALSE
Idaho,1601710,Kimberly School District 414,79,790,72.2,100,100,100,100,FALSE
Indiana,1806060,Loogootee Community School Corporation,54,540,72.2,100,100,100,100,FALSE
Kansas,2004980,Coffeyville Unified School District 445,79,790,72.2,100,72.2,100,100,FALSE
Michigan,2600006,Bessemer Area School District,18,180,72.2,72.2,100,100,100,FALSE
Mississippi,2801020,Claiborne County School District,54,540,72.2,85.2,100,100,74.1,FALSE
Missouri,2926220,Republic R-III School District,353,3530,72.2,100,100,100,95.8,FALSE
New Mexico,3501560,West Las Vegas Public Schools,36,360,72.2,83.3,100,83.3,94.4,FALSE
New York,3602670,Alexandria Central School District,18,180,72.2,100,77.8,94.4,100,FALSE
New York,3623790,Prattsburgh Central School District,18,180,72.2,100,88.9,83.3,100,FALSE
New York,3626940,Skaneateles Central School District,36,360,72.2,100,100,100,72.2,FALSE
Ohio,3904957,Woodmore Local School District,54,540,72.2,100,92.6,100,74.1,FALSE
Oklahoma,4003810,Beggs Public Schools,36,360,72.2,100,77.8,100,80.6,FALSE
Pennsylvania,4211340,Hamburg Area School District,90,900,72.2,100,100,100,73.3,FALSE
Pennsylvania,4224540,Upper Perkiomen School District,144,1440,72.2,100,100,100,72.9,FALSE
Texas,4819770,Frankston Independent School District,36,360,72.2,100,77.8,97.2,75,FALSE
Texas,4827870,Lockhart Independent School District,209,2090,72.2,100,87.6,100,75.6,FALSE
Texas,4835190,Pleasanton Independent School District,151,1510,72.2,90.7,82.1,100,73.5,FALSE
Wisconsin,5503510,Kettle Moraine School District,162,1620,72.2,100,89.5,100,99.4,FALSE
Colorado,802430,Bennett School District 29-J,61,610,72.1,100,78.7,100,100,FALSE
Indiana,1806120,Madison Consolidated Schools,154,1540,72.1,100,96.8,100,100,FALSE
Kansas,2005010,Colby Public Schools Unified School District 315,43,430,72.1,100,72.1,100,100,FALSE
Maine,2314790,Regional School Unit 24,43,430,72.1,90.7,90.7,100,86,FALSE
Ohio,3910024,Upper Sandusky Exempted Village School District,68,680,72.1,100,100,100,72.1,FALSE
Pennsylvania,4217160,North East School District,61,610,72.1,100,100,100,72.1,FALSE
Tennessee,4700570,Cheatham County School District,269,2690,72.1,100,93.3,99.6,75.5,FALSE
Texas,4809360,Bandera Independent School District,86,860,72.1,95.3,83.7,100,90.7,FALSE
Washington,5302700,Evergreen School District (Clark),1040,10400,72.1,100,100,100,84.9,FALSE
Arizona,404060,Kayenta Unified District,75,750,72,100,98.7,100,73.3,FALSE
Arkansas,509330,Mansfield School District,50,500,72,100,100,100,78,FALSE
Georgia,1300540,Brooks County School District,118,1180,72,100,83.9,100,84.7,FALSE
Illinois,1710290,Cissna Park Community Unit School District 6,25,250,72,100,100,100,80,FALSE
Illinois,1740470,Wabash Community Unit School District 348,50,500,72,100,74,100,82,FALSE
Iowa,1913380,H-L-V Community School District,25,250,72,100,96,84,96,FALSE
Kentucky,2100030,Adair County School District,93,930,72,100,97.8,100,75.3,FALSE
Louisiana,2200960,La Salle Parish School District,107,1070,72,100,72,100,100,FALSE
Massachusetts,2508040,Monson School District,25,250,72,100,80,96,100,FALSE
Michigan,2621810,Alanson Public Schools,25,250,72,100,100,84,76,FALSE
Minnesota,2712580,G.F.W.,50,500,72,100,100,84,88,FALSE
Minnesota,2733480,St. Clair Public School District,25,250,72,100,100,72,96,FALSE
Missouri,2931050,Warren County R-III School District,161,1610,72,98.1,100,99.4,75.8,FALSE
Montana,3020960,Plentywood K-12 Schools,25,250,72,100,100,72,100,FALSE
New York,3612360,Gouverneur Central School District,93,930,72,100,100,96.8,100,FALSE
New York,3625650,Sandy Creek Central School District,25,250,72,100,84,88,100,FALSE
New York,3626760,Sherrill City School District,75,750,72,100,92,92,100,FALSE
Oregon,4108160,Milton-Freewater School District 7,125,1250,72,100,100,100,73.6,FALSE
Pennsylvania,4203120,Beaver Area School District,100,1000,72,100,100,100,72,FALSE
Texas,4811520,Brookeland Independent School District,25,250,72,100,72,100,100,FALSE
Wisconsin,5510560,New Lisbon School District,25,250,72,100,72,100,76,FALSE
Wyoming,5604030,Lincoln County School District 1,25,250,72,100,100,72,100,FALSE
Arkansas,504800,Crossett School District,89,890,71.9,100,84.3,100,86.5,FALSE
California,602670,West Sonoma County Union High School District,196,1960,71.9,100,100,98,76,FALSE
Georgia,1303450,Macon County School District,64,640,71.9,81.2,85.9,100,100,FALSE
Indiana,1807260,Mount Vernon Community School Corporation,192,1920,71.9,100,95.8,100,77.1,FALSE
Louisiana,2200480,Concordia Parish School District,121,1210,71.9,100,86.8,100,100,FALSE
Michigan,2604440,Beaverton Rural Schools,57,570,71.9,86,100,87.7,84.2,FALSE
Missouri,2916230,Jefferson County R-VII School District,32,320,71.9,100,75,96.9,100,FALSE
Missouri,2927930,Seymour R-II School District,89,890,71.9,100,100,100,71.9,FALSE
New Jersey,3416710,Vernon Township School District,121,1210,71.9,100,87.6,100,72.7,FALSE
Ohio,3904725,Cedar Cliff Local School District,32,320,71.9,100,100,100,71.9,FALSE
Oklahoma,4002430,Ada Public Schools,121,1210,71.9,100,73.6,100,71.9,FALSE
Pennsylvania,4203688,Blackhawk School District,146,1460,71.9,100,100,100,75.3,FALSE
Pennsylvania,4220370,Ridley School District,274,2740,71.9,100,100,100,72.3,FALSE
Texas,4800011,Alvarado Independent School District,178,1780,71.9,100,88.2,100,80.3,FALSE
Texas,4816410,Dayton Independent School District,235,2350,71.9,100,86,100,73.6,FALSE
Texas,4841070,Splendora Independent School District,171,1710,71.9,100,88.3,99.4,76,FALSE
Texas,4846440,Woodville Independent School District,32,320,71.9,90.6,75,100,71.9,FALSE
Alabama,100030,Alexander City City School District,131,1310,71.8,90.1,96.9,100,77.9,FALSE
Arkansas,508400,Riverview School District,71,710,71.8,78.9,100,100,80.3,FALSE
Indiana,1811400,Tipton Community School Corporation,71,710,71.8,100,100,100,71.8,FALSE
Indiana,1811970,Valparaiso Community Schools,298,2980,71.8,100,100,100,71.8,FALSE
Michigan,2614820,Fraser Public Schools,202,2020,71.8,100,100,100,89.1,FALSE
Minnesota,2742120,Waubun-Ogema-White Earth Public Schools,39,390,71.8,79.5,84.6,100,100,FALSE
Missouri,2923340,Gasconade County R-II School District,71,710,71.8,94.4,91.5,100,74.6,FALSE
New York,3606720,Catskill Central School District,39,390,71.8,100,100,94.9,100,FALSE
New York,3621260,Northern Adirondack Central School District,39,390,71.8,92.3,97.4,74.4,100,FALSE
Virginia,5103150,Pulaski County Public Schools,174,1740,71.8,100,98.9,100,92,FALSE
Washington,5300300,Auburn School District,770,7700,71.8,99.4,99.5,100,86.9,FALSE
Washington,5304860,Marysville School District,514,5140,71.8,97.1,100,100,92,FALSE
Wisconsin,5512960,Richland School District,39,390,71.8,100,71.8,100,100,FALSE
Arkansas,500079,Two Rivers School District,46,460,71.7,100,84.8,100,87,FALSE
Idaho,1600270,Blackfoot School District 55,198,1980,71.7,99.5,100,100,100,FALSE
Maine,2314780,Regional School Unit 12,53,530,71.7,100,90.6,94.3,83,FALSE
Mississippi,2800200,Chickasaw County School District,106,1060,71.7,92.5,100,100,78.3,FALSE
Missouri,2905760,Branson R-IV School District,187,1870,71.7,100,85,100,74.9,FALSE
Missouri,2917000,Laclede County C-5 School District,46,460,71.7,100,91.3,100,100,FALSE
Missouri,2929250,St. James R-I School District,106,1060,71.7,100,100,100,100,FALSE
Nevada,3200300,Lyon County School District,420,4200,71.7,100,100,99.3,90.5,FALSE
Texas,4821030,Goliad Independent School District,46,460,71.7,80.4,76.1,100,76.1,FALSE
Texas,4837260,River Road Independent School District,46,460,71.7,100,93.5,100,100,FALSE
Texas,4839570,Scurry-Rosser Independent School District,46,460,71.7,100,93.5,100,71.7,FALSE
West Virginia,5400990,Morgan County School District,99,990,71.7,87.9,79.8,96,96,FALSE
Florida,1201140,Levy County School District,229,2290,71.6,86.9,89.5,100,81.2,FALSE
Minnesota,2718210,Litchfield Public School District,81,810,71.6,100,100,76.5,76.5,FALSE
New York,3606570,Carmel Central School District,155,1550,71.6,100,100,99.4,80.6,FALSE
Ohio,3904880,Highland Local School District,81,810,71.6,100,97.5,100,72.8,FALSE
South Carolina,4503540,Spartanburg School District 3,95,950,71.6,100,76.8,100,98.9,FALSE
Kentucky,2101020,Carter County School District,186,1860,71.5,97.3,93.5,100,79,FALSE
Pennsylvania,4206660,Connellsville Area School District,200,2000,71.5,98.5,100,100,91.5,FALSE
Pennsylvania,4211420,Hanover Area School District,137,1370,71.5,100,100,100,72.3,FALSE
Texas,4811640,Brownsboro Independent School District,130,1300,71.5,100,86.2,100,78.5,FALSE
Virginia,5101050,Culpeper County Public Schools,425,4250,71.5,100,99.1,100,87.1,FALSE
Arkansas,504200,Charleston School District,14,140,71.4,100,100,92.9,71.4,FALSE
Arkansas,507170,Hackett Public Schools,42,420,71.4,100,100,100,71.4,FALSE
Arkansas,509780,Mineral Springs School District,14,140,71.4,100,100,78.6,71.4,FALSE
California,600009,Cuyama Joint Unified School District,7,70,71.4,71.4,100,100,100,FALSE
Georgia,1304680,Taliaferro County School District,14,140,71.4,100,78.6,92.9,100,FALSE
Georgia,1305190,Turner County School District,91,910,71.4,100,87.9,100,71.4,FALSE
Idaho,1600810,Cottonwood Joint School District 242,7,70,71.4,100,100,100,71.4,FALSE
Idaho,1601410,Hansen School District 415,21,210,71.4,100,100,100,100,FALSE
Illinois,1703660,Alwood Community Unit School District 225,14,140,71.4,100,85.7,85.7,100,FALSE
Illinois,1725680,Meredosia-Chambersburg Community Unit School District 11,7,70,71.4,100,71.4,100,100,FALSE
Iowa,1904620,Belle Plaine Community School District,21,210,71.4,100,90.5,100,100,FALSE
Iowa,1905750,North Iowa Community School District,7,70,71.4,100,85.7,71.4,85.7,FALSE
Iowa,1921720,Olin Consolidated School District,14,140,71.4,100,78.6,100,71.4,FALSE
Iowa,1927240,Stanton Community School District,7,70,71.4,100,100,100,71.4,FALSE
Kansas,2004770,Chetopa-St. Paul Unified School District 505,14,140,71.4,100,71.4,85.7,100,FALSE
Kansas,2008790,Lincoln Unified School District 298,14,140,71.4,100,71.4,71.4,100,FALSE
Kansas,2012540,Valley Falls Unified School District 338,28,280,71.4,100,75,89.3,100,FALSE
Louisiana,2200210,Bienville Parish School District,105,1050,71.4,98.1,88.6,100,81.9,FALSE
Maine,2303870,Calais,28,280,71.4,71.4,82.1,85.7,100,FALSE
Maine,2305400,Edgecomb,7,70,71.4,100,100,100,71.4,FALSE
Massachusetts,2500001,Quabbin School District,70,700,71.4,100,90,100,84.3,FALSE
Michigan,2621210,Lawrence Public School District,21,210,71.4,100,100,100,85.7,FALSE
Minnesota,2700099,Yellow Medicine East,49,490,71.4,100,100,71.4,81.6,FALSE
Minnesota,2712300,Fosston Public School District,21,210,71.4,100,81,71.4,76.2,FALSE
Minnesota,2713140,Grand Meadow Public School District,14,140,71.4,100,100,71.4,100,FALSE
Minnesota,2717120,Kerkhoven-Murdock-Sunburg,14,140,71.4,100,100,71.4,100,FALSE
Missouri,2902970,Albany R-III School District,21,210,71.4,100,100,100,100,FALSE
Missouri,2904980,Bevier C-4 School District,7,70,71.4,100,71.4,100,100,FALSE
Missouri,2910020,Community R-VI School District,14,140,71.4,92.9,71.4,100,100,FALSE
Missouri,2923530,Paris R-II School District,21,210,71.4,100,71.4,90.5,71.4,FALSE
Missouri,2925410,Polo R-VII School District,7,70,71.4,100,71.4,100,100,FALSE
Missouri,2926370,Richards R-V School District,42,420,71.4,100,97.6,100,95.2,FALSE
Missouri,2931460,Weaubleau R-III School District,14,140,71.4,100,71.4,100,100,FALSE
Nebraska,3105970,Tri County Public Schools,28,280,71.4,100,89.3,71.4,100,FALSE
Nebraska,3170800,Garden County Schools,14,140,71.4,100,71.4,100,100,FALSE
Nebraska,3170980,Gibbon Public Schools,21,210,71.4,100,85.7,100,76.2,FALSE
Nebraska,3172990,Loomis Public Schools,7,70,71.4,100,85.7,85.7,85.7,FALSE
Nebraska,3178120,Verdigre Public Schools,7,70,71.4,100,71.4,100,71.4,FALSE
New Hampshire,3300616,Milton School District,14,140,71.4,100,100,100,71.4,FALSE
New Hampshire,3302520,Cornish School District,7,70,71.4,100,85.7,100,71.4,FALSE
New Hampshire,3303660,Haverhill Cooperative School District,28,280,71.4,96.4,92.9,85.7,89.3,FALSE
New Jersey,3409550,North Warren Regional School District,63,630,71.4,100,82.5,96.8,79.4,FALSE
New Jersey,3410230,Millstone Township School District,35,350,71.4,100,85.7,100,77.1,FALSE
New Jersey,3413500,Quinton Township School District,7,70,71.4,100,100,100,100,FALSE
New York,3603030,Andover Central School District,14,140,71.4,100,85.7,78.6,92.9,FALSE
New York,3621630,Odessa-Montour Central School District,35,350,71.4,77.1,80,85.7,100,FALSE
New York,3623370,Poland Central School District,14,140,71.4,100,78.6,92.9,100,FALSE
North Carolina,3700750,Chatham County Schools,441,4410,71.4,97.5,100,100,80.3,FALSE
North Dakota,3800040,Dakota Prairie Public School District 1,14,140,71.4,100,92.9,100,71.4,FALSE
North Dakota,3800050,Mohall-Lansford-Sherwood Public School District 1,14,140,71.4,100,78.6,78.6,78.6,FALSE
North Dakota,3814940,Parshall Public School District 3,7,70,71.4,71.4,85.7,100,100,FALSE
North Dakota,3819260,Warwick Public School District 29,7,70,71.4,100,71.4,100,100,FALSE
Ohio,3904963,Northwest Local School District,49,490,71.4,100,91.8,100,79.6,FALSE
Ohio,3905061,Edgerton Local School District,28,280,71.4,100,100,100,71.4,FALSE
Oklahoma,4019200,Maryetta Public Schools,7,70,71.4,100,100,100,100,FALSE
Oklahoma,4025860,Ringling Public Schools,14,140,71.4,71.4,71.4,100,100,FALSE
Oklahoma,4029100,Stuart Public Schools,7,70,71.4,100,71.4,100,100,FALSE
Oklahoma,4031980,Waurika Public Schools,14,140,71.4,100,71.4,100,71.4,FALSE
Oklahoma,4032430,Wetumka Public Schools,14,140,71.4,78.6,78.6,100,71.4,FALSE
Pennsylvania,4219140,Pine Grove Area School District,56,560,71.4,100,100,100,71.4,FALSE
Pennsylvania,4220100,Red Lion Area School District,220,2200,71.4,100,100,100,73.2,FALSE
Rhode Island,4400510,Jamestown School District,14,140,71.4,100,78.6,100,100,FALSE
South Dakota,4626370,Garretson School District 49-4,14,140,71.4,100,100,92.9,78.6,FALSE
South Dakota,4674520,Viborg Hurley School District 60-6,14,140,71.4,100,85.7,85.7,92.9,FALSE
South Dakota,4677460,Wessington Springs School District 36-2,14,140,71.4,100,71.4,100,100,FALSE
Tennessee,4703270,Obion County School District,119,1190,71.4,95.8,91.6,100,93.3,FALSE
Texas,4817280,Dodd City Independent School District,7,70,71.4,100,85.7,100,85.7,FALSE
Texas,4820460,Gary Independent School District,7,70,71.4,100,71.4,100,100,FALSE
Texas,4829880,McLean Independent School District,7,70,71.4,100,71.4,100,100,FALSE
Texas,4833240,Nueces Canyon Consolidated Independent School District,7,70,71.4,100,100,100,100,FALSE
Texas,4841700,Strawn Independent School District,7,70,71.4,100,71.4,100,71.4,FALSE
Utah,4900780,Piute School District,7,70,71.4,100,71.4,100,100,FALSE
Virginia,5103900,Washington County Public Schools,255,2550,71.4,95.7,91.4,98.8,80.8,FALSE
Washington,5305280,Mount Adams School District,28,280,71.4,78.6,92.9,100,92.9,FALSE
Washington,5309390,Waitsburg School District,7,70,71.4,100,71.4,100,100,FALSE
Washington,5309840,Wilbur School District,7,70,71.4,100,100,100,71.4,FALSE
Wisconsin,5501890,Burlington Area School District,168,1680,71.4,100,84.5,100,81,FALSE
Wisconsin,5505250,Gillett School District,14,140,71.4,100,71.4,100,71.4,FALSE
Wisconsin,5508550,Manawa School District,21,210,71.4,100,95.2,100,71.4,FALSE
Alabama,100540,Calhoun County School District,418,4180,71.3,100,93.5,100,83.5,FALSE
California,628650,Orange Unified School District,1529,15290,71.3,100,100,100,81.2,FALSE
Florida,1201980,Walton County School District,523,5230,71.3,96,93.7,100,77.1,FALSE
Illinois,1710440,Clinton Community Unit School District 15,87,870,71.3,100,100,100,100,FALSE
New York,3629970,Warwick Valley Central School District,143,1430,71.3,100,100,100,71.3,FALSE
Pennsylvania,4207200,Dallas School District,115,1150,71.3,100,100,100,78.3,FALSE
Virginia,5100420,Botetourt County Public Schools,188,1880,71.3,100,92.6,100,78.7,FALSE
West Virginia,5400540,Jackson County School District,167,1670,71.3,98.2,89.2,89.8,88,FALSE
Alabama,101350,Escambia County School District,274,2740,71.2,100,82.8,100,79.6,FALSE
Illinois,1711250,Crete-Monee Community Unit School District 201-U,222,2220,71.2,97.7,92.8,99.5,94.6,FALSE
Illinois,1731500,Southwestern Community Unit School District 9,52,520,71.2,100,76.9,98.1,73.1,FALSE
Iowa,1919140,Mid-Prairie Community School District,66,660,71.2,100,100,93.9,75.8,FALSE
Louisiana,2200510,De Soto Parish School District,191,1910,71.2,99.5,93.2,100,79.1,FALSE
Massachusetts,2506720,Leicester School District,59,590,71.2,100,86.4,100,96.6,FALSE
Michigan,2617730,Harper Creek Community Schools,80,800,71.2,100,100,100,81.2,FALSE
New Jersey,3408060,Kittatinny Regional School District,80,800,71.2,100,87.5,100,92.5,FALSE
New York,3617190,Lewiston-Porter Central School District,73,730,71.2,100,100,100,71.2,FALSE
Ohio,3905046,Wayne Local School District,59,590,71.2,100,83.1,100,91.5,FALSE
Pennsylvania,4202010,Abington Heights School District,212,2120,71.2,100,100,100,71.2,FALSE
South Carolina,4503915,Clarendon County School District,156,1560,71.2,91.7,92.3,98.7,79.5,FALSE
Tennessee,4701650,Hardeman County School District,160,1600,71.2,93.1,90.6,97.5,88.1,FALSE
Texas,4818940,Fairfield Independent School District,59,590,71.2,100,84.7,100,76.3,FALSE
Texas,4835580,Pottsboro Independent School District,52,520,71.2,82.7,80.8,94.2,84.6,FALSE
Virginia,5100210,Amherst County Public Schools,170,1700,71.2,100,95.3,100,74.7,FALSE
Washington,5300330,Bainbridge Island School District,146,1460,71.2,100,100,100,75.3,FALSE
Wisconsin,5504960,Galesville-Ettrick-Trempealeau School District,66,660,71.2,100,84.8,90.9,93.9,FALSE
Wisconsin,5507650,Lake Geneva-Genoa City Union High School District,125,1250,71.2,100,85.6,100,85.6,FALSE
Colorado,804380,Garfield County School District 16,45,450,71.1,100,71.1,100,100,FALSE
Connecticut,901200,East Haddam School District,38,380,71.1,100,92.1,92.1,71.1,FALSE
Indiana,1811340,Tippecanoe School Corporation,650,6500,71.1,100,100,100,71.8,FALSE
Iowa,1927600,Sumner-Fredericksburg Community School District,38,380,71.1,100,84.2,89.5,71.1,FALSE
Michigan,2607080,Flat Rock Community Schools,45,450,71.1,100,100,100,77.8,FALSE
Mississippi,2801740,Hancock County School District,166,1660,71.1,100,100,100,71.1,FALSE
Ohio,3904634,Goshen Local School District,173,1730,71.1,100,100,100,82.1,FALSE
Ohio,3904912,Eastern Local School District,45,450,71.1,100,86.7,100,82.2,FALSE
Ohio,3905012,Brookfield Local School District,38,380,71.1,100,100,100,94.7,FALSE
Rhode Island,4400570,Lincoln School District,152,1520,71.1,100,100,100,80.3,FALSE
Wisconsin,5502760,Coleman School District,45,450,71.1,100,77.8,97.8,100,FALSE
Wisconsin,5507290,Kaukauna Area School District,211,2110,71.1,100,87.7,100,97.6,FALSE
California,600067,Caruthers Unified School District,31,310,71,71,100,100,100,FALSE
Idaho,1601470,Homedale Joint School District 370,31,310,71,100,100,100,87.1,FALSE
Massachusetts,2508760,North Brookfield School District,31,310,71,100,96.8,100,96.8,FALSE
Michigan,2622860,Marlette Community Schools,31,310,71,100,100,100,71,FALSE
Mississippi,2800186,North Bolivar Consolidated School District,31,310,71,71,100,100,100,FALSE
Missouri,2914460,Holcomb R-III School District,31,310,71,100,93.5,80.6,100,FALSE
New York,3607380,Chester Union Free School District,31,310,71,96.8,100,100,100,FALSE
New York,3611490,Franklinville Central School District,31,310,71,100,77.4,100,100,FALSE
New York,3618540,Marion Central School District,31,310,71,100,74.2,100,100,FALSE
New York,3622920,Phoenix Central School District,93,930,71,100,100,100,100,FALSE
Tennessee,4700750,Cocke County School District,221,2210,71,95,99.1,100,96.4,FALSE
Texas,4821630,Grapeland Independent School District,31,310,71,100,71,100,100,FALSE
West Virginia,5400390,Greenbrier County School District,193,1930,71,80.3,83.4,96.9,92.2,FALSE
Wisconsin,5508670,Marathon City School District,31,310,71,100,74.2,100,96.8,FALSE
Maine,2314761,School Administrative District 68,55,550,70.9,100,87.3,96.4,80,FALSE
Minnesota,2741910,Watertown-Mayer Public School District,103,1030,70.9,100,100,86.4,100,FALSE
Mississippi,2804050,South Panola School District,175,1750,70.9,76,98.9,100,75.4,FALSE
Pennsylvania,4223490,Titusville Area School District,86,860,70.9,100,75.6,100,70.9,FALSE
South Dakota,4619410,Douglas School District 51-1,127,1270,70.9,100,100,96.9,76.4,FALSE
South Dakota,4675420,Wagner School District 11-4,55,550,70.9,70.9,70.9,100,70.9,FALSE
Texas,4844010,Venus Independent School District,103,1030,70.9,100,83.5,100,98.1,FALSE
California,614070,Fort Bragg Unified School District,89,890,70.8,100,100,70.8,70.8,FALSE
Kentucky,2103360,Letcher County School District,113,1130,70.8,89.4,88.5,100,100,FALSE
Maine,2311430,School Administrative District 37,24,240,70.8,100,75,100,70.8,FALSE
Michigan,2613530,Essexville-Hampton Public Schools,48,480,70.8,100,100,100,75,FALSE
Michigan,2625780,North Huron School District,24,240,70.8,100,100,91.7,75,FALSE
Michigan,2628500,Pittsford Area Schools,24,240,70.8,79.2,100,91.7,100,FALSE
Minnesota,2700106,A.C.G.C. Public School District,48,480,70.8,97.9,100,72.9,100,FALSE
Minnesota,2723580,Nicollet Public School District,24,240,70.8,100,100,75,100,FALSE
Minnesota,2740680,Truman Public School District,24,240,70.8,100,100,70.8,100,FALSE
Missouri,2903060,Alton R-IV School District,24,240,70.8,100,87.5,100,79.2,FALSE
Missouri,2929430,Steelville R-III School District,24,240,70.8,100,87.5,100,79.2,FALSE
Nebraska,3100114,Logan View Public Schools,24,240,70.8,100,87.5,79.2,95.8,FALSE
North Carolina,3702010,Harnett County Schools,1217,12170,70.8,98.2,100,99.8,81,FALSE
Ohio,3904939,Pandora-Gilboa Local School District,24,240,70.8,100,100,100,70.8,FALSE
Ohio,3904989,Minerva Local School District,65,650,70.8,100,100,100,70.8,FALSE
Texas,4820700,Gilmer Independent School District,89,890,70.8,100,91,100,70.8,FALSE
Texas,4838760,San Augustine Independent School District,24,240,70.8,79.2,75,100,100,FALSE
Arizona,401180,Bisbee Unified District,41,410,70.7,70.7,100,100,80.5,FALSE
Georgia,1300840,Carroll County School District,727,7270,70.7,100,92.8,100,77.2,FALSE
Michigan,2618840,Hudsonville Public School District,409,4090,70.7,100,100,100,77.5,FALSE
Mississippi,2800420,Amite County School District,75,750,70.7,74.7,100,100,96,FALSE
New Jersey,3408040,Kinnelon Borough School District,58,580,70.7,100,100,100,74.1,FALSE
North Dakota,3812540,McKenzie County Public School District 1,133,1330,70.7,100,100,98.5,72.2,FALSE
Pennsylvania,4213980,Littlestown Area School District,82,820,70.7,100,100,98.8,72,FALSE
Pennsylvania,4226070,Western Wayne School District,99,990,70.7,100,85.9,99,71.7,FALSE
South Carolina,4503480,Spartanburg School District 1,174,1740,70.7,100,98.9,100,75.3,FALSE
Texas,4818210,Edna Independent School District,75,750,70.7,94.7,89.3,85.3,76,FALSE
Texas,4839630,Sealy Independent School District,116,1160,70.7,100,78.4,100,73.3,FALSE
Wisconsin,5510170,Muskego-Norway School District,150,1500,70.7,100,92.7,100,85.3,FALSE
Wyoming,5601700,Carbon County School District 2,41,410,70.7,95.1,100,100,70.7,FALSE
Arkansas,514010,West Fork School District,17,170,70.6,100,100,100,70.6,FALSE
Connecticut,903060,North Stonington School District,17,170,70.6,100,88.2,94.1,70.6,FALSE
Idaho,1600660,Cassia County Joint School District 151,245,2450,70.6,100,100,100,78.8,FALSE
Iowa,1903090,Adair-Casey Community School District,17,170,70.6,100,94.1,100,76.5,FALSE
Kansas,2009420,Meade Unified School District 226,17,170,70.6,100,70.6,76.5,100,FALSE
Kentucky,2105520,Taylor County School District,136,1360,70.6,100,100,100,72.1,FALSE
Minnesota,2791449,Win-E-Mac School District,34,340,70.6,100,100,85.3,85.3,FALSE
Nebraska,3100185,Central Valley Public Schools,17,170,70.6,100,88.2,76.5,100,FALSE
Nebraska,3162950,Centura Public Schools,34,340,70.6,91.2,82.4,100,85.3,FALSE
Nebraska,3170650,Fort Calhoun Community Schools,17,170,70.6,100,76.5,100,70.6,FALSE
North Dakota,3810740,LaMoure Public School District 8,17,170,70.6,100,82.4,100,70.6,FALSE
Oklahoma,4008250,Colcord Public Schools,17,170,70.6,76.5,70.6,88.2,100,FALSE
Oklahoma,4024630,Pocola Public Schools,17,170,70.6,100,76.5,100,76.5,FALSE
Oklahoma,4027060,Sayre Public Schools,17,170,70.6,94.1,76.5,100,70.6,FALSE
South Dakota,4641520,Lemmon School District 52-4,17,170,70.6,88.2,100,88.2,100,FALSE
Texas,4808520,Aquilla Independent School District,17,170,70.6,100,70.6,100,100,FALSE
Texas,4815150,Cooper Independent School District,51,510,70.6,74.5,74.5,100,100,FALSE
California,621690,Lincoln Unified School District,403,4030,70.5,100,100,100,100,FALSE
California,627850,Oak Park Unified School District,88,880,70.5,100,100,100,79.5,FALSE
Florida,1200900,Holmes County School District,105,1050,70.5,100,87.6,100,77.1,FALSE
Illinois,1718030,Hall High School District 502,61,610,70.5,96.7,91.8,100,100,FALSE
Louisiana,.,.,264,2640,70.5,99.6,92.4,100,91.3,FALSE
Minnesota,2711085,East Central School District,44,440,70.5,100,100,97.7,75,FALSE
Mississippi,2802220,Jefferson County School District,44,440,70.5,79.5,88.6,100,70.5,FALSE
New Mexico,3502070,Pojoaque Valley Public Schools,61,610,70.5,96.7,90.2,100,83.6,FALSE
New York,3624210,Red Creek Central School District,44,440,70.5,70.5,81.8,100,100,FALSE
Ohio,3904645,United Local School District,44,440,70.5,100,100,100,70.5,FALSE
Ohio,3904838,West Branch Local School District,61,610,70.5,100,95.1,100,72.1,FALSE
Oklahoma,4027640,Silo Public Schools,88,880,70.5,97.7,94.3,98.9,77.3,FALSE
Washington,5302670,Everett School District,1152,11520,70.5,100,100,100,80.6,FALSE
West Virginia,5401110,Pleasants County School District,44,440,70.5,97.7,79.5,86.4,84.1,FALSE
Arkansas,504380,Clarksville School District,108,1080,70.4,96.3,100,98.1,72.2,FALSE
California,625690,Moorpark Unified School District,247,2470,70.4,100,100,100,74.5,FALSE
California,635850,Santa Ynez Valley Union High School District,135,1350,70.4,100,100,94.1,86.7,FALSE
Colorado,801950,Adams County School District 14,406,4060,70.4,100,100,99,100,FALSE
Illinois,1734290,Rochelle Township High School District 212,98,980,70.4,100,91.8,100,83.7,FALSE
Louisiana,2200450,Claiborne Parish School District,81,810,70.4,100,87.7,100,86.4,FALSE
Louisiana,2202010,Winn Parish School District,81,810,70.4,100,97.5,100,77.8,FALSE
Minnesota,2712900,Goodhue Public School District,27,270,70.4,100,88.9,74.1,96.3,FALSE
Tennessee,4701170,Fayette County School District,260,2600,70.4,99.2,94.2,99.2,78.8,FALSE
Texas,4836750,Redwater Independent School District,27,270,70.4,100,74.1,100,70.4,FALSE
Arkansas,500015,Sheridan School District,155,1550,70.3,100,98.7,100,72.3,FALSE
Florida,1201320,Monroe County School District,407,4070,70.3,96.3,86.2,98.3,71.7,FALSE
Georgia,1302250,Franklin County School District,172,1720,70.3,100,98.3,100,80.2,FALSE
Georgia,1305490,Washington County School District,111,1110,70.3,78.4,96.4,100,74.8,FALSE
Illinois,1722740,Leyden Community High School District 212,401,4010,70.3,100,100,100,95.8,FALSE
Kentucky,2103240,Lawrence County School District,111,1110,70.3,100,99.1,100,100,FALSE
Missouri,2927630,School of The Osage School District,91,910,70.3,100,91.2,100,76.9,FALSE
Missouri,2932070,Willow Springs R-IV School District,37,370,70.3,100,86.5,100,70.3,FALSE
Ohio,3904424,Logan-Hocking Local School District,175,1750,70.3,100,89.7,100,80,FALSE
Ohio,3904615,Talawanda City School District,148,1480,70.3,100,96.6,100,79.7,FALSE
Ohio,3904935,Leipsic Local School District,37,370,70.3,100,100,100,70.3,FALSE
Pennsylvania,4212090,Huntingdon Area School District,74,740,70.3,100,95.9,95.9,85.1,FALSE
Pennsylvania,4222370,Southern Tioga School District,91,910,70.3,96.7,100,100,72.5,FALSE
Tennessee,4747123,Monroe County School District in Sweetwater,64,640,70.3,100,73.4,100,78.1,FALSE
Wisconsin,5509030,Menasha School District,158,1580,70.3,100,93.7,100,100,FALSE
Wisconsin,5512450,Random Lake School District,37,370,70.3,100,81.1,100,100,FALSE
Florida,1200540,Flagler County School District,494,4940,70.2,100,98,100,72.1,FALSE
Illinois,1703870,Antioch Community High School District 117,319,3190,70.2,100,99.7,100,85.9,FALSE
Illinois,1733300,Red Bud Community Unit School District 132,47,470,70.2,100,78.7,100,74.5,FALSE
Michigan,2611030,Crawford AuSable Schools,57,570,70.2,86,100,94.7,82.5,FALSE
Missouri,2907350,Carl Junction R-I School District,94,940,70.2,100,76.6,100,75.5,FALSE
New York,3622170,Owego-Apalachin Central School District,124,1240,70.2,96,98.4,96.8,76.6,FALSE
Ohio,3904685,Berne Union Local School District,47,470,70.2,100,87.2,100,74.5,FALSE
South Carolina,4501830,Colleton County School District,248,2480,70.2,97.6,88.7,99.2,78.6,FALSE
Virginia,5102460,Mecklenburg County Public Schools,198,1980,70.2,92.4,91.9,100,84.3,FALSE
Illinois,1741190,Wauconda Community Unit School District 118,251,2510,70.1,100,100,100,80.9,FALSE
Kentucky,2104950,Pulaski County School District,384,3840,70.1,100,94.8,99.7,78.4,FALSE
Michigan,2629250,Quincy Community School District,67,670,70.1,91,100,92.5,80.6,FALSE
Mississippi,2800870,Calhoun County School District,87,870,70.1,100,94.3,100,75.9,FALSE
Montana,3003330,Belgrade High School District,211,2110,70.1,100,100,91,91,FALSE
Ohio,3904848,Cloverleaf Local School District,97,970,70.1,100,92.8,100,77.3,FALSE
Arizona,403310,Gila Bend Unified District,10,100,70,80,70,100,70,FALSE
California,600037,Ferndale Unified School District,10,100,70,100,100,70,70,FALSE
California,609850,Corona-Norco Unified School District,1907,19070,70,100,100,100,84.8,FALSE
California,641160,Visalia Unified School District,1429,14290,70,100,100,100,99.2,FALSE
Colorado,805280,Limon School District RE-4J,10,100,70,70,100,100,100,FALSE
Connecticut,902190,Lisbon School District,30,300,70,100,80,100,100,FALSE
Illinois,1700321,United Community School District 304,60,600,70,100,85,91.7,98.3,FALSE
Illinois,1732830,Prophetstown-Lyndon-Tampico Community Unit School District 3,20,200,70,100,70,95,100,FALSE
Illinois,1733090,Ramsey Community Unit School District 204,20,200,70,100,70,80,100,FALSE
Iowa,1910110,East Buchanan Community School District,20,200,70,100,100,80,100,FALSE
Iowa,1915750,Kingsley-Pierson Community School District,20,200,70,100,100,100,70,FALSE
Kansas,2004380,Caldwell Unified School District 360,10,100,70,100,70,100,100,FALSE
Massachusetts,2505500,Groton-Dunstable School District,80,800,70,100,87.5,100,75,FALSE
Massachusetts,2525003,Gill-Montague School District in Erving (7-12),10,100,70,100,100,70,100,FALSE
Michigan,2602040,Alba Public Schools,10,100,70,100,100,90,80,FALSE
Michigan,2604650,Bellevue Community Schools,30,300,70,100,100,96.7,73.3,FALSE
Michigan,2606630,Breckenridge Community Schools,30,300,70,100,100,70,86.7,FALSE
Michigan,2613110,Ellsworth Community Schools,10,100,70,100,100,80,90,FALSE
Michigan,2619580,Ithaca Public Schools,40,400,70,100,100,95,100,FALSE
Mississippi,2804680,Western Line School District,90,900,70,88.9,98.9,100,71.1,FALSE
Missouri,2912600,Gainesville R-V School District,10,100,70,70,70,100,70,FALSE
Nebraska,3100134,Wilcox-Hildreth Public Schools,10,100,70,100,80,90,100,FALSE
New Hampshire,3304290,Lisbon Regional School District,10,100,70,100,80,100,90,FALSE
New Jersey,3403960,Downe Township School District,10,100,70,100,70,100,100,FALSE
New Jersey,3409480,Mannington Township School District,20,200,70,100,100,100,85,FALSE
New York,3611250,Forestville Central School District,20,200,70,100,90,80,100,FALSE
North Carolina,3703420,Northampton County Schools,100,1000,70,92,100,99,90,FALSE
Ohio,3904587,Jefferson Area Local School District,40,400,70,95,100,92.5,77.5,FALSE
Ohio,3904861,Bethel Local School District,60,600,70,100,100,100,70,FALSE
Oklahoma,4013920,Hartshorne Public Schools,20,200,70,85,70,100,70,FALSE
Oklahoma,4014700,Hobart Public Schools,40,400,70,100,82.5,100,70,FALSE
Pennsylvania,4219290,Pleasant Valley School District,203,2030,70,100,100,100,70,FALSE
Rhode Island,4400660,Narragansett School District,30,300,70,100,100,100,86.7,FALSE
Texas,4808610,Archer City Independent School District,20,200,70,100,70,100,70,FALSE
Texas,4809870,Ben Bolt-Palito Blanco Independent School District,20,200,70,100,70,100,100,FALSE
Texas,4813110,Carthage Independent School District,120,1200,70,100,88.3,100,70,FALSE
Texas,4817550,Driscoll Independent School District,10,100,70,100,70,100,100,FALSE
Texas,4830210,Menard Independent School District,10,100,70,90,80,100,100,FALSE
Texas,4835310,Ponder Independent School District,30,300,70,100,83.3,100,70,FALSE
Texas,4846650,Yorktown Independent School District,20,200,70,100,75,100,80,FALSE
Washington,5305970,Oakesdale School District,10,100,70,100,70,100,100,FALSE
Washington,5309480,Wapato School District,100,1000,70,97,100,100,97,FALSE
Wisconsin,5500450,Argyle School District,10,100,70,100,80,90,100,FALSE
Wisconsin,5504260,Elkhart Lake-Glenbeulah School District,20,200,70,100,70,100,100,FALSE
Iowa,1907410,Clarke Community School District,73,730,69.9,100,100,100,100,FALSE
Ohio,3904628,Clark-Shawnee Local School District,103,1030,69.9,100,96.1,100,89.3,FALSE
Pennsylvania,4221930,Knoch School District,103,1030,69.9,100,100,100,70.9,FALSE
Pennsylvania,4224970,Wayne Highlands School District,103,1030,69.9,100,100,100,72.8,FALSE
Utah,4900810,Provo School District,735,7350,69.9,100,100,100,98,FALSE
Washington,5300990,Castle Rock School District,73,730,69.9,100,100,100,100,FALSE
Arizona,407300,Sahuarita Unified District,265,2650,69.8,100,100,100,69.8,FALSE
Florida,1201200,Madison County School District,116,1160,69.8,88.8,90.5,99.1,88.8,FALSE
Georgia,1302610,Hall County School District,1104,11040,69.8,99.7,99.2,99.8,76.8,FALSE
Illinois,1722950,Limestone Community High School District 310,159,1590,69.8,100,100,100,85.5,FALSE
Kentucky,2103060,Johnson County School District,126,1260,69.8,86.5,85.7,100,81,FALSE
New York,3623670,Potsdam Central School District,43,430,69.8,95.3,83.7,100,69.8,FALSE
North Carolina,3704380,Stokes County Schools,215,2150,69.8,97.7,100,100,77.7,FALSE
Oregon,4107080,Klamath Falls City Schools,172,1720,69.8,100,100,100,100,FALSE
Washington,5309660,Wenatchee School District,367,3670,69.8,100,100,100,100,FALSE
Arkansas,514490,Yellville-Summit School District,33,330,69.7,100,100,100,69.7,FALSE
Connecticut,905370,Woodstock School District,33,330,69.7,100,90.9,100,75.8,FALSE
Indiana,1805580,La Porte Community School Corporation,274,2740,69.7,100,96.7,100,100,FALSE
Indiana,1810590,South Vermillion Community School Corporation,89,890,69.7,100,100,100,100,FALSE
Indiana,1812810,Wayne Township Metropolitan School District,727,7270,69.7,100,100,100,74.4,FALSE
Michigan,2620670,Lake Fenton Community Schools,76,760,69.7,100,100,100,81.6,FALSE
New Jersey,3403750,Delaware Valley Regional School District,76,760,69.7,100,82.9,100,92.1,FALSE
New York,3620970,North Collins Central School District,33,330,69.7,100,100,100,100,FALSE
Ohio,3904758,Liberty Center Local School District,33,330,69.7,100,100,100,69.7,FALSE
Wisconsin,5510920,Oconto School District,33,330,69.7,100,78.8,100,72.7,FALSE
Illinois,1728810,North Clay Community Unit School District 25,23,230,69.6,78.3,69.6,100,100,FALSE
Iowa,1915180,Janesville Consolidated School District,46,460,69.6,100,69.6,78.3,100,FALSE
Louisiana,2201320,Red River Parish School District,56,560,69.6,80.4,82.1,100,82.1,FALSE
Michigan,2600007,Harbor Beach Community Schools,23,230,69.6,100,100,95.7,73.9,FALSE
Minnesota,2709750,Crosby-Ironton Public School District,46,460,69.6,100,91.3,73.9,100,FALSE
Nevada,3200060,Clark County School District,15739,157390,69.6,100,99.8,100,83.6,FALSE
New York,3606180,Caledonia-Mumford Central School District,46,460,69.6,100,100,100,100,FALSE
Ohio,3904620,Triad Local School District,69,690,69.6,100,97.1,100,72.5,FALSE
Ohio,3904745,McComb Local School District,23,230,69.6,100,100,100,69.6,FALSE
Ohio,3904846,Black River Local School District,46,460,69.6,78.3,89.1,100,100,FALSE
South Carolina,4500810,Anderson School District 2,181,1810,69.6,100,100,98.3,80.7,FALSE
Colorado,802070,Alamosa School District RE-11J,105,1050,69.5,99,100,100,100,FALSE
Georgia,1301710,Decatur County School District,256,2560,69.5,98.4,98.8,100,82.4,FALSE
Michigan,2627960,Pewamo-Westphalia Community School District,59,590,69.5,100,100,91.5,78,FALSE
Missouri,2921600,Mount Vernon R-V School District,95,950,69.5,100,100,100,100,FALSE
Pennsylvania,4207050,Cranberry Area School District,59,590,69.5,88.1,100,100,78,FALSE
Texas,4813170,Castleberry Independent School District,220,2200,69.5,100,100,100,95.5,FALSE
Georgia,1300290,Barrow County School District,716,7160,69.4,100,97.5,100,87.4,FALSE
Georgia,1303480,Madison County School District,229,2290,69.4,96.9,92.6,100,76.9,FALSE
Georgia,1305040,Toombs County School District,134,1340,69.4,97,90.3,100,71.6,FALSE
Illinois,1701418,Salt Fork Community Unit School District 512,36,360,69.4,100,75,72.2,100,FALSE
Indiana,1812120,Vincennes Community School Corporation,111,1110,69.4,100,100,100,69.4,FALSE
Kentucky,2105760,Washington County School District,111,1110,69.4,100,86.5,100,76.6,FALSE
Michigan,2629370,Ravenna Public Schools,36,360,69.4,100,100,88.9,80.6,FALSE
North Carolina,3704050,Rowan-Salisbury Schools,937,9370,69.4,100,100,100,78.8,FALSE
Pennsylvania,4215120,Mercer Area School District,36,360,69.4,100,100,100,100,FALSE
Texas,4836930,Ricardo Independent School District,36,360,69.4,100,75,100,69.4,FALSE
Indiana,1810020,Scott County School District 2,140,1400,69.3,100,84.3,100,86.4,FALSE
Michigan,2616500,Grant Public School District,88,880,69.3,84.1,100,100,71.6,FALSE
Pennsylvania,4202790,Avon Grove School District,176,1760,69.3,100,100,100,69.3,FALSE
Tennessee,4701410,Giles County School District,205,2050,69.3,97.1,95.6,96.1,79.5,FALSE
Tennessee,4702340,Lawrence County School District,361,3610,69.3,99.4,92.5,97,86.1,FALSE
Tennessee,4703780,Sevier County School District,631,6310,69.3,99.4,93.3,99.8,72.7,FALSE
Alabama,100870,Conecuh County School District,65,650,69.2,100,78.5,100,76.9,FALSE
Alabama,101640,Geneva City School District,52,520,69.2,78.8,100,100,69.2,FALSE
Alabama,102910,Russellville City School District,104,1040,69.2,100,94.2,100,100,FALSE
Alabama,103510,Wilcox County School District,78,780,69.2,100,88.5,100,76.9,FALSE
Arizona,407240,Safford Unified District,159,1590,69.2,100,100,100,100,FALSE
Arkansas,507990,Hoxie School District,26,260,69.2,100,73.1,100,84.6,FALSE
Georgia,1305790,Wilkinson County School District,52,520,69.2,73.1,98.1,100,98.1,FALSE
Idaho,1602520,Orofino Joint School District 171,39,390,69.2,79.5,100,100,74.4,FALSE
Iowa,1903300,Alburnett Community School District,13,130,69.2,100,76.9,100,92.3,FALSE
Iowa,1920580,Newell-Fonda Community School District,26,260,69.2,100,69.2,84.6,69.2,FALSE
Michigan,2614690,Gwinn Area Community Schools,78,780,69.2,100,100,94.9,88.5,FALSE
Michigan,2617370,Hale Area Schools,26,260,69.2,69.2,100,100,100,FALSE
Minnesota,2703030,Alden-Conger Public School District,13,130,69.2,100,100,76.9,100,FALSE
Missouri,2915450,Scott City R-I School District,39,390,69.2,100,100,100,89.7,FALSE
Missouri,2925080,Phelps County R-III School District,13,130,69.2,100,69.2,100,100,FALSE
Nebraska,3100091,Fullerton Public Schools,13,130,69.2,84.6,84.6,76.9,76.9,FALSE
Nebraska,3105160,Clarkson Public Schools,13,130,69.2,100,76.9,76.9,100,FALSE
Nebraska,3177520,Sutton Public Schools,13,130,69.2,100,92.3,84.6,100,FALSE
New York,3629850,Wantagh Union Free School District,104,1040,69.2,100,100,100,99,FALSE
Ohio,3904883,East Muskingum Local School District,91,910,69.2,100,100,100,69.2,FALSE
Ohio,3905067,Eastwood Local School District,52,520,69.2,100,100,100,71.2,FALSE
Oklahoma,4017850,Lindsay Public Schools,39,390,69.2,100,69.2,100,100,FALSE
Oklahoma,4032460,Wewoka Public Schools,26,260,69.2,100,73.1,100,76.9,FALSE
Oregon,4105080,Enterprise School District 21,13,130,69.2,76.9,100,69.2,100,FALSE
Oregon,4106740,Jefferson County School District 509J,159,1590,69.2,98.7,100,100,84.9,FALSE
Texas,4816500,Decatur Independent School District,117,1170,69.2,87.2,92.3,100,70.9,FALSE
Texas,4822980,Henrietta Independent School District,39,390,69.2,100,87.2,100,76.9,FALSE
Vermont,5000024,Rivendell Interstate School District,13,130,69.2,100,84.6,84.6,76.9,FALSE
Virginia,5102710,Northampton County Public Schools,65,650,69.2,73.8,92.3,95.4,100,FALSE
Washington,5307140,Raymond School District,13,130,69.2,100,76.9,100,69.2,FALSE
Wisconsin,5504440,Evansville Community School District,65,650,69.2,100,75.4,100,69.2,FALSE
Wisconsin,5513980,Solon Springs School District,13,130,69.2,100,69.2,100,100,FALSE
Kentucky,2105070,Rockcastle County School District,94,940,69.1,89.4,75.5,100,77.7,FALSE
Michigan,2615830,Roscommon Area Public Schools,55,550,69.1,92.7,100,92.7,76.4,FALSE
New York,3616980,North Rose-Wolcott Central School District,55,550,69.1,87.3,83.6,100,100,FALSE
Ohio,3904447,New Lexington City School District,97,970,69.1,100,100,100,72.2,FALSE
South Carolina,4501560,Chesterfield County School District,282,2820,69.1,90.1,80.5,98.9,78.4,FALSE
Utah,4900060,Beaver School District,55,550,69.1,100,100,100,72.7,FALSE
Illinois,1715180,Fisher Community Unit School District 1,29,290,69,100,100,86.2,75.9,FALSE
Kansas,2008340,Lansing Unified School District 469,71,710,69,95.8,85.9,100,70.4,FALSE
Maine,2314805,Regional School Unit 73,71,710,69,95.8,94.4,78.9,97.2,FALSE
Michigan,2625400,N.I.C.E. Community Schools,42,420,69,100,100,100,100,FALSE
Mississippi,2803090,Nettleton School District,29,290,69,96.6,100,100,69,FALSE
Montana,3007140,Columbia Falls High School District,113,1130,69,100,100,100,88.5,FALSE
New Jersey,3413110,Pittsgrove Township School District,58,580,69,100,89.7,100,75.9,FALSE
New York,3613380,Hamilton Central School District,29,290,69,100,82.8,93.1,75.9,FALSE
New York,3618480,Marcellus Central School District,58,580,69,100,86.2,100,81,FALSE
Pennsylvania,4206860,Corry Area School District,84,840,69,100,100,100,71.4,FALSE
Tennessee,4700600,Chester County School District,126,1260,69,100,99.2,100,81,FALSE
Texas,4817790,Early Independent School District,29,290,69,100,100,100,69,FALSE
Texas,4821810,Groesbeck Independent School District,58,580,69,100,82.8,100,75.9,FALSE
Washington,5304920,Mead School District,336,3360,69,100,95.5,100,72.6,FALSE
New Hampshire,3304760,Merrimack Valley School District,103,1030,68.9,99,100,100,68.9,FALSE
Ohio,3904892,Benton-Carroll-Salem Local School District,45,450,68.9,100,100,100,68.9,FALSE
Oklahoma,4015480,Inola Public Schools,74,740,68.9,86.5,86.5,100,70.3,FALSE
Alabama,102040,Lawrence County School District,205,2050,68.8,95.6,83.4,99,82,FALSE
Arkansas,504370,Rector School District,16,160,68.8,100,100,100,81.2,FALSE
California,609030,Clovis Unified School District,1817,18170,68.8,100,100,100,79,FALSE
Florida,1200120,Bradford County School District,157,1570,68.8,99.4,94.9,100,69.4,FALSE
Idaho,1602850,Salmon School District 291,32,320,68.8,100,100,100,68.8,FALSE
Illinois,1712930,Earlville Community Unit School District 9,16,160,68.8,100,68.8,100,100,FALSE
Iowa,1900009,Colfax-Mingo Community School District,32,320,68.8,100,87.5,100,100,FALSE
Iowa,1909600,Durant Community School District,16,160,68.8,100,68.8,68.8,68.8,FALSE
Iowa,1928110,Turkey Valley Community School District,32,320,68.8,100,81.2,93.8,100,FALSE
Kansas,2012090,Sublette Unified School District 374,16,160,68.8,100,68.8,100,100,FALSE
Kentucky,2103750,Magoffin County School District,80,800,68.8,82.5,77.5,100,97.5,FALSE
Minnesota,2703660,Barnesville Public School District,48,480,68.8,100,100,72.9,75,FALSE
Missouri,2909120,Clarkton C-4 School District,16,160,68.8,100,93.8,93.8,100,FALSE
New Hampshire,3301500,Andover School District,16,160,68.8,100,100,93.8,68.8,FALSE
North Dakota,3800401,Park River Area Public School District 8,16,160,68.8,100,87.5,81.2,68.8,FALSE
Ohio,3904816,Keystone Local School District,80,800,68.8,100,100,100,73.8,FALSE
Texas,4816290,Danbury Independent School District,32,320,68.8,100,100,100,71.9,FALSE
Texas,4829460,Maud Independent School District,16,160,68.8,100,93.8,100,68.8,FALSE
Texas,4840740,Somerset Independent School District,93,930,68.8,84.9,76.3,100,84.9,FALSE
Washington,5300780,Burlington-Edison School District,93,930,68.8,100,100,100,93.5,FALSE
Wisconsin,5508280,Luck School District,16,160,68.8,100,75,81.2,100,FALSE
California,629550,Palm Springs Unified School District,892,8920,68.7,100,100,100,90.9,FALSE
Georgia,1303000,Jeff Davis County School District,99,990,68.7,100,85.9,100,68.7,FALSE
Georgia,1305370,Walker County School District,422,4220,68.7,100,94.1,100,78.9,FALSE
Michigan,2621870,L'Anse Creuse Public Schools,383,3830,68.7,100,100,100,80.4,FALSE
Pennsylvania,4202670,Athens Area School District,115,1150,68.7,98.3,100,100,79.1,FALSE
Tennessee,4700900,Cumberland County School District,313,3130,68.7,93.3,88.8,100,85.3,FALSE
Wisconsin,5500510,Ashland School District,83,830,68.7,95.2,83.1,96.4,100,FALSE
Wisconsin,5504830,Franklin Public School District,198,1980,68.7,100,100,100,86.4,FALSE
Wisconsin,5511940,Plymouth School District,67,670,68.7,100,73.1,100,100,FALSE
Georgia,1305100,Treutlen County School District,51,510,68.6,100,100,100,100,FALSE
Illinois,1720380,Jasper County Community Unit School District 1,51,510,68.6,100,98,90.2,100,FALSE
Kentucky,2102580,Harrison County School District,156,1560,68.6,100,100,100,73.1,FALSE
Michigan,2624960,Napoleon Community Schools,51,510,68.6,100,100,92.2,72.5,FALSE
New York,3614310,Heuvelton Central School District,35,350,68.6,100,91.4,71.4,100,FALSE
Vermont,5000403,Harwood Unified School District,51,510,68.6,100,74.5,90.2,86.3,FALSE
Washington,5310140,Yelm Community Schools,239,2390,68.6,97.1,99.6,100,74.5,FALSE
Arkansas,502580,Ashdown School District,73,730,68.5,100,100,100,75.3,FALSE
Indiana,1803930,Goshen Community Schools,308,3080,68.5,100,100,100,79.5,FALSE
Michigan,2611600,Dearborn City School District,959,9590,68.5,100,100,100,80.5,FALSE
Wisconsin,5503690,Dodgeville School District,54,540,68.5,100,75.9,100,83.3,FALSE
Alabama,102130,Linden City School District,19,190,68.4,73.7,100,94.7,68.4,FALSE
Arkansas,502250,Alma School District,114,1140,68.4,100,100,96.5,70.2,FALSE
Illinois,1725000,Massac Unit School District 1,57,570,68.4,78.9,100,100,71.9,FALSE
Illinois,1737830,Stewardson-Strasburg Community Unit District 5A,19,190,68.4,100,68.4,100,100,FALSE
Iowa,1914850,Iowa Valley Community School District,19,190,68.4,100,68.4,100,100,FALSE
Iowa,1920760,Central Springs Community School District,38,380,68.4,94.7,86.8,71.1,94.7,FALSE
Kansas,2007710,Inman Unified School District 448,19,190,68.4,100,68.4,100,100,FALSE
Kansas,2011880,St. Francis Community Schools Unified School District 297,19,190,68.4,100,100,68.4,100,FALSE
Kentucky,2104050,Meade County School District,152,1520,68.4,96.7,92.8,97.4,76.3,FALSE
Michigan,2610590,Comstock Public Schools,155,1550,68.4,98.7,100,100,82.6,FALSE
Michigan,2612240,Dryden Community Schools,19,190,68.4,94.7,100,100,94.7,FALSE
Michigan,2628530,Plainwell Community Schools,79,790,68.4,82.3,100,97.5,78.5,FALSE
Mississippi,2804080,South Pike School District,79,790,68.4,83.5,96.2,100,84.8,FALSE
Nebraska,3101992,Elmwood-Murdock Public Schools,19,190,68.4,100,78.9,100,68.4,FALSE
New Jersey,3412990,Pine Hill Borough School District,79,790,68.4,100,100,100,94.9,FALSE
New York,3607680,Cleveland Hill Union Free School District,98,980,68.4,100,100,100,100,FALSE
New York,3624570,Richfield Springs Central School District,19,190,68.4,78.9,78.9,100,100,FALSE
Ohio,3904596,New Knoxville Local School District,19,190,68.4,100,100,100,68.4,FALSE
Oklahoma,4022560,Oilton Public Schools,19,190,68.4,100,100,100,73.7,FALSE
Pennsylvania,4222200,Southeastern Greene School District,38,380,68.4,100,100,100,81.6,FALSE
Vermont,5003450,Danville School District,19,190,68.4,100,89.5,94.7,89.5,FALSE
Wisconsin,5507500,Kohler School District,19,190,68.4,100,78.9,100,100,FALSE
Alabama,101380,Etowah County School District,451,4510,68.3,100,96.5,100,76.5,FALSE
California,611520,Duarte Unified School District,186,1860,68.3,100,100,100,96.8,FALSE
Colorado,802940,Cheyenne Mountain School District 12,101,1010,68.3,100,100,100,76.2,FALSE
Michigan,2614100,Farwell Area Schools,60,600,68.3,81.7,100,98.3,100,FALSE
Missouri,2902850,Adrian R-III School District,41,410,68.3,100,100,100,87.8,FALSE
Missouri,2918270,Lebanon R-III School District,189,1890,68.3,100,76.2,100,84.1,FALSE
Nevada,3200210,Humboldt County School District,139,1390,68.3,100,87.8,100,75.5,FALSE
Nevada,3200510,White Pine County School District,41,410,68.3,82.9,100,100,87.8,FALSE
New York,3604290,Beekmantown Central School District,63,630,68.3,100,90.5,74.6,85.7,FALSE
New York,3607860,Clyde-Savannah Central School District,60,600,68.3,100,100,96.7,100,FALSE
Ohio,3904922,Southeast Local School District,63,630,68.3,100,100,100,69.8,FALSE
Pennsylvania,4203870,Blue Mountain School District,120,1200,68.3,100,100,100,68.3,FALSE
Texas,4809570,Bastrop Independent School District,540,5400,68.3,100,87,99.8,78.7,FALSE
Texas,4813650,Chapel Hill Independent School District,164,1640,68.3,97,97,100,81.7,FALSE
Virginia,5103780,Sussex County Public Schools,60,600,68.3,81.7,98.3,100,75,FALSE
Washington,5308700,Tacoma Public Schools,1562,15620,68.3,100,100,100,83.8,FALSE
Washington,5309270,Vancouver Public Schools,1054,10540,68.3,100,100,100,82.1,FALSE
Arizona,408850,Vail Unified District,525,5250,68.2,100,93.1,100,71.4,FALSE
Arizona,409430,Window Rock Unified District,66,660,68.2,74.2,93.9,100,100,FALSE
Arkansas,506360,Fouke School District,44,440,68.2,100,70.5,100,68.2,FALSE
Arkansas,513530,Vilonia School District,157,1570,68.2,100,100,100,71.3,FALSE
Georgia,1302940,Jackson County School District,396,3960,68.2,100,88.4,100,78.3,FALSE
Illinois,1701382,Thompsonville Community Unit School District 174,22,220,68.2,100,95.5,100,77.3,FALSE
Iowa,1919590,Montezuma Community School District,22,220,68.2,100,95.5,100,68.2,FALSE
Iowa,1920100,Murray Community School District,22,220,68.2,90.9,72.7,77.3,100,FALSE
Mississippi,2800990,Choctaw County School District,44,440,68.2,95.5,95.5,100,100,FALSE
Nebraska,3100096,Friend Public Schools,22,220,68.2,100,68.2,95.5,100,FALSE
Nebraska,3173090,Loup City Public Schools,22,220,68.2,90.9,86.4,100,100,FALSE
New York,3627120,Sodus Central School District,44,440,68.2,100,70.5,100,95.5,FALSE
North Carolina,3701320,Edgecombe County Schools,223,2230,68.2,100,100,100,74.4,FALSE
North Carolina,3703510,Pamlico County Schools,44,440,68.2,88.6,100,100,70.5,FALSE
Ohio,3904950,Huntington Local School District,22,220,68.2,90.9,100,100,77.3,FALSE
Washington,5307650,San Juan Island School District,44,440,68.2,100,100,100,68.2,FALSE
Wisconsin,5506840,Iola-Scandinavia School District,22,220,68.2,100,68.2,100,100,FALSE
Wisconsin,5510500,New Glarus School District,22,220,68.2,100,81.8,95.5,68.2,FALSE
Georgia,1305550,Wayne County School District,191,1910,68.1,92.7,82.7,99.5,74.9,FALSE
Idaho,1600139,Mountain View School District 244,72,720,68.1,97.2,100,97.2,70.8,FALSE
Illinois,1708400,Consolidated High School District 230,956,9560,68.1,100,99,100,92.2,FALSE
Indiana,1806510,Martinsville Schools Metropolitan School District,188,1880,68.1,100,100,100,70.2,FALSE
New Mexico,3500180,Belen Consolidated Schools,144,1440,68.1,97.2,97.9,100,76.4,FALSE
Pennsylvania,4213770,Penn Cambria School District,69,690,68.1,100,100,100,68.1,FALSE
Arkansas,500082,Lawrence County School District,50,500,68,100,98,100,70,FALSE
Arkansas,505550,Earle School District,25,250,68,100,100,100,68,FALSE
Connecticut,900960,Coventry School District,75,750,68,100,97.3,97.3,72,FALSE
Illinois,1700109,Ridgeview Community Unit School District 19,25,250,68,100,80,88,100,FALSE
Kentucky,2104500,Ohio County School District,169,1690,68,96.4,88.2,100,88.2,FALSE
Michigan,2618570,Hopkins Public Schools,50,500,68,100,100,100,88,FALSE
Michigan,2626970,Oscoda Area Schools,75,750,68,100,100,100,68,FALSE
Minnesota,2700023,Buffalo Lake-Hector-Stewart Public Schools,25,250,68,100,100,100,84,FALSE
Missouri,2915420,Iberia R-V School District,25,250,68,88,100,88,72,FALSE
New York,3600012,Bolivar-Richburg Central School District,25,250,68,100,76,100,100,FALSE
North Dakota,3800031,Hazen Public School District 3,25,250,68,100,100,100,68,FALSE
Oklahoma,4021930,Nowata Public Schools,50,500,68,100,100,100,100,FALSE
Oregon,4100640,Myrtle Point School District 41,25,250,68,100,100,100,100,FALSE
Rhode Island,4400540,Johnston School District,228,2280,68,100,100,100,93.9,FALSE
South Carolina,4503460,Saluda County School District,97,970,68,85.6,84.5,100,85.6,FALSE
South Dakota,4621340,Elk Point-Jefferson School District 61-7,50,500,68,100,100,100,68,FALSE
Vermont,5009600,North Country Senior UHSD 22,50,500,68,100,70,80,100,FALSE
Washington,5301170,Chehalis School District,97,970,68,100,100,100,88.7,FALSE
California,643410,Yreka Union High School District,112,1120,67.9,92.9,100,100,92,FALSE
Iowa,1903390,Allamakee Community School District,53,530,67.9,100,98.1,69.8,69.8,FALSE
Kansas,2000030,Republic County-Hillcrest Rural Schools Unified School District 109,28,280,67.9,100,96.4,96.4,100,FALSE
Kansas,2011700,Silver Lake Unified School District 372,28,280,67.9,100,82.1,82.1,100,FALSE
Kentucky,2100081,Muhlenberg County School District,187,1870,67.9,88.8,88.8,100,86.6,FALSE
Michigan,2604290,Beal City Public Schools,28,280,67.9,100,100,75,85.7,FALSE
Michigan,2613560,Evart Public Schools,28,280,67.9,67.9,100,75,100,FALSE
New Jersey,3408220,Lakewood Township School District,2744,27440,67.9,100,100,100,83.5,FALSE
New Mexico,3500750,Dexter Consolidated Schools,28,280,67.9,75,75,100,67.9,FALSE
Oklahoma,4000033,Keys Public Schools,28,280,67.9,100,85.7,96.4,85.7,FALSE
Texas,4826340,La Villa Independent School District,28,280,67.9,100,100,100,100,FALSE
Texas,4826370,Lackland Independent School District,28,280,67.9,100,75,100,100,FALSE
Washington,5302610,Ephrata School District,137,1370,67.9,100,88.3,100,88.3,FALSE
West Virginia,5400720,Marion County School District,330,3300,67.9,99.4,92.4,99.7,86.7,FALSE
Alabama,101290,Elmore County School District,494,4940,67.8,99.2,91.7,99.8,70.4,FALSE
Arkansas,500028,Star City School District,59,590,67.8,100,100,100,67.8,FALSE
California,608190,Charter Oak Unified School District,258,2580,67.8,100,100,100,85.3,FALSE
California,616323,Gustine Unified School District,59,590,67.8,100,100,100,100,FALSE
Indiana,1802280,Whitley County Consolidated Schools,149,1490,67.8,100,100,100,100,FALSE
Michigan,2608730,Charlevoix Public Schools,59,590,67.8,96.6,100,100,72.9,FALSE
Michigan,2627150,Ovid-Elsie Area Schools,59,590,67.8,100,100,94.9,72.9,FALSE
New York,3612630,Greece Central School District,522,5220,67.8,100,100,100,92.5,FALSE
Washington,5302940,Franklin Pierce School District,376,3760,67.8,100,100,100,100,FALSE
Wisconsin,5512240,Prescott School District,87,870,67.8,100,100,98.9,69,FALSE
California,618210,Imperial Unified School District,192,1920,67.7,100,100,93.2,97.4,FALSE
Iowa,1903060,AGWSR Community School District,31,310,67.7,100,71,96.8,100,FALSE
Minnesota,2728380,Pine City Public School District,65,650,67.7,100,100,67.7,78.5,FALSE
Missouri,2915480,Independence 30 School District,691,6910,67.7,100,100,100,87.3,FALSE
Montana,3020100,Park High School District,99,990,67.7,100,100,100,67.7,FALSE
New Hampshire,3307050,White Mountain Regional School District,31,310,67.7,96.8,93.5,87.1,83.9,FALSE
New York,3604920,East Bloomfield Central School District,31,310,67.7,100,80.6,93.5,100,FALSE
New York,3606470,Canton Central School District,65,650,67.7,75.4,83.1,87.7,100,FALSE
New York,3608970,Yorkshire-Pioneer Central School District,99,990,67.7,100,83.8,97,84.8,FALSE
Pennsylvania,4202550,Apollo-Ridge School District,31,310,67.7,100,96.8,100,74.2,FALSE
Pennsylvania,4204500,Burgettstown Area School District,62,620,67.7,100,100,100,67.7,FALSE
Washington,5305700,North Beach School District,31,310,67.7,100,71,100,67.7,FALSE
Arizona,400212,Benson Unified School District,34,340,67.6,100,100,100,67.6,FALSE
Colorado,804830,Johnstown-Milliken School District RE-5J,287,2870,67.6,100,100,100,92,FALSE
Illinois,1700332,Schuyler-Industry Community Unit School District 5,34,340,67.6,100,76.5,79.4,88.2,FALSE
Illinois,1703690,Amboy Community Unit School District 272,37,370,67.6,100,86.5,100,100,FALSE
Illinois,1732700,Princeton High School District 500,68,680,67.6,100,69.1,100,92.6,FALSE
Indiana,1810080,Seymour Community Schools,290,2900,67.6,98.6,100,100,69,FALSE
Iowa,1931290,West Sioux Community School District,37,370,67.6,100,94.6,100,73,FALSE
Kentucky,2105640,Union County School District,74,740,67.6,93.2,93.2,100,68.9,FALSE
Missouri,2911400,Elsberry R-II School District,34,340,67.6,100,100,88.2,100,FALSE
Missouri,2926070,Raytown C-2 School District,447,4470,67.6,100,100,100,90.4,FALSE
New York,3602730,Windsor Central School District,74,740,67.6,100,74.3,90.5,100,FALSE
New York,3603270,Arlington Central School District,376,3760,67.6,100,100,96.3,81.4,FALSE
New York,3622740,Penn Yan Central School District,111,1110,67.6,100,100,98.2,70.3,FALSE
Oklahoma,4032400,Westville Public Schools,34,340,67.6,100,76.5,73.5,100,FALSE
Pennsylvania,4205340,Central Cambria School District,74,740,67.6,100,100,100,68.9,FALSE
Pennsylvania,4222710,St. Clair Area School District,37,370,67.6,100,100,100,67.6,FALSE
Texas,4831230,Monte Alto Independent School District,68,680,67.6,80.9,80.9,100,100,FALSE
Texas,4832190,Navasota Independent School District,142,1420,67.6,100,86.6,100,68.3,FALSE
Utah,4901140,Washington School District,1321,13210,67.6,99.9,94.6,98.6,79,FALSE
Wisconsin,5502040,Cadott Community School District,34,340,67.6,88.2,73.5,100,76.5,FALSE
Arizona,401740,Casa Grande Union High School District,624,6240,67.5,99.2,98.9,100,73.2,FALSE
Arkansas,509750,Mena Public Schools,83,830,67.5,100,100,100,67.5,FALSE
Illinois,1742480,Williamsville Community Unit School District 15,40,400,67.5,100,85,97.5,77.5,FALSE
New Jersey,3407740,Jackson Township School District,511,5110,67.5,100,97.1,100,96.1,FALSE
Ohio,3905055,Green Local School District,83,830,67.5,100,100,100,67.5,FALSE
Texas,4829010,Marble Falls Independent School District,151,1510,67.5,100,82.8,100,70.2,FALSE
Texas,4832310,Needville Independent School District,120,1200,67.5,100,93.3,100,67.5,FALSE
Washington,5303960,Kent School District,1330,13300,67.5,100,100,100,90.8,FALSE
Washington,5305760,North Kitsap School District,283,2830,67.5,98.6,99.6,100,75.6,FALSE
Wisconsin,5513950,Slinger School District,117,1170,67.5,100,88,100,76.9,FALSE
Wyoming,5602070,Park County School District 6,123,1230,67.5,100,100,100,67.5,FALSE
Arkansas,507350,Harrisburg School District,43,430,67.4,100,100,100,67.4,FALSE
Connecticut,903630,Regional High School District 04,89,890,67.4,100,100,100,70.8,FALSE
Indiana,1809750,Rush County Schools,86,860,67.4,98.8,100,100,91.9,FALSE
Indiana,1812420,Warsaw Community Schools,334,3340,67.4,100,100,100,84.1,FALSE
Kansas,2010260,Osawatomie Unified School District 367,46,460,67.4,100,69.6,100,100,FALSE
Louisiana,2201260,Pointe Coupee Parish School District,138,1380,67.4,97.8,94.9,100,71,FALSE
Michigan,2619920,Jonesville Community Schools,46,460,67.4,100,100,93.5,80.4,FALSE
Oklahoma,4017580,Lexington Public Schools,46,460,67.4,100,95.7,100,78.3,FALSE
Tennessee,4704550,Wilson County School District,774,7740,67.4,100,99,100,68.7,FALSE
Texas,4814790,Comfort Independent School District,46,460,67.4,100,69.6,100,100,FALSE
Wisconsin,5516830,Winneconne Community School District,43,430,67.4,100,81.4,95.3,74.4,FALSE
Alabama,103390,Tuscaloosa County School District,999,9990,67.3,100,95.9,100,72.8,FALSE
Idaho,1600480,Buhl Joint School District 412,55,550,67.3,100,100,98.2,80,FALSE
Illinois,1726550,Monticello Community Unit School District 25,49,490,67.3,100,100,100,75.5,FALSE
Indiana,1801710,Central Noble Community School Corporation,55,550,67.3,100,100,100,67.3,FALSE
Kentucky,2104740,Pendleton County School District,110,1100,67.3,100,78.2,100,80.9,FALSE
Michigan,2608640,Central Montcalm Public Schools,49,490,67.3,98,100,91.8,79.6,FALSE
Michigan,2624180,Montague Area Public Schools,49,490,67.3,100,100,100,71.4,FALSE
Minnesota,2702760,Aitkin Public School District,49,490,67.3,100,100,67.3,100,FALSE
Missouri,2910770,Dexter R-XI School District,101,1010,67.3,100,100,100,100,FALSE
Missouri,2920810,Mexico 59 School District,113,1130,67.3,100,68.1,100,100,FALSE
Nebraska,3175210,Palmyra District OR-1,52,520,67.3,100,73.1,98.1,100,FALSE
North Carolina,3702310,Iredell-Statesville Schools,1003,10030,67.3,99.8,100,100,86.3,FALSE
Oregon,4106930,Junction City School District 69,101,1010,67.3,100,100,100,77.2,FALSE
Pennsylvania,4226580,Wilson School District,303,3030,67.3,99,100,100,70.6,FALSE
South Carolina,.,.,107,1070,67.3,99.1,95.3,100,76.6,FALSE
West Virginia,5401500,Wayne County School District,220,2200,67.3,94.1,79.5,98.2,82.7,FALSE
Colorado,800016,Yuma School District 1,58,580,67.2,100,79.3,77.6,77.6,FALSE
Connecticut,903600,Regional High School District 01,61,610,67.2,100,93.4,100,68.9,FALSE
Georgia,1304260,Putnam County School District,125,1250,67.2,77.6,77.6,100,72,FALSE
Iowa,1925980,Sheldon Community School District,58,580,67.2,100,100,100,100,FALSE
Oregon,4110890,Oregon Trail School District 46,177,1770,67.2,100,100,96,71.8,FALSE
Pennsylvania,4220550,Rose Tree Media School District,201,2010,67.2,100,100,100,67.2,FALSE
Texas,4826640,Lampasas Independent School District,134,1340,67.2,100,95.5,100,79.9,FALSE
Virginia,5101560,Galax City Public Schools,64,640,67.2,82.8,98.4,100,98.4,FALSE
Colorado,803330,Delta County School District 50J,170,1700,67.1,100,76.5,100,92.4,FALSE
Indiana,1811370,Tippecanoe Valley School Corporation,82,820,67.1,100,100,100,80.5,FALSE
Kentucky,2103480,Lincoln County School District,152,1520,67.1,90.1,88.8,100,90.1,FALSE
New York,3611910,General Brown Central School District,73,730,67.1,95.9,95.9,84.9,100,FALSE
Ohio,3904717,Cardinal Local School District,210,2100,67.1,100,100,100,68.6,FALSE
Oregon,4102940,Central Point School District 6,146,1460,67.1,99.3,100,99.3,100,FALSE
Texas,4833780,Orangefield Independent School District,79,790,67.1,100,92.4,100,68.4,FALSE
Virginia,5100870,Clarke County Public Schools,79,790,67.1,100,89.9,100,70.9,FALSE
Virginia,5101230,Fairfax City Public Schools,246,2460,67.1,100,100,100,83.7,FALSE
Virginia,5103710,Suffolk City Public Schools,690,6900,67.1,99.6,95.8,100,90.1,FALSE
Louisiana,2201920,West Baton Rouge Parish School District,215,2150,67,98.6,84.7,100,70.7,FALSE
New York,3600008,South Country Central School District,188,1880,67,100,100,100,85.1,FALSE
New York,3606060,Byram Hills Central School District,97,970,67,100,100,100,67,FALSE
New York,3630690,West Islip Union Free School District,206,2060,67,100,100,100,100,FALSE
Pennsylvania,4203330,Bensalem Township School District,349,3490,67,100,100,100,68.5,FALSE
Texas,4820960,Godley Independent School District,91,910,67,100,82.4,100,71.4,FALSE
Florida,1200960,Jackson County School District,305,3050,66.9,81,89.8,100,72.5,FALSE
Michigan,2625560,Niles Community School District,133,1330,66.9,100,100,100,100,FALSE
New Jersey,3414640,Sayreville Borough School District,305,3050,66.9,100,98.7,100,84.3,FALSE
North Carolina,3703870,Richmond County Schools,353,3530,66.9,100,100,100,66.9,FALSE
Ohio,3904540,Greenfield Exempted Village School District,127,1270,66.9,100,100,100,100,FALSE
Pennsylvania,4206780,Conrad Weiser Area School District,136,1360,66.9,100,100,100,69.1,FALSE
Pennsylvania,4207320,Danville Area School District,148,1480,66.9,100,100,100,66.9,FALSE
Tennessee,4700180,Bedford County School District,375,3750,66.9,99.5,100,99.2,76.3,FALSE
Virginia,5100090,Albemarle County Public Schools,650,6500,66.9,100,98,99.8,71.4,FALSE
Wisconsin,5500810,Baraboo School District,127,1270,66.9,92.1,88.2,100,74.8,FALSE
Wisconsin,5514160,Sparta Area School District,133,1330,66.9,100,79.7,100,100,FALSE
California,642480,Whittier Union High School District,1490,14900,66.8,100,100,100,97.1,FALSE
Illinois,1728200,New Trier Township High School District 203,419,4190,66.8,100,100,100,74.5,FALSE
Illinois,1730330,Ottawa Township High School District 140,187,1870,66.8,100,96.8,100,81.8,FALSE
Kentucky,2101150,Christian County School District,605,6050,66.8,100,97,99.8,75.9,FALSE
Texas,4815750,Crosby Independent School District,289,2890,66.8,97.6,90.3,100,72,FALSE
Alabama,100780,Cleburne County School District,102,1020,66.7,100,93.1,100,68.6,FALSE
Arkansas,508940,Lincoln School District,60,600,66.7,100,85,100,100,FALSE
California,606053,Gonzales Unified School District (9-12),12,120,66.7,66.7,100,100,100,FALSE
Colorado,804620,Hinsdale County School District RE-1,3,30,66.7,100,66.7,100,66.7,TRUE
Colorado,805040,Kit Carson School District R-1,6,60,66.7,100,66.7,83.3,100,FALSE
Colorado,806390,Sanford School District 6J,9,90,66.7,66.7,100,100,100,FALSE
Colorado,807320,Wiley School District RE-13-JT,3,30,66.7,100,66.7,100,100,TRUE
Georgia,1301560,Crisp County School District,159,1590,66.7,100,73.6,99.4,77.4,FALSE
Georgia,1301770,Dodge County School District,108,1080,66.7,89.8,89.8,100,77.8,FALSE
Georgia,1304470,Schley County School District,15,150,66.7,100,80,100,66.7,FALSE
Georgia,1305640,Wheeler County School District,36,360,66.7,86.1,72.2,100,97.2,FALSE
Illinois,1700323,Crescent Iroquois Community Unit School District 249,6,60,66.7,100,100,66.7,100,FALSE
Illinois,1705970,Benton Consolidated High School District 103,105,1050,66.7,100,95.2,100,75.2,FALSE
Illinois,1707770,Bunker Hill Community Unit School District 8,30,300,66.7,100,66.7,90,70,FALSE
Illinois,1710570,Cobden School Unit District 17,15,150,66.7,66.7,66.7,100,100,FALSE
Illinois,1722620,Le Roy Community Unit School District 2,24,240,66.7,100,70.8,100,100,FALSE
Illinois,1723970,Madison Community Unit School District 12,9,90,66.7,100,100,100,100,FALSE
Illinois,1731410,Porta Community Unit School District 202,48,480,66.7,100,72.9,95.8,93.8,FALSE
Illinois,1735370,Sandwich Community Unit School District 430,84,840,66.7,100,95.2,100,100,FALSE
Illinois,1737140,St. Anne Community High School District 302,36,360,66.7,100,80.6,100,100,FALSE
Illinois,1741360,Wayne City Community Unit School District 100,24,240,66.7,100,79.2,100,66.7,FALSE
Indiana,1807770,North Gibson School Corporation,78,780,66.7,100,100,100,66.7,FALSE
Indiana,1808190,Northeastern Wayne Schools,42,420,66.7,100,66.7,100,66.7,FALSE
Iowa,1903850,North Union Community School District,15,150,66.7,100,86.7,100,80,FALSE
Iowa,1904560,Bedford Community School District,30,300,66.7,100,66.7,100,100,FALSE
Iowa,1905970,Cal Community School District,15,150,66.7,100,66.7,100,100,FALSE
Iowa,1927500,West Central Valley Community School District,36,360,66.7,100,91.7,75,91.7,FALSE
Kansas,2004920,Clearwater Unified School District 264,39,390,66.7,100,79.5,97.4,100,FALSE
Kansas,2009000,Lyndon Unified School District 421,12,120,66.7,100,66.7,66.7,100,FALSE
Kansas,2010410,Santa Fe Trail Unified School District 434,33,330,66.7,100,72.7,84.8,100,FALSE
Kansas,2010440,Oxford Unified School District 358,15,150,66.7,100,66.7,100,100,FALSE
Kansas,2011250,Rose Hill Public Schools Unified School District 394,60,600,66.7,100,73.3,100,100,FALSE
Kansas,2011310,Russell County Unified School District 407,36,360,66.7,100,100,100,100,FALSE
Kentucky,2103000,Jenkins Independent School District,6,60,66.7,66.7,66.7,100,100,FALSE
Kentucky,2103690,Lyon County School District,45,450,66.7,100,75.6,100,75.6,FALSE
Kentucky,2104890,Powell County School District,90,900,66.7,87.8,93.3,100,74.4,FALSE
Maine,2306000,Glenburn,9,90,66.7,100,66.7,88.9,100,FALSE
Maine,2307710,Machias,3,30,66.7,100,66.7,66.7,66.7,TRUE
Maine,2314771,Chebeague Island,6,60,66.7,100,100,100,100,FALSE
Massachusetts,2525008,Hoosac Valley School District in Savoy (7-12),6,60,66.7,100,66.7,100,100,FALSE
Massachusetts,2599001,Pioneer Valley School District in Warwick (7-12),3,30,66.7,100,100,66.7,100,TRUE
Michigan,2615750,Genesee School District,6,60,66.7,100,100,100,100,FALSE
Minnesota,2703300,Ashby Public School District,6,60,66.7,100,100,66.7,100,FALSE
Minnesota,2705730,Blackduck Public School District,21,210,66.7,76.2,66.7,76.2,100,FALSE
Minnesota,2706060,Braham Public School District,42,420,66.7,100,100,76.2,100,FALSE
Minnesota,2709360,Climax-Shelly Public Schools,3,30,66.7,100,66.7,100,100,TRUE
Minnesota,2714010,Hill City Public School District,6,60,66.7,100,66.7,100,100,FALSE
Minnesota,2718090,Lewiston-Altura Public School District,36,360,66.7,100,91.7,69.4,94.4,FALSE
Minnesota,2728140,Paynesville Public School District,48,480,66.7,100,100,66.7,100,FALSE
Minnesota,2740830,Underwood Public School District,9,90,66.7,100,100,66.7,100,FALSE
Missouri,2903120,Appleton City R-II School District,15,150,66.7,100,100,100,73.3,FALSE
Missouri,2910380,Crystal City 47 School District,15,150,66.7,100,100,100,66.7,FALSE
Missouri,2914370,Higbee R-VIII School District,6,60,66.7,100,66.7,100,100,FALSE
Missouri,2914400,Lafayette County C-1 School District,39,390,66.7,76.9,87.2,100,94.9,FALSE
Missouri,2918450,Lesterville R-IV School District,3,30,66.7,100,66.7,100,100,TRUE
Missouri,2920160,Marion C. Early R-V School District,9,90,66.7,100,66.7,100,100,FALSE
Missouri,2925650,Puxico R-VIII School District,30,300,66.7,70,66.7,100,100,FALSE
Missouri,2929940,Tarkio R-I School District,12,120,66.7,100,66.7,100,100,FALSE
Missouri,2931620,Wellsville-Middletown R-I School District,18,180,66.7,100,83.3,83.3,100,FALSE
Nebraska,3100116,Freeman Public Schools,15,150,66.7,100,80,73.3,80,FALSE
Nebraska,3100187,Boyd County Schools,6,60,66.7,100,83.3,83.3,100,FALSE
Nebraska,3169840,Dorchester Public Schools,9,90,66.7,100,77.8,88.9,88.9,FALSE
Nebraska,3175390,Pender Public Schools,15,150,66.7,100,80,100,100,FALSE
Nebraska,3175930,Randolph Public Schools,12,120,66.7,100,100,66.7,66.7,FALSE
Nebraska,3177190,Sterling Public Schools,9,90,66.7,100,66.7,100,100,FALSE
Nebraska,3178240,Wakefield Public Schools,12,120,66.7,100,66.7,100,100,FALSE
Nebraska,3178990,Wynot Public Schools,3,30,66.7,100,66.7,100,100,TRUE
New Hampshire,3303360,Grantham School District,3,30,66.7,100,100,100,66.7,TRUE
New Hampshire,3303720,Hill School District,3,30,66.7,100,100,66.7,100,TRUE
New Hampshire,3304560,Madison School District,6,60,66.7,100,100,100,66.7,FALSE
New Hampshire,3306080,Sanborn Regional School District,33,330,66.7,100,97,97,66.7,FALSE
New Hampshire,3306180,Shaker Regional School District,39,390,66.7,100,100,100,82.1,FALSE
New Hampshire,3306870,Warren School District,3,30,66.7,100,66.7,100,100,TRUE
New Jersey,3401230,Bay Head Borough School District,3,30,66.7,100,100,100,66.7,TRUE
New Mexico,3500510,Clayton Public Schools,33,330,66.7,100,66.7,100,100,FALSE
New Mexico,3501470,Lake Arthur Municipal Schools,3,30,66.7,100,66.7,100,100,TRUE
New York,3604350,Belfast Central School District,15,150,66.7,80,86.7,86.7,100,FALSE
New York,3607050,Charlotte Valley Central School District,24,240,66.7,100,100,79.2,100,FALSE
New York,3610170,Eden Central School District,57,570,66.7,100,82.5,100,73.7,FALSE
New York,3618840,McGraw Central School District,6,60,66.7,100,83.3,66.7,100,FALSE
New York,3619920,Morrisville-Eaton Central School District,27,270,66.7,100,81.5,100,70.4,FALSE
New York,3622260,Oxford Academy and Central School District,21,210,66.7,100,90.5,81,100,FALSE
New York,3624840,Rocky Point Union Free School District,123,1230,66.7,100,100,100,74,FALSE
New York,3631500,Willsboro Central School District,3,30,66.7,100,66.7,100,66.7,TRUE
North Dakota,3812990,Minnewaukan Public School District 5,3,30,66.7,100,66.7,100,66.7,TRUE
North Dakota,3814290,North Sargent Public School District 3,6,60,66.7,100,66.7,100,100,FALSE
North Dakota,3816090,Roosevelt Public School District 18,3,30,66.7,66.7,66.7,66.7,100,TRUE
Ohio,3904705,Evergreen Local School District,96,960,66.7,100,94.8,100,69.8,FALSE
Ohio,3904965,Washington-Nile Local School District,42,420,66.7,100,97.6,97.6,95.2,FALSE
Ohio,3904971,New Riegel Local School District,6,60,66.7,100,100,100,66.7,FALSE
Ohio,3904984,Fairless Local School District,87,870,66.7,100,100,100,66.7,FALSE
Oklahoma,4005040,Boswell Public Schools,18,180,66.7,66.7,100,100,66.7,FALSE
Oklahoma,4008010,Cleora Public School,6,60,66.7,100,66.7,100,100,FALSE
Oklahoma,4008310,Coleman Public Schools,3,30,66.7,100,100,100,66.7,TRUE
Oklahoma,4011280,Fairview Public Schools,21,210,66.7,90.5,76.2,90.5,81,FALSE
Oklahoma,4012420,Garber Public Schools,6,60,66.7,100,66.7,100,100,FALSE
Oklahoma,4013260,Grandview Public School,3,30,66.7,100,100,66.7,100,TRUE
Oklahoma,4014890,Holly Creek Public School,3,30,66.7,100,66.7,100,100,TRUE
Oklahoma,4018570,Lukfata Public School,9,90,66.7,100,66.7,100,100,FALSE
Oklahoma,4019800,Merritt Public Schools,18,180,66.7,100,72.2,100,100,FALSE
Oklahoma,4033090,Woodall Public School,15,150,66.7,100,66.7,100,66.7,FALSE
Oregon,4108520,Morrow School District 1,90,900,66.7,100,100,100,68.9,FALSE
Oregon,4109600,Philomath School District 17J,33,330,66.7,100,100,100,75.8,FALSE
Pennsylvania,4204710,California Area School District,24,240,66.7,100,100,100,66.7,FALSE
Pennsylvania,4207830,DuBois Area School District,204,2040,66.7,96.1,100,100,76.5,FALSE
Pennsylvania,4209930,Forest City Regional School District,30,300,66.7,100,80,100,100,FALSE
Pennsylvania,4210710,Gettysburg Area School District,126,1260,66.7,100,100,100,66.7,FALSE
Pennsylvania,4216860,New Hope-Solebury School District,30,300,66.7,100,100,100,90,FALSE
Rhode Island,4400420,Foster-Glocester Regional School District,48,480,66.7,100,100,100,68.8,FALSE
South Dakota,4621420,Bridgewater-Emery School District 30-3,12,120,66.7,100,83.3,75,91.7,FALSE
Tennessee,4701890,Hollow Rock-Bruceton Special School District,21,210,66.7,81,76.2,100,100,FALSE
Tennessee,4703900,South Carroll Special School District,18,180,66.7,100,72.2,100,100,FALSE
Texas,4809540,Bartlett Independent School District,18,180,66.7,72.2,66.7,100,100,FALSE
Texas,4813260,Celeste Independent School District,12,120,66.7,100,75,91.7,100,FALSE
Texas,4813680,Chapel Hill Independent School District,18,180,66.7,100,66.7,100,100,FALSE
Texas,4813710,Charlotte Independent School District,9,90,66.7,66.7,66.7,100,100,FALSE
Texas,4813920,Chilton Independent School District,15,150,66.7,100,66.7,100,100,FALSE
Texas,4822050,Hale Center Independent School District,9,90,66.7,100,66.7,100,100,FALSE
Texas,4822850,Hedley Independent School District,3,30,66.7,100,66.7,100,100,TRUE
Texas,4823820,Huffman Independent School District,114,1140,66.7,100,100,100,96.5,FALSE
Texas,4827210,Leonard Independent School District,33,330,66.7,100,100,97,66.7,FALSE
Texas,4828830,Malta Independent School District,6,60,66.7,100,66.7,100,66.7,FALSE
Texas,4830300,Meridian Independent School District,9,90,66.7,100,66.7,66.7,100,FALSE
Texas,4831410,Morgan Mill Independent School District,6,60,66.7,100,66.7,100,100,FALSE
Texas,4832610,New Summerfield Independent School District,6,60,66.7,66.7,66.7,100,100,FALSE
Texas,4835700,Prairie Lea Independent School District,12,120,66.7,100,66.7,100,100,FALSE
Texas,4836780,Refugio Independent School District,42,420,66.7,66.7,100,100,100,FALSE
Texas,4837110,Riesel Independent School District,33,330,66.7,100,78.8,97,69.7,FALSE
Texas,4839780,Seymour Independent School District,27,270,66.7,100,81.5,100,77.8,FALSE
Texas,4845150,West Rusk County Consolidated Independent School District,54,540,66.7,96.3,85.2,94.4,92.6,FALSE
Vermont,5000418,Twin Valley Unified School District,15,150,66.7,100,66.7,100,66.7,FALSE
Vermont,5003360,Coventry School District,6,60,66.7,83.3,66.7,100,83.3,FALSE
Vermont,5007830,Strafford School District,6,60,66.7,100,66.7,100,66.7,FALSE
Vermont,5008224,Blue Mountain USD 21,9,90,66.7,100,100,66.7,100,FALSE
Washington,5303990,Kettle Falls School District,12,120,66.7,100,100,100,100,FALSE
Washington,5304080,Klickitat School District,3,30,66.7,66.7,100,100,66.7,TRUE
Washington,5305130,Monroe School District,333,3330,66.7,100,100,100,71.2,FALSE
Washington,5306120,Odessa School District,6,60,66.7,100,66.7,100,100,FALSE
Washington,5307320,Richland School District,567,5670,66.7,100,100,100,75.5,FALSE
Washington,5307560,Rosalia School District,3,30,66.7,100,66.7,100,66.7,TRUE
West Virginia,5401350,Summers County School District,39,390,66.7,97.4,71.8,94.9,100,FALSE
Wisconsin,5500330,Tomorrow River School District,15,150,66.7,100,93.3,93.3,73.3,FALSE
Wyoming,5602820,Fremont County School District 21,12,120,66.7,66.7,91.7,100,100,FALSE
Kansas,2008400,Lawrence Unified School District 497,457,4570,66.5,100,100,100,87.7,FALSE
Minnesota,2744160,Worthington Public School District,164,1640,66.5,100,100,98.8,100,FALSE
New York,3603870,Baldwinsville Central School District,203,2030,66.5,100,99,99,86.2,FALSE
Tennessee,4701400,Gibson County School District,194,1940,66.5,99.5,99.5,100,71.6,FALSE
Wisconsin,5502550,Chippewa Falls Area School District,224,2240,66.5,100,82.6,100,88.4,FALSE
Arkansas,503640,Brookland School District,113,1130,66.4,100,81.4,100,66.4,FALSE
Idaho,1600360,Boise City Independent School District 1,1242,12420,66.4,100,100,99.9,92.2,FALSE
Illinois,1706120,Bethalto Consolidated Unit School District 8,128,1280,66.4,100,100,97.7,100,FALSE
Indiana,1803700,Franklin County Community School Corporation,140,1400,66.4,95.7,97.9,100,70.7,FALSE
Louisiana,2201350,Richland Parish School District,152,1520,66.4,86.2,97.4,100,67.8,FALSE
Michigan,2632820,St. Johns Public Schools,140,1400,66.4,100,100,96.4,92.9,FALSE
Kentucky,2101760,Estill County School District,86,860,66.3,73.3,73.3,100,66.3,FALSE
Michigan,2634950,Vicksburg Community Schools,95,950,66.3,100,100,100,72.6,FALSE
Mississippi,2804440,Walthall County School District,92,920,66.3,96.7,100,100,68.5,FALSE
Missouri,2920410,Marshall School District,92,920,66.3,100,94.6,100,100,FALSE
New Hampshire,3304230,Lebanon School District,95,950,66.3,100,94.7,100,66.3,FALSE
New Mexico,3501170,Grants-Cibola County Schools,175,1750,66.3,97.7,99.4,97.7,99.4,FALSE
New Mexico,3502430,Silver City Consolidated Schools,89,890,66.3,100,100,96.6,69.7,FALSE
New York,3624150,Ravena-Coeymans-Selkirk Central School District,92,920,66.3,100,100,93.5,84.8,FALSE
North Carolina,3701620,Gaston County Schools,1621,16210,66.3,100,100,100,78.9,FALSE
Oklahoma,4013560,Guthrie Public Schools,178,1780,66.3,100,97.8,100,74.2,FALSE
Pennsylvania,4209090,Elizabeth Forward School District,92,920,66.3,100,100,100,66.3,FALSE
Pennsylvania,4209990,Fort LeBoeuf School District,83,830,66.3,100,100,100,66.3,FALSE
Tennessee,4701050,Dyer County School District,187,1870,66.3,100,90.4,98.4,76.5,FALSE
Utah,4900660,North Sanpete School District,86,860,66.3,89.5,75.6,100,87.2,FALSE
Wisconsin,5503640,Delavan-Darien School District,92,920,66.3,100,96.7,100,66.3,FALSE
California,612330,Elk Grove Unified School District,2439,24390,66.2,100,100,98.5,85.9,FALSE
Kentucky,2102760,Henry County School District,74,740,66.2,100,82.4,100,81.1,FALSE
Michigan,2620380,Kingsley Area Schools,74,740,66.2,91.9,100,91.9,79.7,FALSE
New York,3609630,East Greenbush Central School District,210,2100,66.2,100,100,100,67.6,FALSE
New York,3622050,Oswego City School District,148,1480,66.2,100,100,100,100,FALSE
Ohio,3904709,Swanton Local School District,65,650,66.2,100,100,100,66.2,FALSE
Pennsylvania,4224570,Upper St. Clair School District,154,1540,66.2,100,100,100,66.2,FALSE
South Carolina,4502970,Marlboro County School District,145,1450,66.2,97.2,98.6,99.3,77.9,FALSE
Tennessee,4704080,Tipton County School District,408,4080,66.2,100,92.6,100,77.9,FALSE
California,602820,Antelope Valley Union Joint High School District,2958,29580,66.1,100,100,95.3,91.7,FALSE
California,605940,Bret Harte Union High School District,59,590,66.1,94.9,100,88.1,94.9,FALSE
California,607530,Carmel Unified School District,62,620,66.1,100,100,100,66.1,FALSE
Louisiana,2201560,St. Landry Parish School District,682,6820,66.1,100,98.7,100,74.9,FALSE
Massachusetts,2508310,Nashoba School District,118,1180,66.1,100,100,100,81.4,FALSE
Minnesota,2700017,Chisago Lakes School District,168,1680,66.1,100,100,89.3,89.3,FALSE
Minnesota,2720670,Milaca Public School District,109,1090,66.1,100,100,71.6,100,FALSE
Colorado,803090,Montezuma-Cortez School District RE-1,106,1060,66,95.3,88.7,100,70.8,FALSE
Illinois,1704680,Aurora East Unit School District 131,470,4700,66,100,100,100,99.4,FALSE
Illinois,1731710,Pikeland Community Unit School District 10,53,530,66,96.2,69.8,69.8,77.4,FALSE
Kentucky,2102280,Graves County School District,241,2410,66,97.1,86.7,100,75.5,FALSE
Maine,2314240,School Administrative District 51,100,1000,66,100,97,100,76,FALSE
Ohio,3904772,New London Local School District,50,500,66,100,82,100,100,FALSE
Ohio,3904844,River Valley Local School District,50,500,66,100,94,100,92,FALSE
South Carolina,4500750,Allendale County School District,47,470,66,78.7,68.1,100,100,FALSE
Tennessee,4703690,Rutherford County School District,1670,16700,66,100,98.8,100,71.7,FALSE
Texas,4835560,Highland Park Independent School District,47,470,66,100,89.4,93.6,76.6,FALSE
Washington,5300810,Camas School District,188,1880,66,100,80.3,100,87.8,FALSE
Wisconsin,5502910,Crandon School District,50,500,66,100,78,100,76,FALSE
Colorado,802400,Bayfield School District 10 JT-R,44,440,65.9,100,100,65.9,100,FALSE
Georgia,1303240,Lanier County School District,88,880,65.9,100,75,100,98.9,FALSE
Georgia,1303690,Mitchell County School District,135,1350,65.9,100,94.8,100,68.9,FALSE
Indiana,1811580,Twin Lakes School Corporation,91,910,65.9,100,100,100,65.9,FALSE
Iowa,1913470,Hampton-Dumont Community School District,44,440,65.9,100,77.3,86.4,100,FALSE
Maine,2314772,Regional School Unit 01,44,440,65.9,90.9,88.6,88.6,72.7,FALSE
New York,3629610,Vestal Central School District,164,1640,65.9,100,100,100,70.1,FALSE
North Carolina,3700840,Edenton-Chowan Schools,91,910,65.9,95.6,100,100,73.6,FALSE
Ohio,3904739,Three Rivers Local School District,129,1290,65.9,100,100,100,84.5,FALSE
Pennsylvania,4205370,Central Columbia School District,82,820,65.9,100,100,100,67.1,FALSE
Vermont,5000397,Lamoille North Modified USD 058B,82,820,65.9,100,80.5,89,91.5,FALSE
Wisconsin,5514430,Stanley-Boyd Area School District,44,440,65.9,95.5,90.9,100,77.3,FALSE
Iowa,1921600,Odebolt Arthur Battle Creek Ida Grove Community School District,38,380,65.8,100,65.8,100,92.1,FALSE
Louisiana,2200150,Avoyelles Parish School District,307,3070,65.8,98,95.8,100,74.3,FALSE
Michigan,2625350,Tahquamenon Area Schools,38,380,65.8,100,100,100,65.8,FALSE
Minnesota,2714070,Hinckley-Finlayson School District,38,380,65.8,100,76.3,68.4,100,FALSE
Ohio,3904576,Bath Local School District,79,790,65.8,100,100,100,70.9,FALSE
Texas,4814370,Cleveland Independent School District,377,3770,65.8,100,79.3,100,90.5,FALSE
Wisconsin,5506180,Arrowhead Union High School District,193,1930,65.8,100,87,100,87.6,FALSE
Wisconsin,5508190,Lodi School District,76,760,65.8,100,96.1,96.1,71.1,FALSE
Arizona,400082,Colorado River Union High School District,312,3120,65.7,99.7,99.7,100,72.4,FALSE
Arizona,403950,Indian Oasis-Baboquivari Unified District,35,350,65.7,65.7,77.1,100,100,FALSE
Illinois,1700092,Georgetown-Ridge Farm Consolidated Unit School District 4,35,350,65.7,100,71.4,100,100,FALSE
Pennsylvania,4212170,Interboro School District,178,1780,65.7,100,100,100,100,FALSE
Rhode Island,4400870,Portsmouth School District,102,1020,65.7,100,100,100,69.6,FALSE
South Carolina,4503916,Bamberg County School District,67,670,65.7,70.1,95.5,100,71.6,FALSE
Tennessee,4700240,Benton County School District,102,1020,65.7,90.2,79.4,99,67.6,FALSE
Washington,5307830,Sequim School District,102,1020,65.7,100,93.1,100,69.6,FALSE
Alabama,102190,Macon County School District,128,1280,65.6,75,96.9,100,68,FALSE
California,612120,El Monte Union High School District,1030,10300,65.6,100,100,100,97.1,FALSE
Illinois,1700115,Henry-Senachwine Consolidated Unit School District 5,32,320,65.6,100,71.9,100,100,FALSE
Illinois,1740320,Villa Grove Community Unit School District 302,32,320,65.6,96.9,81.2,96.9,100,FALSE
Indiana,1800360,Bartholomew County School Corporation,599,5990,65.6,100,100,100,72.1,FALSE
Michigan,2627060,Otsego Public Schools,125,1250,65.6,100,100,100,67.2,FALSE
Missouri,2909780,Clever R-V School District,64,640,65.6,100,89.1,100,70.3,FALSE
Montana,3021450,Powell County High School District,32,320,65.6,100,100,100,65.6,FALSE
Ohio,3904434,Martins Ferry City School District,32,320,65.6,100,100,100,100,FALSE
Ohio,3904555,New Richmond Exempted Village School District,61,610,65.6,100,91.8,100,75.4,FALSE
Ohio,3904563,Versailles Exempted Village School District,32,320,65.6,100,100,100,65.6,FALSE
Pennsylvania,4217310,North Pocono School District,90,900,65.6,97.8,100,100,65.6,FALSE
Pennsylvania,4222350,Southern Lehigh School District,125,1250,65.6,100,100,100,66.4,FALSE
Wisconsin,5512720,Rhinelander School District,122,1220,65.6,100,100,100,86.9,FALSE
Arkansas,512090,Salem School District,29,290,65.5,93.1,100,100,65.5,FALSE
California,608460,Chino Valley Unified School District,1332,13320,65.5,100,100,100,73.3,FALSE
California,626880,Nevada Joint Union High School District,383,3830,65.5,99.7,100,94,67.9,FALSE
Kansas,2005280,Morris County Unified School District 417,29,290,65.5,100,65.5,93.1,100,FALSE
Maine,2313490,Wells-Ogunquit Community School District,87,870,65.5,100,100,92,66.7,FALSE
Michigan,2617250,Gull Lake Community Schools,145,1450,65.5,100,100,100,65.5,FALSE
North Carolina,3701170,Davie County Schools,249,2490,65.5,100,100,100,71.9,FALSE
Oklahoma,4006060,Byng Public Schools,55,550,65.5,98.2,83.6,100,70.9,FALSE
Oklahoma,4006850,Okemah Public Schools,29,290,65.5,69,82.8,100,86.2,FALSE
Pennsylvania,4222260,Southern Columbia Area School District,55,550,65.5,100,100,100,74.5,FALSE
Texas,4824210,Ingram Independent School District,55,550,65.5,100,100,100,100,FALSE
Texas,4845900,Willis Independent School District,359,3590,65.5,100,90,100,67.7,FALSE
Washington,5301260,Chewelah School District,29,290,65.5,100,100,100,100,FALSE
California,634740,San Lorenzo Valley Unified School District,107,1070,65.4,100,100,88.8,76.6,FALSE
Illinois,1729890,Olympia Community Unit School District 16,81,810,65.4,100,76.5,96.3,93.8,FALSE
Iowa,1919860,Mount Ayr Community School District,26,260,65.4,100,65.4,96.2,100,FALSE
Michigan,2612810,Eau Claire Public Schools,26,260,65.4,100,100,65.4,100,FALSE
Michigan,2622970,Marshall Public Schools,185,1850,65.4,100,100,100,83.8,FALSE
Mississippi,2803990,Simpson County School District,205,2050,65.4,89.3,100,100,67.3,FALSE
Missouri,2913560,Hallsville R-IV School District,78,780,65.4,100,100,98.7,73.1,FALSE
Nebraska,3173710,Milford Public Schools,26,260,65.4,100,84.6,96.2,100,FALSE
New York,3622530,Pawling Central School District,52,520,65.4,100,100,100,65.4,FALSE
New York,3630330,Wayne Central School District,81,810,65.4,100,100,98.8,75.3,FALSE
New York,3631320,Whitesboro Central School District,156,1560,65.4,100,100,93.6,85.9,FALSE
North Carolina,3703990,Rockingham County Schools,552,5520,65.4,98.2,100,100,80.8,FALSE
Ohio,3905032,Fairbanks Local School District,107,1070,65.4,100,100,100,65.4,FALSE
Pennsylvania,4225170,Wellsboro Area School District,52,520,65.4,100,100,100,65.4,FALSE
Texas,4808880,Atlanta Independent School District,52,520,65.4,88.5,88.5,100,76.9,FALSE
Texas,4828890,Manor Independent School District,722,7220,65.4,100,94.3,100,83.1,FALSE
Wisconsin,5506300,Southwestern Wisconsin School District,26,260,65.4,100,73.1,100,100,FALSE
Arkansas,508640,Lakeside School District,49,490,65.3,93.9,93.9,93.9,71.4,FALSE
California,601332,Twin Rivers Unified School District,1633,16330,65.3,100,100,100,97.2,FALSE
Georgia,1303210,Lamar County School District,124,1240,65.3,100,87.1,100,74.2,FALSE
Georgia,1303570,McDuffie County School District,118,1180,65.3,100,89.8,100,66.9,FALSE
New Mexico,3500010,Rio Rancho Public Schools,594,5940,65.3,100,97.8,99.8,69.5,FALSE
New York,3631050,Westmoreland Central School District,49,490,65.3,100,100,89.8,81.6,FALSE
Pennsylvania,4203210,Belle Vernon Area School District,124,1240,65.3,100,100,100,66.9,FALSE
Pennsylvania,4208670,East Stroudsburg Area School District,239,2390,65.3,95.4,100,100,69,FALSE
Texas,4820640,Giddings Independent School District,95,950,65.3,100,88.4,100,65.3,FALSE
Texas,4825710,Kirbyville Consolidated Independent School District,49,490,65.3,100,87.8,100,69.4,FALSE
Texas,4827810,Llano Independent School District,95,950,65.3,100,82.1,100,92.6,FALSE
Arizona,400450,Agua Fria Union High School District,1272,12720,65.2,100,100,100,66.7,FALSE
Illinois,1706540,Community High School District 218,905,9050,65.2,100,100,100,97.5,FALSE
Illinois,1712720,Dupo Community Unit School District 196,66,660,65.2,100,75.8,100,78.8,FALSE
Illinois,1723350,Lockport Township High School District 205,480,4800,65.2,100,100,100,85.4,FALSE
Illinois,1726710,Morrison Community Unit School District 6,46,460,65.2,100,82.6,93.5,71.7,FALSE
Illinois,1727290,Mount Pulaski Community Unit District 23,23,230,65.2,100,65.2,100,100,FALSE
Indiana,1804320,Hammond School City,528,5280,65.2,100,100,100,98.9,FALSE
Iowa,1900024,South Central Calhoun Community School District,46,460,65.2,100,89.1,100,67.4,FALSE
Kentucky,2102100,Fulton County School District,23,230,65.2,73.9,73.9,100,100,FALSE
Massachusetts,2507440,Mashpee School District,69,690,65.2,100,84.1,100,73.9,FALSE
Michigan,2623310,McBain Rural Agricultural Schools,46,460,65.2,97.8,100,89.1,76.1,FALSE
Mississippi,2801950,Holly Springs School District,69,690,65.2,68.1,97.1,100,72.5,FALSE
Missouri,2905250,Bloomfield R-XIV School District,23,230,65.2,100,65.2,100,100,FALSE
Missouri,2920430,Marshfield R-I School District,161,1610,65.2,100,84.5,100,74.5,FALSE
Texas,4831260,Montgomery Independent School District,302,3020,65.2,100,89.7,100,69.5,FALSE
Utah,4900300,Garfield School District,23,230,65.2,100,87,100,78.3,FALSE
Vermont,5000392,Otter Valley Unified Union School District 53,46,460,65.2,100,78.3,80.4,93.5,FALSE
Washington,5300001,Enumclaw School District,233,2330,65.2,100,100,100,100,FALSE
West Virginia,5401470,Upshur County School District,141,1410,65.2,81.6,96.5,79.4,71.6,FALSE
Wisconsin,5502100,Cambridge School District,23,230,65.2,100,91.3,100,73.9,FALSE
Wisconsin,5506630,Howard-Suamico School District,221,2210,65.2,100,89.6,99.5,91.9,FALSE
Arkansas,510380,Nashville School District,83,830,65.1,100,100,100,65.1,FALSE
Illinois,1738100,Streator Township High School District 40,106,1060,65.1,100,100,100,100,FALSE
Indiana,1804710,Huntington County Community School Corporation,235,2350,65.1,100,100,100,92.8,FALSE
Kansas,2000003,Wamego Unified School District 320,43,430,65.1,100,83.7,97.7,72.1,FALSE
Minnesota,2725050,Onamia Public School District,43,430,65.1,93,90.7,86,79.1,FALSE
Mississippi,2800360,Aberdeen School District,43,430,65.1,69.8,100,100,65.1,FALSE
Tennessee,4701980,Humphreys County School District,106,1060,65.1,100,94.3,100,88.7,FALSE
Texas,4817610,Dumas Independent School District,209,2090,65.1,100,100,100,99.5,FALSE
Texas,4835010,Pittsburg Independent School District,83,830,65.1,100,100,100,69.9,FALSE
Texas,4836210,Queen City Independent School District,43,430,65.1,76.7,67.4,100,97.7,FALSE
Arizona,407520,Santa Cruz Valley Unified District,143,1430,65,100,90.9,100,97.9,FALSE
California,623080,Lucia Mar Unified School District,477,4770,65,100,100,100,91.6,FALSE
Idaho,1602700,Potlatch School District 285,20,200,65,100,100,100,65,FALSE
Illinois,1726340,Minooka Community High School District 111,323,3230,65,100,86.1,100,92.3,FALSE
Illinois,1739390,Tremont Community Unit School District 702,20,200,65,100,100,85,100,FALSE
Kansas,2005130,Conway Springs Unified School District 356,20,200,65,100,95,100,100,FALSE
Kentucky,2105490,Spencer County School District,137,1370,65,100,83.2,100,73,FALSE
Maine,2314815,Regional School Unit 22,100,1000,65,100,92,97,80,FALSE
Michigan,2621750,Litchfield Community Schools,20,200,65,100,100,100,65,FALSE
Michigan,2632300,South Haven Public Schools,80,800,65,100,100,98.8,72.5,FALSE
Minnesota,2713170,Grand Rapids Public School District,137,1370,65,85.4,100,70.8,76.6,FALSE
Montana,3004980,Townsend K-12 Schools,40,400,65,100,100,100,100,FALSE
New Hampshire,3306600,Tamworth School District,20,200,65,85,100,100,85,FALSE
New York,3609360,Duanesburg Central School District,20,200,65,100,95,100,70,FALSE
North Carolina,3701680,Gates County Schools,40,400,65,100,100,100,77.5,FALSE
Ohio,3904652,Wynford Local School District,80,800,65,100,95,100,80,FALSE
Oregon,4111100,Seaside School District 10,40,400,65,100,100,100,65,FALSE
Pennsylvania,4203510,Bethel Park School District,177,1770,65,100,100,100,70.6,FALSE
Texas,4812460,Caldwell Independent School District,100,1000,65,100,75,100,67,FALSE
Texas,4827510,Lindale Independent School District,117,1170,65,100,86.3,100,68.4,FALSE
Texas,4831290,Moody Independent School District,40,400,65,100,65,100,100,FALSE
Texas,4839750,Seminole Independent School District,243,2430,65,100,99.6,100,69.5,FALSE
Texas,4842810,Tidehaven Independent School District,20,200,65,100,65,100,100,FALSE
Washington,5305190,Morton School District,20,200,65,100,65,100,100,FALSE
Washington,5306150,Okanogan School District,40,400,65,100,100,100,90,FALSE
Wisconsin,5501020,Belmont Community School District,20,200,65,100,65,100,65,FALSE
Iowa,1914880,IKM-Manning Community School District,37,370,64.9,100,97.3,89.2,67.6,FALSE
Iowa,1926790,South Winneshiek Community School District,37,370,64.9,100,94.6,73,75.7,FALSE
Kentucky,2104020,McLean County School District,57,570,64.9,91.2,84.2,100,100,FALSE
Louisiana,2200240,Bogalusa City School District,134,1340,64.9,100,100,100,68.7,FALSE
Minnesota,2733450,St. Charles Public School District,37,370,64.9,100,100,70.3,100,FALSE
New York,3626880,Silver Creek Central School District,37,370,64.9,100,64.9,100,100,FALSE
North Carolina,3704830,Watauga County Schools,151,1510,64.9,98,100,98.7,88.7,FALSE
Ohio,3905069,Lake Local School District,94,940,64.9,100,87.2,100,73.4,FALSE
Oklahoma,4013890,Harrah Public Schools,74,740,64.9,97.3,83.8,100,75.7,FALSE
Texas,4814190,Clarksville Independent School District,57,570,64.9,71.9,100,100,100,FALSE
Texas,4819170,Ferris Independent School District,134,1340,64.9,100,79.9,100,70.1,FALSE
Washington,5300960,Cashmere School District,37,370,64.9,100,100,100,100,FALSE
West Virginia,5400810,McDowell County School District,97,970,64.9,74.2,74.2,78.4,97.9,FALSE
Arizona,400021,Colorado City Unified District,54,540,64.8,100,64.8,100,64.8,FALSE
Arkansas,500009,Corning Public Schools,54,540,64.8,72.2,100,100,100,FALSE
Arkansas,500020,Midland School District,54,540,64.8,100,98.1,100,66.7,FALSE
Arkansas,513380,Valley View School District,108,1080,64.8,100,84.3,100,66.7,FALSE
Florida,1201410,Okeechobee County School District,273,2730,64.8,90.8,100,100,75.5,FALSE
Illinois,1716410,Genoa-Kingston Community Unit School District 424,91,910,64.8,100,100,100,64.8,FALSE
Kentucky,2103150,Knox County School District,182,1820,64.8,91.8,89,99.5,76.4,FALSE
Michigan,2633930,Tri County Area Schools,91,910,64.8,100,100,93.4,73.6,FALSE
New Jersey,3403840,Dennis Township School District,91,910,64.8,100,78,100,89,FALSE
North Carolina,3700330,Beaufort County Schools,227,2270,64.8,98.2,100,100,69.2,FALSE
Tennessee,4747031,Coffee County School District in Manchester,108,1080,64.8,100,100,100,98.1,FALSE
Texas,4846620,Yoakum Independent School District,71,710,64.8,76.1,76.1,98.6,66.2,FALSE
Washington,5301290,Chimacum School District,54,540,64.8,100,100,100,96.3,FALSE
Washington,5308130,Tukwila School District,122,1220,64.8,100,100,100,100,FALSE
West Virginia,5400780,Mason County School District,159,1590,64.8,93.1,83.6,81.1,94.3,FALSE
Arizona,408230,Superior Unified School District,17,170,64.7,100,100,100,64.7,FALSE
Arkansas,513080,Greene County Technical School District,156,1560,64.7,100,78.8,100,64.7,FALSE
Arkansas,513230,Jackson County School District,34,340,64.7,100,100,100,64.7,FALSE
Colorado,806270,Rocky Ford School District R-2,34,340,64.7,97.1,100,97.1,79.4,FALSE
Connecticut,903536,Regional School District 14,51,510,64.7,100,90.2,100,82.4,FALSE
Georgia,1303270,Lee County School District,252,2520,64.7,95.6,94.8,100,71,FALSE
Iowa,1904440,BCLUW Community School District,17,170,64.7,100,82.4,88.2,70.6,FALSE
Iowa,1905190,Boyden-Hull Community School District,34,340,64.7,100,97.1,100,67.6,FALSE
Kansas,2003720,Baldwin City Unified School District 348,68,680,64.7,100,66.2,100,100,FALSE
Kansas,2007320,Hoisington Unified School District 431,34,340,64.7,100,67.6,82.4,100,FALSE
Kansas,2009180,Manhattan-Ogden Unified School District 383,391,3910,64.7,100,79.8,100,89.5,FALSE
Kentucky,2121002,Pulaski County School District for Science Hill ISD,17,170,64.7,100,100,100,64.7,FALSE
Michigan,2606500,Boyne City Public Schools,34,340,64.7,100,100,73.5,67.6,FALSE
Michigan,2608520,Cedar Springs Public Schools,139,1390,64.7,99.3,100,98.6,71.2,FALSE
Minnesota,2703690,Barnum Public School District,34,340,64.7,73.5,100,88.2,100,FALSE
Minnesota,2733900,Staples-Motley School District,85,850,64.7,100,100,83.5,91.8,FALSE
Nebraska,3178940,Wood River Rural Schools,17,170,64.7,100,76.5,76.5,64.7,FALSE
New Jersey,3416590,Upper Pittsgrove Township School District,34,340,64.7,100,88.2,100,82.4,FALSE
Ohio,3904796,Symmes Valley Local School District,17,170,64.7,94.1,94.1,70.6,100,FALSE
Ohio,3904936,Miller City-New Cleveland Local School District,34,340,64.7,100,100,100,64.7,FALSE
Oklahoma,4009720,Denison Public School,17,170,64.7,100,100,88.2,100,FALSE
Oklahoma,4023430,Paoli Public Schools,17,170,64.7,88.2,82.4,100,100,FALSE
South Carolina,4503600,Spartanburg School District 5,485,4850,64.7,100,98.8,100,76.9,FALSE
Tennessee,4700090,Anderson County School District,269,2690,64.7,99.3,96.7,100,77.7,FALSE
Texas,4807680,Albany Independent School District,17,170,64.7,100,64.7,100,64.7,FALSE
Texas,4822920,Hempstead Independent School District,85,850,64.7,89.4,72.9,100,64.7,FALSE
Texas,4840110,Shiner Independent School District,17,170,64.7,100,76.5,94.1,70.6,FALSE
Texas,4841970,Sweeny Independent School District,34,340,64.7,73.5,73.5,100,64.7,FALSE
Michigan,2623130,Mason County Central Schools,48,480,64.6,100,100,89.6,85.4,FALSE
Minnesota,2703150,Annandale Public School District,79,790,64.6,100,97.5,73.4,75.9,FALSE
New Jersey,3410020,Middle Township School District,99,990,64.6,100,75.8,100,64.6,FALSE
New York,3626400,Seaford Union Free School District,79,790,64.6,100,100,100,100,FALSE
California,600062,Oakdale Joint Unified School District,220,2200,64.5,100,100,100,75.5,FALSE
Michigan,2634710,Vassar Public Schools,62,620,64.5,80.6,100,100,93.5,FALSE
Minnesota,2791450,Mesabi East School District,31,310,64.5,100,67.7,93.5,100,FALSE
Montana,3000655,East Helena K-12,62,620,64.5,100,100,100,100,FALSE
New York,3616200,Kendall Central School District,31,310,64.5,100,74.2,100,100,FALSE
New York,3616230,Kenmore-Tonawanda Union Free School District,358,3580,64.5,100,100,100,71.5,FALSE
New York,3624480,Rhinebeck Central School District,31,310,64.5,100,100,100,64.5,FALSE
North Carolina,3700450,Buncombe County Schools,1347,13470,64.5,100,100,100,66.9,FALSE
North Carolina,3701800,Granville County Schools,386,3860,64.5,100,100,100,75.4,FALSE
Pennsylvania,4204080,Brownsville Area School District,62,620,64.5,85.5,100,100,79,FALSE
South Carolina,4502400,Greenwood School District 52,31,310,64.5,100,74.2,100,74.2,FALSE
Tennessee,4703600,Robertson County School District,561,5610,64.5,100,98.4,99.8,80,FALSE
Tennessee,4704350,Warren County School District,290,2900,64.5,97.9,97.6,99.7,74.8,FALSE
Wisconsin,5517190,Wrightstown Community School District,62,620,64.5,100,74.2,100,67.7,FALSE
Georgia,1300720,Calhoun City School District,87,870,64.4,100,66.7,100,72.4,FALSE
Illinois,1722500,Lemont Township High School District 210,180,1800,64.4,100,100,100,66.7,FALSE
Illinois,1730630,Pana Community Unit School District 8,45,450,64.4,100,88.9,100,84.4,FALSE
Michigan,2617220,Grosse Ile Township Schools,59,590,64.4,100,100,100,64.4,FALSE
Michigan,2635550,Wayland Union Schools,118,1180,64.4,100,100,94.1,74.6,FALSE
Minnesota,2700104,West Central Area,45,450,64.4,100,100,66.7,100,FALSE
Missouri,2912300,Fox C-6 School District,486,4860,64.4,100,95.5,100,74.3,FALSE
Ohio,3904785,Fredericktown Local School District,73,730,64.4,100,100,100,72.6,FALSE
Oklahoma,4029610,Tecumseh Public Schools,45,450,64.4,100,80,100,64.4,FALSE
Pennsylvania,4215660,Montgomery Area School District,59,590,64.4,100,100,100,100,FALSE
Tennessee,4702670,Marshall County School District,236,2360,64.4,100,100,100,64.4,FALSE
Texas,4812390,Caddo Mills Independent School District,118,1180,64.4,100,92.4,98.3,67.8,FALSE
Texas,4822890,Hemphill Independent School District,45,450,64.4,100,80,100,68.9,FALSE
Texas,4824780,Jim Ned Consolidated Independent School District,45,450,64.4,100,84.4,95.6,71.1,FALSE
Texas,4846200,Winnsboro Independent School District,87,870,64.4,100,100,100,72.4,FALSE
Wisconsin,5510060,Mukwonago School District,180,1800,64.4,100,80.6,100,85.6,FALSE
Arizona,405320,Morenci Unified District,70,700,64.3,100,64.3,100,64.3,FALSE
Arkansas,502880,Beebe School District,84,840,64.3,100,84.5,100,73.8,FALSE
Connecticut,904260,Sprague School District,14,140,64.3,100,100,100,78.6,FALSE
Illinois,1713410,Edinburg Community Unit School District 4,14,140,64.3,100,64.3,100,100,FALSE
Indiana,1803570,Flat Rock-Hawcreek School Corporation,42,420,64.3,83.3,100,100,81,FALSE
Iowa,1906930,Central Lee Community School District,28,280,64.3,100,96.4,78.6,96.4,FALSE
Iowa,1906960,Central Lyon Community School District,42,420,64.3,100,85.7,100,64.3,FALSE
Iowa,1925200,St. Ansgar Community School District,28,280,64.3,100,82.1,75,71.4,FALSE
Kansas,2003390,Chaparral Schools Unified School District 361,28,280,64.3,100,89.3,82.1,100,FALSE
Kansas,2004260,Burlingame Public School Unified School District 454,14,140,64.3,100,78.6,78.6,100,FALSE
Kansas,2004740,Cherryvale Unified School District 447,28,280,64.3,100,75,100,96.4,FALSE
Kansas,2004890,Clay Center Unified School District 379,56,560,64.3,87.5,94.6,100,100,FALSE
Maine,2314776,Regional School Unit 02,70,700,64.3,100,90,100,67.1,FALSE
Maine,2314788,Regional School Unit 38,42,420,64.3,100,90.5,90.5,85.7,FALSE
Michigan,2615730,Gaylord Community Schools,140,1400,64.3,89.3,100,73.6,88.6,FALSE
Missouri,2900001,Maries County R-II School District,28,280,64.3,92.9,89.3,92.9,100,FALSE
Missouri,2908670,Charleston R-I School District,28,280,64.3,64.3,75,100,100,FALSE
Montana,3013050,Great Falls High School District,557,5570,64.3,100,100,99.6,82,FALSE
Nebraska,3100115,North Bend Central Public Schools,14,140,64.3,100,92.9,100,64.3,FALSE
North Dakota,3806090,Ellendale Public School District 40,14,140,64.3,100,100,64.3,100,FALSE
Ohio,3904613,New Miami Local School District,28,280,64.3,100,78.6,100,100,FALSE
Oklahoma,4006480,Canton Public Schools,14,140,64.3,92.9,64.3,100,64.3,FALSE
Oklahoma,4010200,Drumright Public Schools,28,280,64.3,100,89.3,100,100,FALSE
Oklahoma,4023400,Panola Public Schools,14,140,64.3,100,100,100,78.6,FALSE
Oklahoma,4033602,Fort Cobb-Broxton Schools,14,140,64.3,64.3,71.4,100,100,FALSE
South Dakota,4680438,Platte-Geddes School District 11-5,28,280,64.3,100,100,100,64.3,FALSE
Texas,4814730,Comal Independent School District,1155,11550,64.3,100,98.2,100,69.1,FALSE
Texas,4833360,Odem-Edroy Independent School District,70,700,64.3,100,82.9,100,100,FALSE
Illinois,1724060,Mahomet-Seymour Community Unit School District 3,134,1340,64.2,100,94.8,100,64.9,FALSE
Indiana,1804110,Greenwood Community School Corporation,120,1200,64.2,100,100,100,67.5,FALSE
Mississippi,2801530,Franklin County School District,53,530,64.2,96.2,77.4,100,69.8,FALSE
New York,3625350,Sachem Central School District,595,5950,64.2,100,100,100,79.2,FALSE
Texas,4812750,Canton Independent School District,95,950,64.2,100,91.6,100,66.3,FALSE
Arizona,406070,Payson Unified District,103,1030,64.1,100,100,100,64.1,FALSE
Illinois,1732960,Putnam County Community Unit School District 535,39,390,64.1,100,66.7,97.4,100,FALSE
Louisiana,2200750,Iberville Parish School District,192,1920,64.1,81.2,80.7,100,74,FALSE
Louisiana,2200810,Jefferson Davis Parish School District,270,2700,64.1,100,82.2,100,87.8,FALSE
Michigan,2617970,Hastings Area School District,117,1170,64.1,99.1,100,100,68.4,FALSE
Michigan,2618540,Homer Community Schools,39,390,64.1,100,100,94.9,84.6,FALSE
New York,3600005,Broadalbin-Perth Central School District,64,640,64.1,100,71.9,100,79.7,FALSE
New York,3624900,Rome City School District,248,2480,64.1,100,100,99.2,100,FALSE
New York,3625770,Saratoga Springs City School District,290,2900,64.1,100,100,99.7,77.2,FALSE
North Carolina,3701950,Halifax County Schools,142,1420,64.1,100,100,99.3,71.8,FALSE
Oklahoma,4013500,Grove Public School,39,390,64.1,100,87.2,100,76.9,FALSE
Virginia,5104150,York County Public Schools,448,4480,64.1,100,100,100,64.5,FALSE
Illinois,1719660,Hoopeston Area Community Unit School District 11,25,250,64,80,80,76,100,FALSE
Iowa,1927060,Springville Community School District,25,250,64,100,64,100,100,FALSE
Louisiana,2200900,Lafourche Parish School District,733,7330,64,98.9,97,100,77.4,FALSE
Michigan,2601103,Detroit Public Schools Community District,5181,51810,64,100,100,100,79.2,FALSE
Minnesota,2700024,Warren-Alvarado-Oslo School District,25,250,64,100,68,68,64,FALSE
Minnesota,2713590,Hayfield Public School District,25,250,64,100,100,96,100,FALSE
Minnesota,2721270,Minneota Public School District,25,250,64,100,100,64,80,FALSE
Mississippi,2804530,Wayne County School District,161,1610,64,96.9,95,100,71.4,FALSE
Nebraska,3175570,Plainview Public Schools,25,250,64,100,76,88,88,FALSE
New Jersey,3410500,Monroe Township School District,164,1640,64,100,100,100,71.3,FALSE
New York,3621450,Dalton-Nunda Central School District (Keshequa),25,250,64,100,68,80,100,FALSE
Oklahoma,4014130,Healdton Public Schools,25,250,64,64,72,100,100,FALSE
Oklahoma,4030120,Tonkawa Public Schools,25,250,64,100,68,100,64,FALSE
Arkansas,505760,Elkins School District,36,360,63.9,100,100,100,72.2,FALSE
Connecticut,903720,Regional High School District 07,83,830,63.9,100,97.6,100,66.3,FALSE
Georgia,1301980,Effingham County School District,523,5230,63.9,100,85.1,100,78,FALSE
Iowa,1915210,Greene County Community School District,36,360,63.9,66.7,66.7,100,63.9,FALSE
Kentucky,2103720,Madison County School District,629,6290,63.9,100,99.4,100,64.4,FALSE
New York,3616560,Evans-Brant Central School District (Lake Shore),72,720,63.9,100,100,100,66.7,FALSE
Ohio,3904716,Berkshire Local School District,61,610,63.9,100,100,98.4,67.2,FALSE
South Carolina,4501920,Dillon School District 4,183,1830,63.9,92.9,99.5,100,75.4,FALSE
Texas,4817390,Donna Independent School District,844,8440,63.9,100,88.9,100,80.5,FALSE
Wisconsin,5504080,Edgar School District,36,360,63.9,100,77.8,100,72.2,FALSE
California,614820,Galt Joint Union High School District,235,2350,63.8,98.7,100,100,96.6,FALSE
California,634710,San Lorenzo Unified School District,547,5470,63.8,100,100,100,98.5,FALSE
Massachusetts,2504290,Dover-Sherborn School District,69,690,63.8,100,100,100,65.2,FALSE
Minnesota,2728950,Pine Island Public School District,47,470,63.8,100,97.9,66,100,FALSE
New York,3623490,Port Jefferson Union Free School District,47,470,63.8,100,100,100,72.3,FALSE
Ohio,3904678,Edison Local (formerly Berlin-Milan) School District,69,690,63.8,100,78.3,100,78.3,FALSE
Pennsylvania,4223550,Towanda Area School District,69,690,63.8,100,100,100,100,FALSE
Tennessee,4704470,Weakley County School District,177,1770,63.8,93.8,97.7,96.6,74,FALSE
Colorado,805790,Montrose County School District RE-1J,237,2370,63.7,98.7,76.8,99.6,66.2,FALSE
Kentucky,2103780,Marion County School District,157,1570,63.7,100,92.4,100,68.2,FALSE
New Mexico,3501680,Los Lunas Public Schools,361,3610,63.7,99.2,95.3,100,67.3,FALSE
Pennsylvania,4217850,Northwestern Lehigh School District,91,910,63.7,100,100,100,63.7,FALSE
California,608970,Cloverdale Unified School District,33,330,63.6,100,100,100,100,FALSE
Connecticut,901680,Granby School District,99,990,63.6,100,100,100,75.8,FALSE
Idaho,1600002,Lake Pend Oreille School District 84,162,1620,63.6,100,100,98.8,64.8,FALSE
Illinois,1714100,Elmwood Park Community Unit School District 401,110,1100,63.6,100,100,100,100,FALSE
Illinois,1715880,Serena CUSD 2,22,220,63.6,100,90.9,100,72.7,FALSE
Minnesota,2707470,Canby Public School District,22,220,63.6,86.4,100,72.7,77.3,FALSE
Minnesota,2709480,Greenway Public School District,33,330,63.6,84.8,84.8,66.7,97,FALSE
Mississippi,2804650,West Tallahatchie School,33,330,63.6,100,100,100,63.6,FALSE
Missouri,2911160,East Lynne 40 School District,11,110,63.6,100,63.6,100,100,FALSE
Missouri,2923670,Pattonsburg R-II School District,11,110,63.6,100,63.6,100,100,FALSE
Missouri,2929880,Sweet Springs R-VII School District,22,220,63.6,100,63.6,100,100,FALSE
Missouri,2931110,Washington School District,258,2580,63.6,100,100,100,74,FALSE
Nebraska,3173600,Medicine Valley Public Schools,11,110,63.6,100,63.6,81.8,100,FALSE
New York,3605340,Briarcliff Manor Union Free School District,33,330,63.6,100,100,100,66.7,FALSE
New York,3619170,Mexico Central School District,66,660,63.6,100,80.3,90.9,100,FALSE
Ohio,3904624,Tecumseh Local School District,99,990,63.6,94.9,100,100,83.8,FALSE
Ohio,3904825,Jefferson Local School District,44,440,63.6,100,100,100,63.6,FALSE
Ohio,3904961,Green Local School District,11,110,63.6,100,63.6,100,100,FALSE
Oklahoma,4000015,Thomas-Fay-Custer Unified Schools,22,220,63.6,100,63.6,100,100,FALSE
Oklahoma,4014850,Hollis Public Schools,11,110,63.6,90.9,81.8,100,100,FALSE
Oklahoma,4018780,Mangum Public Schools,22,220,63.6,100,81.8,100,63.6,FALSE
Oklahoma,4030048,Woodland Public Schools,11,110,63.6,100,90.9,90.9,63.6,FALSE
Oklahoma,4032670,Whitebead Public School,11,110,63.6,100,63.6,90.9,81.8,FALSE
Oregon,4112320,Tillamook School District 9,66,660,63.6,100,100,100,100,FALSE
Pennsylvania,4212480,Jersey Shore Area School District,88,880,63.6,100,100,100,63.6,FALSE
Pennsylvania,4218240,Otto-Eldred School District,11,110,63.6,72.7,72.7,90.9,72.7,FALSE
Texas,4819050,Fannindel Independent School District,11,110,63.6,100,63.6,100,100,FALSE
Texas,4839870,Shallowater Independent School District,11,110,63.6,100,63.6,100,72.7,FALSE
Texas,4842690,Three Rivers Independent School District,22,220,63.6,63.6,63.6,100,63.6,FALSE
Texas,4846170,Wink-Loving Independent School District,11,110,63.6,100,63.6,100,100,FALSE
Vermont,5008225,Twinfield USD 33,11,110,63.6,100,72.7,72.7,81.8,FALSE
West Virginia,5401650,Wyoming County School District,99,990,63.6,76.8,75.8,94.9,94.9,FALSE
California,619490,Kerman Unified School District,181,1810,63.5,100,100,100,100,FALSE
Florida,1200840,Highlands County School District,477,4770,63.5,99,94.8,99.8,67.7,FALSE
Illinois,1700002,Casey-Westfield Community Unit School District 4C,52,520,63.5,100,63.5,100,100,FALSE
Illinois,1735010,Roxana Community Unit School District 1,85,850,63.5,100,88.2,100,96.5,FALSE
Indiana,1800420,Baugo Community Schools,52,520,63.5,100,100,100,76.9,FALSE
Iowa,1924000,Red Oak Community School District,52,520,63.5,100,100,100,100,FALSE
Mississippi,2802310,Kemper County School District,63,630,63.5,100,98.4,100,79.4,FALSE
North Carolina,3700030,Alamance-Burlington Schools,1248,12480,63.5,99.5,100,100,70.8,FALSE
Pennsylvania,4213590,Lewisburg Area School District,63,630,63.5,100,100,100,93.7,FALSE
Arizona,406810,Queen Creek Unified District,588,5880,63.4,100,96.4,100,79.4,FALSE
Florida,1201800,Sumter County School District,292,2920,63.4,99,91.4,100,67.8,FALSE
Georgia,1301470,Cook County School District,153,1530,63.4,100,86.3,100,66,FALSE
Michigan,2601920,Addison Community Schools,41,410,63.4,95.1,100,100,82.9,FALSE
Mississippi,2800189,Starkville Oktibbeha Consolidated School District,284,2840,63.4,84.9,95.4,100,65.1,FALSE
Missouri,2927900,Seneca R-VII School District,82,820,63.4,100,82.9,90.2,93.9,FALSE
New Jersey,3401170,Barrington Borough School District,41,410,63.4,100,100,100,75.6,FALSE
Oklahoma,4032370,Western Heights Public Schools,224,2240,63.4,100,100,100,85.3,FALSE
Texas,4823280,Hillsboro Independent School District,112,1120,63.4,100,91.1,100,100,FALSE
Texas,4831860,Muenster Independent School District,41,410,63.4,100,82.9,100,63.4,FALSE
Utah,4900420,Jordan School District,2801,28010,63.4,100,94,100,75.1,FALSE
Wisconsin,5505820,Green Bay Area School District,961,9610,63.4,100,98.9,100,100,FALSE
Alabama,101110,Dallas County School District,150,1500,63.3,100,99.3,100,88.7,FALSE
Arkansas,513680,Waldron School District,60,600,63.3,100,100,100,71.7,FALSE
Iowa,1924960,Rudd-Rockford-Marble Rock Community School District,30,300,63.3,100,86.7,96.7,96.7,FALSE
Kentucky,2100870,Calloway County School District,150,1500,63.3,100,89.3,100,65.3,FALSE
Missouri,2929760,Sullivan C-2 School District,60,600,63.3,100,81.7,100,63.3,FALSE
North Carolina,3700390,Bladen County Schools,180,1800,63.3,87.8,100,99.4,73.3,FALSE
North Carolina,3702940,McDowell County Schools,196,1960,63.3,97.4,100,100,79.1,FALSE
Oklahoma,4032280,Wellston Public Schools,30,300,63.3,100,73.3,90,80,FALSE
Pennsylvania,4213380,Laurel School District,30,300,63.3,100,100,100,63.3,FALSE
Virginia,5101920,Henry County Public Schools,297,2970,63.3,100,89.9,100,79.1,FALSE
Washington,5305400,Mount Vernon School District,286,2860,63.3,100,100,100,80.4,FALSE
West Virginia,5400690,Logan County School District,199,1990,63.3,89.9,87.9,98.5,100,FALSE
Arizona,406580,Blue Ridge Unified District,38,380,63.2,81.6,81.6,100,63.2,FALSE
Colorado,802190,Archuleta County School District 50-JT,57,570,63.2,93,100,98.2,77.2,FALSE
Illinois,1724390,Manteno Community Unit School District 5,68,680,63.2,100,75,100,66.2,FALSE
Iowa,1908940,Denver Community School District,19,190,63.2,100,78.9,100,68.4,FALSE
Kansas,2011550,Sedgwick Public Schools Unified School District 439,19,190,63.2,100,84.2,100,100,FALSE
Minnesota,2700162,Lake Park Audubon School District,19,190,63.2,100,100,63.2,100,FALSE
Minnesota,2706300,Browerville Public School District,19,190,63.2,100,100,63.2,100,FALSE
Minnesota,2732070,Rockford Public School District,76,760,63.2,100,100,80.3,69.7,FALSE
Minnesota,2733540,St. Francis Area Schools,250,2500,63.2,100,96.8,91.2,82.4,FALSE
Missouri,2917850,Lamar R-I School District,38,380,63.2,100,100,100,65.8,FALSE
New Hampshire,3305040,New Boston School District,19,190,63.2,100,78.9,100,94.7,FALSE
New York,3607530,Churchville-Chili Central School District,185,1850,63.2,100,100,100,69.7,FALSE
New York,3614460,Hilton Central School District,163,1630,63.2,100,95.1,100,76.1,FALSE
Oregon,4113350,Willamina School District 30J,38,380,63.2,92.1,100,100,81.6,FALSE
Pennsylvania,4218150,Oley Valley School District,68,680,63.2,100,100,100,66.2,FALSE
South Carolina,4502280,Georgetown County School District,307,3070,63.2,94.1,89.3,97.4,70.7,FALSE
Texas,4810590,Blue Ridge Independent School District,38,380,63.2,100,81.6,100,63.2,FALSE
Texas,4812990,Carrizo Springs Consolidated Independent School District,76,760,63.2,76.3,100,100,64.5,FALSE
Virginia,5101770,Halifax County Public Schools,201,2010,63.2,94,91.5,100,99.5,FALSE
Indiana,1806900,Mitchell Community Schools,103,1030,63.1,100,100,100,99,FALSE
Kentucky,2102540,Harlan County School District,195,1950,63.1,81.5,86.7,100,93.3,FALSE
Michigan,2606960,Bronson Community School District,65,650,63.1,100,100,96.9,100,FALSE
North Carolina,3702160,Hertford County Schools,111,1110,63.1,93.7,100,97.3,72.1,FALSE
Oregon,4100020,North Santiam School District 29J,122,1220,63.1,100,100,98.4,100,FALSE
Utah,4900570,Morgan School District,103,1030,63.1,100,89.3,73.8,100,FALSE
Iowa,1900006,North Fayette Valley Community School District,46,460,63,100,91.3,80.4,78.3,FALSE
Iowa,1931020,West Lyon Community School District,46,460,63,100,95.7,93.5,65.2,FALSE
Minnesota,2700382,Brandon-Evansville Public Schools,27,270,63,96.3,96.3,63,100,FALSE
Mississippi,2804710,Wilkinson County School District,46,460,63,82.6,87,100,63,FALSE
Missouri,2922800,North Kansas City 74 School District,1077,10770,63,100,100,100,80.7,FALSE
New York,3618180,Malone Central School District,135,1350,63,100,100,97,80.7,FALSE
Ohio,3904859,Fort Recovery Local School District,27,270,63,100,63,100,100,FALSE
Oregon,4111580,South Lane School District 45J,92,920,63,100,100,100,72.8,FALSE
South Dakota,4660450,Redfield School District 56-4,27,270,63,81.5,81.5,63,100,FALSE
Arkansas,503710,Buffalo Island Central School District,35,350,62.9,94.3,97.1,100,68.6,FALSE
California,607020,Calistoga Joint Unified School District,35,350,62.9,100,100,100,100,FALSE
Michigan,2632610,Springport Public Schools,35,350,62.9,85.7,100,94.3,65.7,FALSE
Minnesota,2702910,Walker-Hackensack-Akeley School District,35,350,62.9,100,100,65.7,65.7,FALSE
Ohio,3904771,Monroeville Local School District,35,350,62.9,100,85.7,100,71.4,FALSE
Illinois,1707950,Bushnell-Prairie City Community Unit School District 170,43,430,62.8,100,62.8,100,100,FALSE
Iowa,1915330,Jesup Community School District,43,430,62.8,100,65.1,97.7,100,FALSE
Minnesota,2700109,Long Prairie-Grey Eagle School District,86,860,62.8,100,100,80.2,100,FALSE
Ohio,3904983,Canton Local School District,78,780,62.8,100,100,100,73.1,FALSE
Pennsylvania,4213020,Lake-Lehman School District,78,780,62.8,100,100,100,64.1,FALSE
Texas,4842300,Teague Independent School District,78,780,62.8,100,73.1,100,73.1,FALSE
Washington,5300003,Kelso School District,199,1990,62.8,100,100,100,76.9,FALSE
Georgia,1303120,Johnson County School District,67,670,62.7,91,100,100,95.5,FALSE
Illinois,1743330,Woodstock Community Unit School District 200,276,2760,62.7,100,80.8,100,96.4,FALSE
Kansas,2009960,Newton Unified School District 373,118,1180,62.7,100,88.1,100,100,FALSE
Michigan,2621180,Lapeer Community Schools,228,2280,62.7,97.4,100,98.7,69.7,FALSE
Missouri,2906990,Camdenton R-III School District,142,1420,62.7,100,97.2,100,62.7,FALSE
North Carolina,3704620,Union County Public Schools,1542,15420,62.7,100,100,100,78.1,FALSE
Ohio,3904937,Ottawa-Glandorf Local School District,67,670,62.7,100,100,100,62.7,FALSE
Texas,4829400,Mathis Independent School District,51,510,62.7,68.6,80.4,100,100,FALSE
Virginia,5103690,Staunton City Public Schools,201,2010,62.7,100,93,100,94,FALSE
Wisconsin,5506000,Whitnall School District,134,1340,62.7,100,100,100,100,FALSE
Wisconsin,5515360,Viroqua Area School District,59,590,62.7,100,81.4,100,62.7,FALSE
Illinois,1731770,Plano Community Unit School District 88,131,1310,62.6,100,85.5,100,81.7,FALSE
New Hampshire,3302480,Contoocook Valley School District,115,1150,62.6,100,84.3,99.1,80.9,FALSE
New York,3613620,Harborfields Central School District,115,1150,62.6,100,100,100,67,FALSE
Texas,4843920,Van Independent School District,99,990,62.6,96,100,100,66.7,FALSE
Utah,4901050,Tooele School District,652,6520,62.6,100,98.2,96.3,90.8,FALSE
Wisconsin,5506030,Hamilton School District,187,1870,62.6,100,87.2,100,82.9,FALSE
Alabama,100510,Butler County School District,120,1200,62.5,82.5,97.5,100,69.2,FALSE
Alabama,103030,Shelby County School District,997,9970,62.5,99.6,99.3,99.6,65.2,FALSE
Arkansas,502730,Barton-Lexa School District,8,80,62.5,75,100,100,75,FALSE
Arkansas,504860,Cutter-Morning Star School District,16,160,62.5,100,100,100,62.5,FALSE
Colorado,807080,Huerfano School District RE-1,48,480,62.5,100,97.9,100,100,FALSE
Florida,1201620,Putnam County School District,435,4350,62.5,99.5,96.3,99.5,68,FALSE
Illinois,1708160,Cambridge Community Unit School District 227,16,160,62.5,100,62.5,100,100,FALSE
Illinois,1722300,Lebanon Community Unit School District 9,8,80,62.5,100,75,100,62.5,FALSE
Illinois,1732090,Potomac Community Unit School District 10,8,80,62.5,100,75,75,100,FALSE
Iowa,1913290,Grundy Center Community School District,24,240,62.5,79.2,100,100,62.5,FALSE
Iowa,1913440,Hamburg Community School District,8,80,62.5,62.5,62.5,100,100,FALSE
Iowa,1916440,Lawton-Bronson Community School District,16,160,62.5,100,81.2,75,100,FALSE
Maine,2305280,East Millinocket,8,80,62.5,62.5,75,100,100,FALSE
Maine,2314794,Regional School Unit 39,32,320,62.5,100,75,65.6,100,FALSE
Massachusetts,2525007,Mohawk Trail School District in Rowe (7-12),8,80,62.5,100,62.5,100,100,FALSE
Michigan,2606990,Columbia School District,64,640,62.5,100,100,96.9,64.1,FALSE
Michigan,2615060,Freeland Community School District,80,800,62.5,100,100,90,66.2,FALSE
Minnesota,2714040,Hills-Beaver Creek School District,16,160,62.5,100,93.8,68.8,100,FALSE
Minnesota,2718390,Lynd Public School District,8,80,62.5,100,75,62.5,100,FALSE
Minnesota,2723550,Marshall County Central Schools,16,160,62.5,68.8,100,62.5,100,FALSE
Minnesota,2744190,Wrenshall Public School District,8,80,62.5,100,75,62.5,100,FALSE
Missouri,2925210,Plato R-V School District,16,160,62.5,100,68.8,93.8,100,FALSE
Missouri,2929340,Stanberry R-II School District,24,240,62.5,62.5,100,100,100,FALSE
Nebraska,3100004,Laurel-Concord-Coleridge School,16,160,62.5,100,75,62.5,75,FALSE
Nebraska,3102880,Allen Consolidated Schools,8,80,62.5,100,87.5,62.5,100,FALSE
Nebraska,3175330,Pawnee City Public Schools,16,160,62.5,100,68.8,100,68.8,FALSE
Nebraska,3175770,Ponca Public Schools,16,160,62.5,100,100,62.5,100,FALSE
Nebraska,3178840,Winside Public Schools,8,80,62.5,100,62.5,75,62.5,FALSE
New Hampshire,3302400,Colebrook School District,8,80,62.5,87.5,87.5,100,62.5,FALSE
New Jersey,3400810,Alloway Township School District,8,80,62.5,100,62.5,100,100,FALSE
New Jersey,3400900,Andover Regional School District,24,240,62.5,100,100,100,79.2,FALSE
New Jersey,3414520,Saddle River Borough School District,8,80,62.5,100,100,100,62.5,FALSE
New York,3617130,Letchworth Central School District,24,240,62.5,100,70.8,91.7,100,FALSE
New York,3630420,Weedsport Central School District,32,320,62.5,100,78.1,100,100,FALSE
Ohio,3904643,Crestview Local School District,64,640,62.5,100,100,100,68.8,FALSE
Ohio,3904670,Ayersville Local School District,16,160,62.5,100,100,100,62.5,FALSE
Ohio,3904707,Pettisville Local School District,8,80,62.5,100,100,100,62.5,FALSE
Ohio,3904817,Midview Local School District,80,800,62.5,100,90,100,65,FALSE
Oklahoma,4002760,Allen Public Schools,16,160,62.5,75,75,100,100,FALSE
Oklahoma,4003210,Arkoma Public Schools,8,80,62.5,100,100,100,62.5,FALSE
Oklahoma,4004650,Blair Public Schools,8,80,62.5,100,87.5,100,62.5,FALSE
Oklahoma,4005010,Boone-Apache Public Schools,16,160,62.5,100,87.5,100,62.5,FALSE
Oklahoma,4007140,Central Public Schools,8,80,62.5,100,75,87.5,100,FALSE
Oklahoma,4008130,Coalgate Public Schools,32,320,62.5,75,81.2,96.9,75,FALSE
Oklahoma,4014730,Hodgen Public School,8,80,62.5,100,62.5,100,100,FALSE
South Carolina,4502790,Lexington School District 4,120,1200,62.5,100,89.2,100,63.3,FALSE
Tennessee,4702310,Lauderdale County School District,192,1920,62.5,100,99,98.4,88.5,FALSE
Texas,4811250,Bremond Independent School District,8,80,62.5,100,62.5,100,100,FALSE
Texas,4813890,Chillicothe Independent School District,8,80,62.5,62.5,62.5,100,100,FALSE
Texas,4814670,Columbia-Brazoria Independent School District,120,1200,62.5,98.3,98.3,100,63.3,FALSE
Texas,4816950,Devine Independent School District,40,400,62.5,80,80,100,62.5,FALSE
Texas,4824180,Ingleside Independent School District,48,480,62.5,100,79.2,100,95.8,FALSE
Texas,4830000,Meadow Independent School District,8,80,62.5,87.5,62.5,100,100,FALSE
Texas,4830180,Memphis Independent School District,16,160,62.5,93.8,93.8,100,100,FALSE
Texas,4835250,Point Isabel Independent School District,88,880,62.5,100,77.3,100,98.9,FALSE
Texas,4843110,Trent Independent School District,16,160,62.5,100,62.5,100,100,FALSE
Vermont,5007260,Sharon School District,8,80,62.5,100,62.5,100,75,FALSE
Washington,5303130,Grand Coulee Dam School District,16,160,62.5,100,62.5,100,87.5,FALSE
Wisconsin,5516680,Whitewater School District,96,960,62.5,97.9,100,100,67.7,FALSE
New York,3620880,Niskayuna Central School District,189,1890,62.4,100,100,100,84.7,FALSE
Tennessee,4704020,Sumner County School District,1410,14100,62.4,100,99.1,100,65,FALSE
Washington,5309180,University Place School District,194,1940,62.4,100,100,100,69.6,FALSE
California,612070,El Dorado Union High School District,809,8090,62.3,98.9,100,99.8,72.1,FALSE
Kansas,2006180,Fort Scott Unified School District 234,61,610,62.3,100,100,100,100,FALSE
Massachusetts,2502430,Belchertown School District,114,1140,62.3,100,92.1,98.2,73.7,FALSE
Wisconsin,5502670,Clintonville School District,61,610,62.3,100,73.8,100,90.2,FALSE
Wisconsin,5514940,Tomahawk School District,61,610,62.3,100,65.6,98.4,75.4,FALSE
Arizona,402320,Coolidge Unified District,172,1720,62.2,100,100,100,62.8,FALSE
California,627590,North Monterey County Unified School District,222,2220,62.2,100,100,100,100,FALSE
California,635830,Santa Rosa High School District,1271,12710,62.2,100,100,100,87.5,FALSE
Maryland,2400600,St. Marys County Public Schools,870,8700,62.2,100,97.2,96.3,79.1,FALSE
Missouri,2931070,Warsaw R-IX School District,37,370,62.2,100,94.6,100,67.6,FALSE
Ohio,3904681,Perkins Local School District,82,820,62.2,100,84.1,100,62.2,FALSE
Pennsylvania,4221870,Souderton Area School District,296,2960,62.2,100,100,100,63.9,FALSE
Texas,4817040,Diboll Independent School District,74,740,62.2,100,95.9,100,62.2,FALSE
Wisconsin,5503270,Deerfield Community School District,45,450,62.2,100,82.2,100,62.2,FALSE
Wisconsin,5513410,Sauk Prairie School District,98,980,62.2,100,82.7,100,100,FALSE
Illinois,1739120,Tolono Community Unit School District 7,66,660,62.1,100,95.5,100,62.1,FALSE
Iowa,1903750,Aplington-Parkersburg Community School District,29,290,62.1,100,86.2,79.3,75.9,FALSE
Louisiana,2201440,St. Charles Parish School District,311,3110,62.1,97.7,99.4,100,73.6,FALSE
Michigan,2611140,Croswell-Lexington Community School District,58,580,62.1,100,100,67.2,72.4,FALSE
Missouri,2903150,Arcadia Valley R-II School District,29,290,62.1,100,62.1,100,100,FALSE
Tennessee,4700001,Hamblen County School District,515,5150,62.1,100,95.7,100,70.5,FALSE
Louisiana,2201500,St. James Parish School District,121,1210,62,94.2,80.2,100,90.9,FALSE
Michigan,2620940,Lakeville Community Schools,71,710,62,100,100,97.2,64.8,FALSE
Missouri,2925230,Platte County R-III School District,245,2450,62,100,100,100,67.8,FALSE
South Carolina,4503570,Spartanburg School District 4,129,1290,62,100,79.8,100,64.3,FALSE
Texas,4821060,Gonzales Independent School District,100,1000,62,100,88,100,63,FALSE
Texas,4828650,Lytle Independent School District,50,500,62,82,72,100,74,FALSE
Texas,4839540,Schulenburg Independent School District,50,500,62,100,100,100,100,FALSE
California,629270,Oxnard Union High School District,2347,23470,61.9,100,100,100,91,FALSE
California,642540,Williams Unified School District,63,630,61.9,100,100,61.9,100,FALSE
Indiana,1802430,Covington Community School Corporation,42,420,61.9,100,61.9,100,100,FALSE
Iowa,1912810,Graettinger-Terril Community School District,21,210,61.9,100,81,100,81,FALSE
Michigan,2616380,Grand Haven Area Public Schools,247,2470,61.9,100,100,98.4,68.4,FALSE
Missouri,2911940,Mid-Buchanan County R-V School District,21,210,61.9,100,71.4,71.4,100,FALSE
Nebraska,3100090,Bayard Public Schools,21,210,61.9,100,66.7,100,100,FALSE
New York,3606090,Byron-Bergen Central School District,42,420,61.9,100,81,100,83.3,FALSE
Oregon,4109510,Pendleton School District 16,181,1810,61.9,98.3,100,100,66.9,FALSE
Pennsylvania,4205490,Central York School District,260,2600,61.9,100,100,100,65.8,FALSE
South Dakota,4644940,Tri-Valley School District 49-6,42,420,61.9,100,100,95.2,66.7,FALSE
Wisconsin,5509900,Monticello School District,21,210,61.9,100,100,100,61.9,FALSE
Arkansas,512450,Siloam Springs Schools,199,1990,61.8,100,100,100,100,FALSE
California,637260,Sonora Union High School District,170,1700,61.8,100,100,94.7,85.3,FALSE
Georgia,1300990,Charlton County School District,68,680,61.8,97.1,86.8,100,66.2,FALSE
Iowa,1910950,Emmetsburg Community School District,34,340,61.8,100,85.3,82.4,64.7,FALSE
Michigan,2602730,Alpena Public Schools,157,1570,61.8,79.6,100,97.5,75.8,FALSE
Minnesota,2723520,New York Mills Public School District,34,340,61.8,100,100,70.6,88.2,FALSE
Missouri,2910290,Crane R-III School District,34,340,61.8,100,100,85.3,100,FALSE
Missouri,2922890,Northwest R-I School District,272,2720,61.8,100,97.8,100,65.1,FALSE
North Carolina,3701500,Forsyth County Schools,2698,26980,61.8,100,100,100,72.6,FALSE
Ohio,3904759,Patrick Henry Local School District,34,340,61.8,100,100,100,61.8,FALSE
Pennsylvania,4216230,Muncy School District,55,550,61.8,100,100,100,61.8,FALSE
South Carolina,4503060,Oconee County School District,435,4350,61.8,100,90.3,100,66.4,FALSE
South Dakota,4631710,West Central School District 49-7,76,760,61.8,100,100,96.1,65.8,FALSE
Virginia,5104020,Williamsburg City Public Schools,34,340,61.8,100,100,100,61.8,FALSE
Arizona,409630,Yuma Union High School District,1673,16730,61.7,99.7,100,100,81.6,FALSE
California,606780,Cabrillo Unified School District,128,1280,61.7,100,100,100,72.7,FALSE
Indiana,1806030,Logansport Community School Corporation,154,1540,61.7,100,100,100,90.9,FALSE
Louisiana,2201680,Tangipahoa Parish School District,1065,10650,61.7,96.8,96.2,100,68.4,FALSE
Michigan,2613500,Escanaba Area Public Schools,107,1070,61.7,100,100,99.1,62.6,FALSE
Michigan,2629120,Portland Public School District,94,940,61.7,100,100,94.7,67,FALSE
Minnesota,2723400,New London-Spicer School District,60,600,61.7,91.7,100,75,83.3,FALSE
Missouri,2916740,Kirksville R-III School District,128,1280,61.7,100,81.2,100,81.2,FALSE
Oklahoma,4008370,Collinsville Public Schools,133,1330,61.7,100,83.5,100,68.4,FALSE
Pennsylvania,4221420,Sharpsville Area School District,47,470,61.7,100,100,100,83,FALSE
Virginia,5100036,James City County Public Schools,491,4910,61.7,94.5,100,100,64.6,FALSE
West Virginia,5401260,Randolph County School District,149,1490,61.7,98,94,89.9,66.4,FALSE
Wisconsin,5506540,Holmen School District,149,1490,61.7,100,84.6,98.7,73.8,FALSE
Alabama,103240,Tallassee City School District,73,730,61.6,94.5,90.4,100,75.3,FALSE
California,632070,Redlands Unified School District,943,9430,61.6,100,100,100,71.4,FALSE
Louisiana,2200990,Lincoln Parish School District,279,2790,61.6,95.3,97.8,100,65.6,FALSE
Michigan,2623040,Marysville Public Schools,73,730,61.6,100,100,94.5,100,FALSE
Michigan,2629670,Richmond Community Schools,86,860,61.6,100,100,100,70.9,FALSE
Rhode Island,4400065,Bristol-Warren Regional School District,125,1250,61.6,100,100,100,64.8,FALSE
Texas,4807780,Aledo Independent School District,323,3230,61.6,100,94.1,100,61.6,FALSE
Texas,4817580,Dublin Independent School District,86,860,61.6,100,100,100,62.8,FALSE
Wisconsin,5516290,West Bend School District,307,3070,61.6,100,80.8,100,88.9,FALSE
Colorado,803210,Crowley County School District RE-1-J,13,130,61.5,100,100,100,61.5,FALSE
Colorado,806870,Telluride School District R-1,13,130,61.5,100,100,92.3,61.5,FALSE
Illinois,1700041,Gibson City-Melvin-Sibley Community Unit School District 5,26,260,61.5,100,73.1,65.4,100,FALSE
Illinois,1727390,Mount Zion Community Unit School District 3,78,780,61.5,100,98.7,100,71.8,FALSE
Illinois,1731290,Peotone Community Unit School District 207U,26,260,61.5,100,61.5,100,69.2,FALSE
Illinois,1742790,Winnebago Community Unit School District 323,52,520,61.5,100,76.9,100,100,FALSE
Indiana,1800150,Anderson Community School Corporation,551,5510,61.5,100,95.8,100,72.4,FALSE
Indiana,1803270,Elkhart Community Schools,689,6890,61.5,100,100,100,73.1,FALSE
Maine,2307530,Lisbon,65,650,61.5,100,84.6,93.8,100,FALSE
Michigan,2607410,Burr Oak Community School District,13,130,61.5,100,100,100,61.5,FALSE
Minnesota,2707500,Cannon Falls Public School District,52,520,61.5,100,100,65.4,67.3,FALSE
Missouri,2927520,Salisbury R-IV School District,26,260,61.5,100,100,76.9,100,FALSE
Montana,3016770,Lincoln County High School District,39,390,61.5,100,100,100,100,FALSE
Nebraska,3100025,Elkhorn Valley Schools,13,130,61.5,100,61.5,84.6,61.5,FALSE
Nebraska,3100183,Howells-Dodge Consolidated Schools,13,130,61.5,100,84.6,76.9,69.2,FALSE
New York,3605610,Brocton Central School District,26,260,61.5,100,96.2,84.6,100,FALSE
North Carolina,3704440,Swain County Schools,39,390,61.5,74.4,100,100,61.5,FALSE
Oklahoma,4014340,Hennessey Public Schools,26,260,61.5,100,84.6,100,100,FALSE
Pennsylvania,4202100,Albert Gallatin Area School District,104,1040,61.5,97.1,100,100,64.4,FALSE
Pennsylvania,4207290,Daniel Boone Area School District,130,1300,61.5,100,100,100,61.5,FALSE
South Carolina,4502550,Kershaw County School District,478,4780,61.5,100,93.1,99.6,68,FALSE
South Dakota,4639600,Madison Central School District 39-2,39,390,61.5,100,100,84.6,84.6,FALSE
Texas,4807530,Agua Dulce Independent School District,13,130,61.5,100,61.5,69.2,100,FALSE
Texas,4815400,Cotulla Independent School District,13,130,61.5,100,61.5,100,61.5,FALSE
Texas,4840230,Silsbee Independent School District,135,1350,61.5,100,98.5,100,61.5,FALSE
Vermont,5000448,Elmore-Morristown Unified Union School District 90,39,390,61.5,82.1,76.9,89.7,61.5,FALSE
Washington,5303660,Hoquiam School District,39,390,61.5,100,100,100,61.5,FALSE
Wisconsin,5512990,Rio Community School District,13,130,61.5,100,61.5,100,100,FALSE
Wisconsin,5513620,Shawano School District,109,1090,61.5,99.1,99.1,100,62.4,FALSE
Arkansas,500017,Paragould School District,176,1760,61.4,100,88.1,100,65.3,FALSE
Illinois,1716350,Geneseo Community Unit School District 228,70,700,61.4,100,82.9,95.7,70,FALSE
Indiana,1800630,Monroe County Community School Corporation,580,5800,61.4,100,98.8,100,71.2,FALSE
Montana,3022800,Ronan High School District,57,570,61.4,66.7,100,77.2,82.5,FALSE
North Carolina,3704200,Scotland County Schools,241,2410,61.4,98.3,100,99.2,70.5,FALSE
Pennsylvania,4217370,Northampton Area School District,207,2070,61.4,100,100,100,62.8,FALSE
South Dakota,4674370,Vermillion School District 13-1,83,830,61.4,100,100,100,83.1,FALSE
California,625530,Monterey Peninsula Unified School District,581,5810,61.3,100,100,100,69,FALSE
California,642350,Wheatland Union High School District,142,1420,61.3,100,100,76.8,88,FALSE
Colorado,805070,West Grand School District 1-JT,31,310,61.3,100,100,100,64.5,FALSE
Illinois,1741070,Waterloo Community Unit School District 5,111,1110,61.3,100,100,100,65.8,FALSE
Louisiana,2201590,St. Martin Parish School District,393,3930,61.3,92.6,95.9,100,75.3,FALSE
Michigan,2600018,L'Anse Area Schools,31,310,61.3,61.3,100,100,64.5,FALSE
Michigan,2608910,Cheboygan Area Schools,80,800,61.3,100,100,88.8,92.5,FALSE
Michigan,2612330,Durand Area Schools,62,620,61.3,100,100,95.2,66.1,FALSE
Minnesota,2712360,Frazee-Vergas Public School District,62,620,61.3,91.9,100,72.6,96.8,FALSE
Missouri,2916380,Clark County R-I School District,62,620,61.3,96.8,67.7,80.6,96.8,FALSE
New Hampshire,3300003,John Stark Regional School District,80,800,61.3,100,98.8,97.5,63.7,FALSE
New Hampshire,3306260,Souhegan Cooperative School District,93,930,61.3,100,100,100,73.1,FALSE
Pennsylvania,4213320,Laurel Highlands School District,155,1550,61.3,94.2,100,100,72.9,FALSE
Wisconsin,5501050,Beloit School District,292,2920,61.3,100,100,100,100,FALSE
Wisconsin,5514910,Tomah Area School District,137,1370,61.3,98.5,96.4,100,70.1,FALSE
California,616500,Hanford Joint Union High School District,634,6340,61.2,100,100,100,99.8,FALSE
Connecticut,903540,Regional School District 18,49,490,61.2,100,73.5,95.9,79.6,FALSE
Georgia,1304020,Paulding County School District,1291,12910,61.2,100,100,99.8,63,FALSE
Maryland,2400450,Kent County Public Schools,85,850,61.2,100,90.6,85.9,74.1,FALSE
Michigan,2620980,Lakewood Public Schools,85,850,61.2,98.8,100,76.5,76.5,FALSE
Montana,3005190,Browning High School District,67,670,61.2,61.2,100,100,100,FALSE
Oregon,4110710,Douglas County SD 4,268,2680,61.2,100,100,100,90.3,FALSE
Pennsylvania,4203240,Bellefonte Area School District,129,1290,61.2,100,100,100,62,FALSE
Colorado,806150,Pueblo County School District 70,280,2800,61.1,100,94.6,96.4,94.6,FALSE
Illinois,1728560,Nokomis Community Unit School District 22,18,180,61.1,100,61.1,100,100,FALSE
Iowa,1903480,Alta-Aurelia Community School District,54,540,61.1,100,87,100,96.3,FALSE
Iowa,1931470,Westwood Community School District,18,180,61.1,100,66.7,66.7,100,FALSE
Kansas,2003870,Beloit Unified School District 273,36,360,61.1,100,61.1,80.6,100,FALSE
Massachusetts,2504860,Falmouth School District,162,1620,61.1,100,88.9,93.2,75.9,FALSE
Michigan,2616320,Goodrich Area Schools,54,540,61.1,100,100,100,61.1,FALSE
Minnesota,2723010,Mountain Lake Public Schools,18,180,61.1,100,77.8,88.9,100,FALSE
Missouri,2929910,Taneyville R-II School District,18,180,61.1,94.4,61.1,66.7,100,FALSE
New York,3612900,Greenwich Central School District,18,180,61.1,100,94.4,61.1,100,FALSE
Texas,4809810,Bellville Independent School District,72,720,61.1,100,100,100,62.5,FALSE
Texas,4843260,Troy Independent School District,54,540,61.1,100,85.2,100,68.5,FALSE
Wisconsin,5516620,Whitefish Bay School District,131,1310,61.1,100,100,100,84.7,FALSE
Arizona,400295,Kingman Unified School District,403,4030,61,99.3,99.8,100,71,FALSE
Connecticut,904860,Waterford School District,100,1000,61,100,90,100,81,FALSE
Illinois,1738460,Sycamore Community Unit School District 427,123,1230,61,100,100,100,65.9,FALSE
Indiana,1803840,Garrett-Keyser-Butler Community Schools,77,770,61,100,97.4,100,92.2,FALSE
Kansas,2013050,Winfield Unified School District 465,41,410,61,100,97.6,100,100,FALSE
Louisiana,2201620,St. Mary Parish School District,362,3620,61,100,98.6,100,97.8,FALSE
Ohio,3904412,Hillsboro City School District,118,1180,61,98.3,91.5,100,61.9,FALSE
Pennsylvania,4217580,Northern Bedford County School District,59,590,61,91.5,86.4,100,74.6,FALSE
Texas,4814820,Commerce Independent School District,82,820,61,97.6,100,100,100,FALSE
Texas,4839180,Sanger Independent School District,123,1230,61,100,96.7,100,64.2,FALSE
Vermont,5000443,Mount Mansfield Unified Union School District 401,105,1050,61,100,69.5,99,73.3,FALSE
Wisconsin,5504320,Ellsworth Community School District,82,820,61,100,76.8,82.9,100,FALSE
Arkansas,511220,Parkers Chapel School District,23,230,60.9,100,100,100,60.9,FALSE
California,600158,Turlock Unified School District,548,5480,60.9,100,100,100,100,FALSE
Illinois,1704470,Athens Community Unit School District 213,23,230,60.9,100,91.3,78.3,87,FALSE
Michigan,2618270,Hesperia Community Schools,46,460,60.9,95.7,100,100,60.9,FALSE
Mississippi,2803480,Pascagoula-Gautier School District,325,3250,60.9,99.1,100,100,81.2,FALSE
Oklahoma,4028200,Spiro Public Schools,64,640,60.9,100,100,100,100,FALSE
Oregon,4103660,Coos Bay School District 9,202,2020,60.9,100,100,100,67.8,FALSE
Texas,4824960,Jourdanton Independent School District,64,640,60.9,100,81.2,100,60.9,FALSE
Vermont,5000442,Mount Ascutney School District 86,23,230,60.9,100,60.9,100,65.2,FALSE
Washington,5308040,Snoqualmie Valley School District,294,2940,60.9,100,99.3,100,60.9,FALSE
Arkansas,511610,Pocahontas School District,97,970,60.8,88.7,100,100,72.2,FALSE
Arkansas,512210,Searcy School District,273,2730,60.8,98.9,100,97.1,61.2,FALSE
Connecticut,904290,Stafford School District,79,790,60.8,100,73.4,100,96.2,FALSE
Mississippi,2803000,Moss Point School District,153,1530,60.8,100,100,100,85.6,FALSE
South Dakota,4679710,Winner School District 59-2,51,510,60.8,92.2,80.4,76.5,84.3,FALSE
Texas,4845950,Wills Point Independent School District,125,1250,60.8,100,70.4,100,64.8,FALSE
Arkansas,511760,Prairie Grove School District,122,1220,60.7,100,100,100,99.2,FALSE
Connecticut,903240,Oxford School District,107,1070,60.7,100,95.3,100,61.7,FALSE
Illinois,1708010,Byron Community Unit School District 226,56,560,60.7,100,100,100,100,FALSE
Indiana,1801590,DeKalb County Central United School District,178,1780,60.7,100,99.4,100,61.2,FALSE
Indiana,1804230,Hamilton Community Schools,28,280,60.7,100,96.4,100,64.3,FALSE
Michigan,2625320,Newaygo Public School District,28,280,60.7,92.9,100,96.4,64.3,FALSE
Minnesota,2710260,Dilworth-Glyndon-Felton,56,560,60.7,100,100,62.5,100,FALSE
New York,3600014,Waterloo Central School District,61,610,60.7,100,100,100,78.7,FALSE
New York,3625980,Schalmont Central School District,107,1070,60.7,100,100,100,85,FALSE
Ohio,3905030,Tuscarawas Valley Local School District,56,560,60.7,100,96.4,100,64.3,FALSE
Oklahoma,4033180,Woodward Public Schools,107,1070,60.7,100,80.4,100,69.2,FALSE
Pennsylvania,4210230,Franklin Regional School District,112,1120,60.7,100,100,100,60.7,FALSE
Pennsylvania,4211730,Saucon Valley School District,112,1120,60.7,100,100,100,60.7,FALSE
Vermont,5000425,Mt. Abraham Unified School District,28,280,60.7,100,82.1,85.7,89.3,FALSE
Washington,5302490,Elma School District,56,560,60.7,100,92.9,100,62.5,FALSE
Arkansas,500043,Mountain Home School District,142,1420,60.6,95.1,100,100,60.6,FALSE
Colorado,803600,Weld County School District No. RE-2,66,660,60.6,100,100,95.5,65.2,FALSE
Delaware,1000180,Caesar Rodney School District,391,3910,60.6,100,100,99.2,69.3,FALSE
Georgia,1305390,Walton County School District,687,6870,60.6,100,94.8,100,67.2,FALSE
Illinois,1731740,Plainfield School District 202,886,8860,60.6,100,89.3,100,70.4,FALSE
Indiana,1800030,Southwest Allen County Metropolitan School District,320,3200,60.6,100,99.7,100,65.3,FALSE
Iowa,1904650,Bellevue Community School District,33,330,60.6,100,60.6,100,60.6,FALSE
Michigan,2629910,Riverview Community School District,109,1090,60.6,100,100,100,62.4,FALSE
Missouri,2914430,Hillsboro R-III School District,132,1320,60.6,100,99.2,100,62.1,FALSE
North Carolina,3702560,Lee County Schools,492,4920,60.6,100,100,100,71.5,FALSE
Ohio,3904415,Jackson City School District,137,1370,60.6,96.4,100,100,89.8,FALSE
Ohio,3904879,Cardington-Lincoln Local School District,33,330,60.6,100,78.8,100,84.8,FALSE
Pennsylvania,4202440,Ambridge Area School District,99,990,60.6,100,99,100,81.8,FALSE
Pennsylvania,4221510,Shenango Area School District,33,330,60.6,100,100,100,84.8,FALSE
Texas,4812640,Cameron Independent School District,66,660,60.6,100,66.7,100,60.6,FALSE
Vermont,5008243,Hazen UHSD 26,33,330,60.6,100,72.7,93.9,90.9,FALSE
Washington,5304470,Longview Public Schools,330,3300,60.6,100,100,100,66.7,FALSE
Illinois,1724940,Mascoutah Community Unit School District 19,190,1900,60.5,100,91.6,100,72.1,FALSE
Maine,2314768,School Administrative District 75,114,1140,60.5,100,100,95.6,66.7,FALSE
Massachusetts,2511850,Uxbridge School District,86,860,60.5,100,91.9,100,64,FALSE
Michigan,2634470,Utica Community Schools,997,9970,60.5,100,100,100,69.1,FALSE
New York,3627540,Southampton Union Free School District,76,760,60.5,100,88.2,100,61.8,FALSE
New York,3629670,Voorheesville Central School District,43,430,60.5,100,100,100,60.5,FALSE
Pennsylvania,4206060,Clarion Area School District,43,430,60.5,100,100,100,62.8,FALSE
Rhode Island,4400720,Newport School District,114,1140,60.5,100,100,100,81.6,FALSE
Tennessee,4702760,Maury County School District,822,8220,60.5,100,99,99.5,66.2,FALSE
Virginia,5100840,Chesterfield County Public Schools,2624,26240,60.5,100,98.6,100,65.3,FALSE
Wisconsin,5501500,Boscobel Area School District,38,380,60.5,100,100,100,100,FALSE
Wisconsin,5502130,Cameron School District,43,430,60.5,100,60.5,100,100,FALSE
Alabama,102400,Monroe County School District,91,910,60.4,89,75.8,97.8,67,FALSE
Florida,1201350,Nassau County School District,525,5250,60.4,100,98.7,100,61.9,FALSE
Indiana,1802800,Duneland School Corporation,245,2450,60.4,100,100,100,60.4,FALSE
Michigan,2617880,Hartford Public School District,48,480,60.4,93.8,100,100,66.7,FALSE
Michigan,2619050,Ida Public School District,53,530,60.4,94.3,100,100,67.9,FALSE
New York,3621250,Northeastern Clinton Central School District,48,480,60.4,100,93.8,85.4,79.2,FALSE
Pennsylvania,4224650,Valley View School District,101,1010,60.4,100,100,100,63.4,FALSE
Tennessee,4702430,Lewis County School District,91,910,60.4,100,100,100,73.6,FALSE
Texas,4843350,Tuloso-Midway Independent School District,96,960,60.4,100,100,100,88.5,FALSE
Wyoming,5602760,Uinta County School District 1,96,960,60.4,100,100,100,67.7,FALSE
Arkansas,500019,Batesville School District,146,1460,60.3,96.6,81.5,100,63.7,FALSE
Arkansas,513410,Van Buren School District,257,2570,60.3,100,94.2,99.6,75.1,FALSE
Illinois,1728530,Niles Township Community High School District 219,648,6480,60.3,100,100,100,89.4,FALSE
Illinois,1734230,Robinson Community Unit School District 2,63,630,60.3,100,65.1,100,60.3,FALSE
Iowa,1919890,Mount Pleasant Community School District,68,680,60.3,100,100,100,100,FALSE
New York,3616440,Lackawanna City School District,189,1890,60.3,100,100,100,99.5,FALSE
Ohio,3904962,Minford Local School District,68,680,60.3,100,92.6,98.5,76.5,FALSE
Utah,4900240,Duchesne School District,199,1990,60.3,100,96,97.5,100,FALSE
Wisconsin,5509210,Merrill Area School District,136,1360,60.3,91.2,89,100,100,FALSE
Wisconsin,5510740,North Fond du Lac School District,58,580,60.3,100,100,100,100,FALSE
California,615270,Glendora Unified School District,249,2490,60.2,100,100,100,98.8,FALSE
Indiana,1807650,Noblesville Schools,568,5680,60.2,100,100,100,69.4,FALSE
Iowa,1930540,Waverly-Shell Rock Community School District,113,1130,60.2,100,99.1,87.6,71.7,FALSE
Oklahoma,4023970,Piedmont Public Schools,196,1960,60.2,100,84.7,100,82.1,FALSE
California,621600,Liberty Union High School District,852,8520,60.1,100,100,100,74.2,FALSE
California,638770,Tahoe-Truckee Unified School District,203,2030,60.1,95.6,100,97.5,69.5,FALSE
Maine,2314590,School Administrative District 54,138,1380,60.1,100,96.4,97.8,89.9,FALSE
South Carolina,4503908,Marion School District 10,208,2080,60.1,96.6,99.5,98.1,62,FALSE
South Carolina,4503910,Orangeburg County School District,544,5440,60.1,89.3,95.6,99.6,67.3,FALSE
Alabama,100013,Trussville City School District,145,1450,60,100,100,100,60.7,FALSE
Arkansas,509600,McCrory School District,10,100,60,100,100,100,80,FALSE
Colorado,804320,East Grand School District 2,55,550,60,100,70.9,100,69.1,FALSE
Connecticut,900360,Bolton School District,10,100,60,100,100,100,70,FALSE
Connecticut,903120,Norwich School District,240,2400,60,100,99.6,100,99.2,FALSE
Connecticut,903900,Salem School District,15,150,60,100,80,100,60,FALSE
Idaho,1601050,Filer School District 413,50,500,60,100,100,92,98,FALSE
Illinois,1723640,Brooklyn Community Unit School District 188,15,150,60,100,86.7,100,100,FALSE
Indiana,1800120,Alexandria Community School Corporation,35,350,60,100,94.3,100,100,FALSE
Indiana,1807380,Nettle Creek School Corporation,40,400,60,100,60,100,62.5,FALSE
Indiana,1808640,Paoli Community School Corporation,60,600,60,100,60,100,100,FALSE
Iowa,1900025,Panorama Community School District,20,200,60,100,80,100,60,FALSE
Iowa,1903630,Andrew Community School District,5,50,60,100,60,100,100,FALSE
Iowa,1919770,Morning Sun Community School District,5,50,60,100,100,100,100,FALSE
Iowa,1921210,Northwood-Kensett Community School District,30,300,60,100,70,70,70,FALSE
Kansas,2003540,Atchison Public Schools Unified School District 409,80,800,60,100,100,100,100,FALSE
Kansas,2004410,Caney Valley Unified School District 436,25,250,60,100,76,80,68,FALSE
Kansas,2009630,Montezuma Unified School District 371,5,50,60,100,60,100,100,FALSE
Kansas,2009930,Ness City Unified School District 303,10,100,60,100,60,100,60,FALSE
Kansas,2012330,Troy Public Schools Unified School District 429,5,50,60,60,60,80,100,FALSE
Kentucky,2102160,Garrard County School District,100,1000,60,100,86,100,72,FALSE
Kentucky,2105730,Warren County School District,891,8910,60,100,96.3,100,69,FALSE
Louisiana,2201830,Vernon Parish School District,453,4530,60,98.5,81,100,90.9,FALSE
Maine,2309560,Pembroke,5,50,60,100,80,100,80,FALSE
Maine,2314610,School Administrative District 53,30,300,60,100,90,66.7,96.7,FALSE
Michigan,2623160,Mason County Eastern District,25,250,60,68,100,96,100,FALSE
Michigan,2633750,Tekonsha Community Schools,10,100,60,80,100,100,60,FALSE
Minnesota,2700013,Waterville-Elysian-Morristown Public School District,50,500,60,92,100,72,100,FALSE
Minnesota,2700294,RTR Public Schools,15,150,60,100,86.7,60,100,FALSE
Minnesota,2723970,Ogilvie Public School District,30,300,60,100,100,70,100,FALSE
Minnesota,2740665,Triton School District,30,300,60,100,100,60,100,FALSE
Mississippi,2804500,Water Valley School District,60,600,60,83.3,100,100,66.7,FALSE
Missouri,2922620,Norborne R-VIII School District,10,100,60,100,60,100,100,FALSE
Missouri,2923760,North Pemiscot County R-I School District,5,50,60,100,80,100,80,FALSE
Missouri,2926190,Renick R-V School District,15,150,60,100,100,100,80,FALSE
Nebraska,3171610,Hay Springs Public Schools,5,50,60,100,60,100,100,FALSE
Nebraska,3175990,Red Cloud Community Schools,10,100,60,80,60,100,60,FALSE
Nebraska,3177340,Sumner-Eddyville-Miller Schools,5,50,60,100,80,80,100,FALSE
New Hampshire,3304770,Middleton School District,10,100,60,100,100,70,90,FALSE
New Hampshire,3305670,Piermont School District,5,50,60,100,100,100,80,FALSE
New Jersey,3408370,Lawrence Township School District,15,150,60,100,60,100,100,FALSE
New Jersey,3415570,Spring Lake Borough School District,10,100,60,100,100,100,100,FALSE
New Jersey,3417910,White Township School District,10,100,60,100,60,100,100,FALSE
New York,3601189,Boquet Valley Central School District at Elizabethtown-Lewis-Westport,5,50,60,60,60,80,100,FALSE
New York,3607470,Chittenango Central School District,85,850,60,100,97.6,100,100,FALSE
New York,3615990,Jordan-Elbridge Central School District,65,650,60,100,75.4,89.2,100,FALSE
New York,3619740,Monticello Central School District,125,1250,60,100,75.2,99.2,77.6,FALSE
New York,3622770,Perry Central School District,35,350,60,100,100,100,100,FALSE
New York,3626100,Schoharie Central School District,35,350,60,88.6,100,94.3,74.3,FALSE
New York,3628020,Stamford Central School District,5,50,60,100,80,80,100,FALSE
North Carolina,3700090,Alexander County Schools,225,2250,60,100,100,100,66.7,FALSE
North Dakota,3800061,Enderlin Area Public School District 24,15,150,60,100,93.3,100,60,FALSE
Ohio,3904633,Felicity-Franklin Local School District,40,400,60,100,100,100,62.5,FALSE
Ohio,3904920,James A. Garfield Local School District,30,300,60,100,80,100,60,FALSE
Ohio,3904926,Tri-County North Local School District,45,450,60,100,97.8,100,60,FALSE
Ohio,3904949,Adena Local School District,50,500,60,100,96,90,68,FALSE
Oklahoma,4003930,Bennington Public Schools,5,50,60,60,60,100,60,FALSE
Oklahoma,4009870,Dibble Public Schools,20,200,60,75,75,95,75,FALSE
Oklahoma,4009910,Dickson Public Schools,20,200,60,100,60,100,100,FALSE
Oklahoma,4018700,Madill Public Schools,70,700,60,94.3,81.4,98.6,91.4,FALSE
Oklahoma,4031380,Wainwright Public School,10,100,60,80,80,100,100,FALSE
Oklahoma,4031950,Waukomis Public Schools,10,100,60,100,60,100,100,FALSE
Oklahoma,4032610,White Oak Public Schools,5,50,60,100,100,80,80,FALSE
Pennsylvania,4206240,Coatesville Area School District,467,4670,60,100,100,100,76.9,FALSE
South Dakota,4641550,Lennox School District 41-4,45,450,60,100,73.3,86.7,66.7,FALSE
Texas,4810740,Boles Independent School District,10,100,60,100,100,100,60,FALSE
Texas,4815480,Covington Independent School District,5,50,60,100,60,100,100,FALSE
Texas,4825020,Junction Independent School District,30,300,60,100,100,100,60,FALSE
Texas,4827060,Leary Independent School District,5,50,60,100,60,100,80,FALSE
Texas,4827570,Lindsay Independent School District,25,250,60,100,100,96,60,FALSE
Texas,4828590,Luling Independent School District,75,750,60,100,98.7,100,97.3,FALSE
Texas,4832340,New Boston Independent School District,65,650,60,100,81.5,100,67.7,FALSE
Texas,4832460,New Diana Independent School District,30,300,60,100,76.7,100,60,FALSE
Texas,4833030,North Zulch Independent School District,5,50,60,100,60,100,60,FALSE
Texas,4837320,Riviera Independent School District,5,50,60,100,60,100,100,FALSE
Texas,4842240,Tatum Independent School District,40,400,60,100,85,100,67.5,FALSE
Vermont,5005050,Lake Region UHSD 24,30,300,60,86.7,86.7,60,100,FALSE
Washington,5306540,Palouse School District,5,50,60,100,60,100,100,FALSE
Wisconsin,5500180,Alma School District,5,50,60,100,80,60,100,FALSE
Wisconsin,5503060,Cudahy School District,130,1300,60,100,100,100,100,FALSE
Wisconsin,5506570,Horicon School District,35,350,60,100,65.7,100,60,FALSE
Wisconsin,5513020,Ripon Area School District,50,500,60,100,66,100,84,FALSE
Wisconsin,5514610,Sturgeon Bay School District,25,250,60,100,88,100,88,FALSE
Pennsylvania,4211760,Hempfield Area School District,202,2020,59.9,100,100,100,63.9,FALSE
Virginia,5101380,Fluvanna County Public Schools,167,1670,59.9,100,100,98.2,61.1,FALSE
Illinois,1708550,Community Unit School District 300,874,8740,59.8,100,98.4,100,74.7,FALSE
Illinois,1726640,Morris Community High School District 101,122,1220,59.8,100,96.7,100,100,FALSE
Illinois,1734380,Rock Falls Township High School District 301,97,970,59.8,100,96.9,100,100,FALSE
Maryland,2400630,Talbot County Public Schools,199,1990,59.8,100,82.4,90.5,64.8,FALSE
North Carolina,3705040,Yadkin County Schools,241,2410,59.8,100,100,100,94.6,FALSE
Oregon,4110980,Scappoose School District 1J,82,820,59.8,100,100,100,100,FALSE
Texas,4814430,Clint Independent School District,587,5870,59.8,92.3,96.9,100,99.1,FALSE
West Virginia,5400300,Fayette County School District,234,2340,59.8,89.7,80.3,97.9,86.8,FALSE
Wisconsin,5510470,New Berlin School District,254,2540,59.8,100,100,100,82.3,FALSE
Alabama,100600,Chambers County School District,186,1860,59.7,95.7,95.2,100,64.5,FALSE
Florida,1200570,Franklin County School District,62,620,59.7,90.3,85.5,100,62.9,FALSE
Michigan,2600013,Marquette Area Public Schools,149,1490,59.7,100,100,98,60.4,FALSE
Pennsylvania,4223760,Trinity Area School District,149,1490,59.7,100,100,100,67.1,FALSE
Virginia,5102520,Montgomery County Public Schools,461,4610,59.7,100,98,100,65.9,FALSE
Wisconsin,5514490,Stevens Point Area School District,308,3080,59.7,98.7,85.7,99.7,61.7,FALSE
Illinois,1737410,St. Joseph-Ogden Community High School District 305,47,470,59.6,100,78.7,95.7,63.8,FALSE
Maine,2314779,Regional School Unit 18,161,1610,59.6,100,97.5,89.4,80.1,FALSE
Massachusetts,2505740,Hampshire School District,47,470,59.6,100,87.2,83,83,FALSE
Massachusetts,2511400,Sutton School District,57,570,59.6,100,94.7,100,64.9,FALSE
Michigan,2623580,Meridian Public Schools,47,470,59.6,97.9,100,93.6,63.8,FALSE
Nebraska,3175630,Springfield Platteview Community Schools,114,1140,59.6,100,100,100,71.1,FALSE
North Carolina,3700900,Cleveland County Schools,706,7060,59.6,100,100,100,74.2,FALSE
Pennsylvania,4211940,Hollidaysburg Area School District,156,1560,59.6,100,100,100,60.3,FALSE
Pennsylvania,4226550,Wilson Area School District,99,990,59.6,100,100,100,59.6,FALSE
Texas,4808310,Angleton Independent School District,314,3140,59.6,100,91.1,99.7,60.8,FALSE
Washington,5306930,Pullman School District,151,1510,59.6,100,100,100,59.6,FALSE
Wisconsin,5515900,Wausau School District,399,3990,59.6,100,91.2,99.5,99.7,FALSE
Alabama,102220,Madison County School District,1040,10400,59.5,100,98,99.3,69.1,FALSE
Georgia,1304530,Seminole County School District,37,370,59.5,100,83.8,100,59.5,FALSE
Illinois,1733930,Riverdale Community Unit School District 100,42,420,59.5,100,97.6,97.6,64.3,FALSE
Kansas,2010020,Norton Community Schools Unified School District 211,37,370,59.5,100,100,100,100,FALSE
Maine,2310980,School Administrative District 23,42,420,59.5,100,90.5,81,90.5,FALSE
Maine,2313970,Winthrop,37,370,59.5,100,81.1,64.9,64.9,FALSE
New Hampshire,3303180,Gilford School District,74,740,59.5,100,100,100,59.5,FALSE
Oklahoma,4002880,Alva Public Schools,42,420,59.5,100,66.7,71.4,100,FALSE
Texas,4837200,Rio Vista Independent School District,37,370,59.5,100,75.7,100,67.6,FALSE
Utah,4900150,Carbon School District,173,1730,59.5,100,98.8,99.4,67.1,FALSE
Wisconsin,5515720,Waterloo School District,37,370,59.5,100,94.6,100,59.5,FALSE
Arizona,404630,Marana Unified District,741,7410,59.4,99.9,100,100,67.6,FALSE
Georgia,1303390,Lowndes County School District,500,5000,59.4,99.4,95.2,99.8,69.4,FALSE
Iowa,1907050,Chariton Community School District,64,640,59.4,100,100,95.3,68.8,FALSE
Iowa,1907920,Colo-Nesco Community School District,32,320,59.4,100,81.2,96.9,75,FALSE
Massachusetts,2510590,Seekonk School District,64,640,59.4,100,100,100,62.5,FALSE
Michigan,2630960,Saugatuck Public Schools,32,320,59.4,100,100,100,59.4,FALSE
Minnesota,2702730,Adrian Public School District,32,320,59.4,100,100,59.4,100,FALSE
Missouri,2929100,St. Clair R-XIII School District,96,960,59.4,100,86.5,100,71.9,FALSE
New York,3602520,Albion Central School District,69,690,59.4,100,97.1,100,100,FALSE
Ohio,3904871,New Lebanon Local School District,32,320,59.4,100,59.4,100,100,FALSE
South Carolina,4500780,Anderson School District 1,414,4140,59.4,100,91.1,100,65.9,FALSE
Texas,4833870,Overton Independent School District,32,320,59.4,100,84.4,100,100,FALSE
Arkansas,503030,Pea Ridge School District,108,1080,59.3,100,100,100,88.9,FALSE
Arkansas,509510,Marvell School District,27,270,59.3,81.5,100,100,100,FALSE
Kansas,2008280,Lakin Unified School District 215,27,270,59.3,100,100,100,100,FALSE
Missouri,2926480,Richmond R-XVI School District,81,810,59.3,100,100,100,100,FALSE
Montana,3017580,Malta K-12 Schools,27,270,59.3,100,100,100,100,FALSE
New York,3608880,Deer Park Union Free School District,199,1990,59.3,100,100,100,100,FALSE
Ohio,3904924,Waterloo Local School District,54,540,59.3,100,75.9,100,79.6,FALSE
Tennessee,4747029,Cocke County School District in Newport,54,540,59.3,100,100,100,100,FALSE
Texas,4828200,Lorena Independent School District,54,540,59.3,100,92.6,96.3,79.6,FALSE
Wisconsin,5511370,Pardeeville Area School District,27,270,59.3,100,74.1,100,63,FALSE
Alabama,100270,Baldwin County School District,1502,15020,59.2,99.3,96.9,99.7,64.2,FALSE
Arizona,409460,Winslow Unified District,98,980,59.2,100,100,100,100,FALSE
Arkansas,500046,Manila School District,71,710,59.2,98.6,100,100,100,FALSE
Georgia,1301350,Coffee County School District,348,3480,59.2,100,84.2,100,67.8,FALSE
Kentucky,2104250,Montgomery County School District,179,1790,59.2,100,98.3,100,63.1,FALSE
Missouri,2905370,Bolivar R-I School District,103,1030,59.2,100,74.8,100,64.1,FALSE
Montana,3013590,Havre High School District,125,1250,59.2,84,100,92.8,100,FALSE
Ohio,3904682,Vermilion Local School District,71,710,59.2,100,100,100,66.2,FALSE
Oklahoma,4004500,Bixby Public Schools,336,3360,59.2,100,93.5,99.7,82.1,FALSE
Virginia,5103240,Richmond City Public Schools,1577,15770,59.2,100,100,100,77.4,FALSE
Wyoming,5602990,Goshen County School District 1,98,980,59.2,100,100,65.3,70.4,FALSE
Wyoming,5603770,Johnson County School District 1,49,490,59.2,100,100,83.7,59.2,FALSE
California,600048,Paso Robles Joint Unified School District,337,3370,59.1,100,100,78.3,71.8,FALSE
California,604620,Benicia Unified School District,193,1930,59.1,100,100,100,68.4,FALSE
California,629130,Oroville Union High School District,364,3640,59.1,99.5,100,97,73.1,FALSE
Colorado,802790,Fremont RE-1,154,1540,59.1,89.6,89.6,100,100,FALSE
Georgia,1301410,Columbia County School District,1194,11940,59.1,100,99.9,100,62.2,FALSE
Iowa,1906780,Central City Community School District,22,220,59.1,100,100,100,59.1,FALSE
Maine,2303210,Blue Hill,22,220,59.1,100,100,81.8,68.2,FALSE
Maine,2314700,School Administrative District 60,159,1590,59.1,100,98.7,93.1,74.8,FALSE
Nebraska,3178540,Weeping Water Public Schools,22,220,59.1,100,68.2,72.7,68.2,FALSE
New Jersey,3413260,Pohatcong Township School District,22,220,59.1,100,100,100,68.2,FALSE
New York,3614850,Horseheads Central School District,186,1860,59.1,100,100,96.8,97.8,FALSE
Oklahoma,4031470,Walters Public Schools,22,220,59.1,100,59.1,100,63.6,FALSE
Texas,4808550,Rockport-Fulton Independent School District,93,930,59.1,89.2,86,100,71,FALSE
Texas,4822410,Hardin-Jefferson Independent School District,88,880,59.1,100,86.4,100,60.2,FALSE
Texas,4824590,Jacksonville Independent School District,247,2470,59.1,100,91.1,100,64,FALSE
Texas,4845670,Whitewright Independent School District,22,220,59.1,100,72.7,100,59.1,FALSE
Washington,5308760,Tahoma School District,325,3250,59.1,100,100,100,66.8,FALSE
Wisconsin,5515780,Waukesha School District,560,5600,59.1,96.6,96.8,100,89.3,FALSE
Connecticut,900570,Brooklyn School District,61,610,59,100,83.6,100,96.7,FALSE
Georgia,1303600,McIntosh County School District,39,390,59,89.7,79.5,94.9,89.7,FALSE
Illinois,1713940,DuPage High School District 88,534,5340,59,100,100,100,82,FALSE
Minnesota,2707380,Caledonia Public School District,39,390,59,100,100,71.8,61.5,FALSE
West Virginia,5400060,Berkeley County School District,914,9140,59,100,87.3,99.6,76.8,FALSE
West Virginia,5400570,Jefferson County School District,354,3540,59,97.7,87.6,100,78.2,FALSE
Wisconsin,5513530,Seymour Community School District,83,830,59,97.6,89.2,100,68.7,FALSE
California,642930,Winters Joint Unified School District,95,950,58.9,100,100,100,74.7,FALSE
Mississippi,2802160,Jackson County School District,333,3330,58.9,99.4,100,100,61.3,FALSE
Mississippi,2804260,Tishomingo County Schools,129,1290,58.9,89.9,100,100,69.8,FALSE
Oregon,4101120,Greater Albany School District 8J,564,5640,58.9,99.6,100,99.6,78.4,FALSE
Texas,4846500,Wylie Independent School District,231,2310,58.9,100,100,100,60.2,FALSE
Arkansas,500016,Marmaduke School District,17,170,58.8,100,100,100,58.8,FALSE
Arkansas,509150,Magazine Schools,17,170,58.8,100,58.8,100,100,FALSE
California,600034,Windsor Unified School District,170,1700,58.8,100,100,100,88.2,FALSE
Iowa,1926640,South Hamilton Community School District,17,170,58.8,100,64.7,58.8,100,FALSE
Kentucky,2100750,Bullitt County School District,520,5200,58.8,99.8,98.1,100,65.2,FALSE
Michigan,2618990,Huron Valley Schools,359,3590,58.8,100,100,100,60.2,FALSE
Michigan,2621600,Lincoln Park Public Schools,340,3400,58.8,100,100,100,70,FALSE
Minnesota,2700163,Renville County West School District,34,340,58.8,100,67.6,67.6,100,FALSE
Minnesota,2709330,Cleveland Public School District,17,170,58.8,100,100,100,58.8,FALSE
Missouri,2920050,Marceline R-V School District,17,170,58.8,100,58.8,100,100,FALSE
New Jersey,3417520,West Milford Township School District,199,1990,58.8,100,96.5,100,65.3,FALSE
New York,3604110,Bayport-Blue Point Union Free School District,80,800,58.8,100,100,100,85,FALSE
New York,3605580,Brockport Central School District,153,1530,58.8,100,86.9,100,58.8,FALSE
New York,3606240,Camden Central School District,85,850,58.8,100,94.1,100,100,FALSE
New York,3613110,Hadley-Luzerne Central School District,17,170,58.8,82.4,82.4,100,100,FALSE
New York,3624690,Riverhead Central School District,301,3010,58.8,100,100,100,74.8,FALSE
Ohio,3904579,Shawnee Local School District,114,1140,58.8,98.2,98.2,100,63.2,FALSE
Ohio,3904621,West Liberty-Salem Local School District,34,340,58.8,100,100,100,58.8,FALSE
Oklahoma,4002460,Adair Public Schools,34,340,58.8,100,58.8,100,100,FALSE
Oklahoma,4025320,Quapaw Public Schools,17,170,58.8,100,70.6,100,76.5,FALSE
Pennsylvania,4204140,Brentwood Borough School District,97,970,58.8,100,100,100,100,FALSE
Pennsylvania,4216380,Nazareth Area School District,187,1870,58.8,100,100,100,58.8,FALSE
Pennsylvania,4218120,Old Forge School District,80,800,58.8,100,100,100,85,FALSE
Pennsylvania,4221540,Shikellamy School District,119,1190,58.8,100,100,100,58.8,FALSE
Texas,4823070,Hico Independent School District,34,340,58.8,100,100,100,61.8,FALSE
Washington,5301630,Colville School District,102,1020,58.8,76.5,100,100,100,FALSE
Wisconsin,5504530,Fall River School District,17,170,58.8,100,64.7,100,64.7,FALSE
Wisconsin,5505220,Gibraltar Area School District,34,340,58.8,100,94.1,100,64.7,FALSE
Wyoming,5601460,Big Horn County School District 2,17,170,58.8,100,94.1,100,58.8,FALSE
California,601418,Woodlake Unified School District,92,920,58.7,100,100,100,100,FALSE
California,630360,Pierce Joint Unified School District,46,460,58.7,89.1,100,87,89.1,FALSE
Colorado,802340,Adams-Arapahoe School District 28J,2105,21050,58.7,100,99.8,99.5,93.9,FALSE
Florida,1200270,Citrus County School District,622,6220,58.7,100,95,99.7,64.8,FALSE
Indiana,1809480,Richland-Bean Blossom Community School Corporation,121,1210,58.7,100,87.6,100,86,FALSE
Iowa,1923160,Pleasantville Community School District,46,460,58.7,100,73.9,100,100,FALSE
Kansas,2010680,Piper-Kansas City Unified School District 203,121,1210,58.7,99.2,94.2,100,100,FALSE
Kentucky,2101410,Cumberland County School District,46,460,58.7,76.1,76.1,100,97.8,FALSE
Kentucky,2102710,Henderson County School District,312,3120,58.7,100,77.6,100,65.4,FALSE
Kentucky,2105160,Russell County School District,126,1260,58.7,100,94.4,100,70.6,FALSE
New York,3631440,Williamson Central School District,46,460,58.7,82.6,87,100,100,FALSE
Wisconsin,5512060,Portage Community School District,126,1260,58.7,100,79.4,100,100,FALSE
California,625320,Monrovia Unified School District,336,3360,58.6,100,100,100,99.7,FALSE
Florida,1200600,Gadsden County School District,307,3070,58.6,97.1,95.4,100,64.5,FALSE
Illinois,1700113,Illini Central Community Unit School District 189,29,290,58.6,100,58.6,100,100,FALSE
Illinois,1710800,Oakwood Community Unit School District 76,29,290,58.6,100,100,100,62.1,FALSE
Kansas,2000023,Rawlins County Unified School District 105,29,290,58.6,69,69,69,100,FALSE
Michigan,2617860,Hart Public School District,70,700,58.6,92.9,100,97.1,67.1,FALSE
Minnesota,2700091,MACCRAY School District,58,580,58.6,93.1,100,62.1,100,FALSE
Oklahoma,4012090,Foyil Public Schools,29,290,58.6,100,82.8,100,86.2,FALSE
Oregon,4108550,Mount Angel School District 91,29,290,58.6,100,100,100,69,FALSE
Texas,4811730,Bruceville-Eddy Independent School District,29,290,58.6,100,100,89.7,82.8,FALSE
Texas,4828380,Lovejoy Independent School District,128,1280,58.6,100,100,100,68.8,FALSE
Washington,5305430,Mukilteo School District,785,7850,58.6,100,100,100,81.4,FALSE
Washington,5307110,Rainier School District,29,290,58.6,100,93.1,100,72.4,FALSE
Wisconsin,5508790,Marshall School District,58,580,58.6,100,94.8,100,100,FALSE
Colorado,805820,Lewis-Palmer School District 38,241,2410,58.5,100,85.5,100,63.5,FALSE
Florida,1201050,Lake County School District,2355,23550,58.5,100,98.5,100,61.2,FALSE
Georgia,1303930,Newton County School District,853,8530,58.5,100,95.2,100,65.4,FALSE
Idaho,1600510,Caldwell School District 132,294,2940,58.5,98.3,100,100,100,FALSE
Kentucky,2102940,Jackson County School District,106,1060,58.5,94.3,88.7,100,69.8,FALSE
Michigan,2612030,Dexter Community School District,106,1060,58.5,100,100,100,58.5,FALSE
Minnesota,2700089,NRHEG School District,41,410,58.5,100,100,58.5,100,FALSE
Montana,3003900,Billings High School District,916,9160,58.5,99.6,100,100,80.1,FALSE
Oklahoma,4032940,Wilson Public Schools,41,410,58.5,97.6,97.6,100,82.9,FALSE
Texas,4816180,Daingerfield-Lone Star Independent School District,53,530,58.5,100,83,100,58.5,FALSE
Illinois,1725320,McHenry Community High School District 156,209,2090,58.4,100,89,100,67.9,FALSE
Indiana,1807410,New Albany-Floyd County Consolidated Schools,536,5360,58.4,100,100,100,69,FALSE
Arizona,400520,Ajo Unified District,12,120,58.3,100,100,100,100,FALSE
Arkansas,500048,East Poinsett County School District,12,120,58.3,100,100,100,58.3,FALSE
Arkansas,506090,Farmington School District,132,1320,58.3,100,100,100,66.7,FALSE
Georgia,1302490,Greene County School District,96,960,58.3,92.7,71.9,100,86.5,FALSE
Illinois,1715840,Freeburg Community High School District 77,48,480,58.3,100,91.7,97.9,60.4,FALSE
Maine,2310650,School Administrative District 13,12,120,58.3,100,66.7,83.3,100,FALSE
Maine,2314330,School Administrative District 49,72,720,58.3,100,97.2,97.2,63.9,FALSE
Massachusetts,2507990,Mohawk Trail School District,24,240,58.3,100,66.7,100,66.7,FALSE
Michigan,2624810,Munising Public Schools,12,120,58.3,58.3,100,100,58.3,FALSE
Minnesota,2740860,Upsala Public School District,12,120,58.3,100,100,58.3,100,FALSE
Minnesota,2742330,Wheaton Area Public School District,12,120,58.3,100,100,58.3,100,FALSE
Missouri,2913440,Pleasant View R-VI School District,12,120,58.3,100,100,100,100,FALSE
Missouri,2916590,King City R-I School District,12,120,58.3,100,58.3,58.3,58.3,FALSE
Nebraska,3100123,High Plains Community Schools,12,120,58.3,100,58.3,100,58.3,FALSE
Nebraska,3104200,Blue Hill Public Schools,12,120,58.3,100,66.7,100,58.3,FALSE
Nebraska,3175060,Overton Public Schools,12,120,58.3,100,83.3,91.7,100,FALSE
Nebraska,3175960,Ravenna Public Schools,12,120,58.3,91.7,83.3,91.7,83.3,FALSE
Nebraska,3176170,Rock County Public Schools,12,120,58.3,100,66.7,100,100,FALSE
Nevada,3200030,Churchill County School District,187,1870,58.3,100,100,98.4,66.3,FALSE
New York,3605640,Bronxville Union Free School District,48,480,58.3,100,100,100,100,FALSE
Ohio,3904539,Granville Exempted Village School District,108,1080,58.3,100,100,100,58.3,FALSE
Ohio,3904774,Western Reserve Local School District,36,360,58.3,100,88.9,100,58.3,FALSE
Oklahoma,4009300,Cyril Public Schools,12,120,58.3,66.7,66.7,100,100,FALSE
Pennsylvania,4220640,St. Marys Area School District,96,960,58.3,100,100,100,69.8,FALSE
Alabama,101920,Jefferson County School District,1928,19280,58.2,100,98.4,99.9,63.1,FALSE
Indiana,1803510,Fayette County School Corporation,153,1530,58.2,100,78.4,100,100,FALSE
Kentucky,2103030,Jessamine County School District,376,3760,58.2,98.4,100,100,63.8,FALSE
Maryland,2400540,Queen Annes County Public Schools,306,3060,58.2,100,90.5,89.9,76.1,FALSE
New York,3626430,Seneca Falls Central School District,55,550,58.2,100,100,100,100,FALSE
Pennsylvania,4212840,Kiski Area School District,165,1650,58.2,100,100,100,69.7,FALSE
Texas,4824930,Joshua Independent School District,196,1960,58.2,100,85.2,99,70.9,FALSE
Texas,4826310,La Vernia Independent School District,110,1100,58.2,100,89.1,100,58.2,FALSE
Texas,4826490,Lake Worth Independent School District,189,1890,58.2,100,94.2,100,70.9,FALSE
Colorado,806660,Steamboat Springs School District RE-2,86,860,58.1,100,93,96.5,73.3,FALSE
Connecticut,905250,Windsor Locks School District,86,860,58.1,100,100,100,100,FALSE
Illinois,1727300,Brown County Community Unit School District 1,31,310,58.1,100,64.5,100,100,FALSE
Michigan,2634560,Van Buren Public Schools,289,2890,58.1,100,100,100,64.7,FALSE
Michigan,2636330,Whitmore Lake Public Schools,74,740,58.1,100,100,100,59.5,FALSE
Minnesota,2700326,Tracy Area Public School District,31,310,58.1,100,100,77.4,100,FALSE
Missouri,2925710,Ralls County R-II School District,31,310,58.1,100,83.9,93.5,58.1,FALSE
Oklahoma,4029070,Stroud Public Schools,31,310,58.1,77.4,67.7,100,64.5,FALSE
Oregon,4110410,Reedsport School District 105,31,310,58.1,80.6,100,100,100,FALSE
Pennsylvania,4215480,Milton Area School District,93,930,58.1,100,100,100,62.4,FALSE
Texas,4808400,Anson Independent School District,31,310,58.1,100,61.3,100,100,FALSE
Texas,4818330,Electra Independent School District,31,310,58.1,100,100,100,61.3,FALSE
Texas,4821390,Granbury Independent School District,341,3410,58.1,92.4,85.6,99.7,59.2,FALSE
Wisconsin,5501350,Bloomer School District,62,620,58.1,100,77.4,100,66.1,FALSE
Wisconsin,5507440,Kiel Area School District,43,430,58.1,100,65.1,100,95.3,FALSE
Colorado,805550,Mapleton School District 1,274,2740,58,100,100,100,100,FALSE
Iowa,1926730,South Tama County Community School District,50,500,58,100,72,76,72,FALSE
Massachusetts,2508280,Narragansett School District,100,1000,58,100,89,97,92,FALSE
New Jersey,3407440,Hopatcong Borough School District,69,690,58,100,100,100,82.6,FALSE
North Carolina,3703540,Pasquotank County Schools,300,3000,58,100,100,100,65,FALSE
Pennsylvania,4212030,Hopewell Area School District,112,1120,58,100,100,100,64.3,FALSE
Texas,4821450,Grand Saline Independent School District,50,500,58,78,78,100,78,FALSE
Wisconsin,5502820,Columbus School District,50,500,58,100,74,100,70,FALSE
California,609810,Corning Union High School District,159,1590,57.9,98.1,100,100,93.7,FALSE
Connecticut,902580,Montville School District,95,950,57.9,98.9,100,100,67.4,FALSE
Illinois,1709330,Cerro Gordo Community Unit School District 100,19,190,57.9,100,78.9,100,100,FALSE
Iowa,1912510,Gilbert Community School District,57,570,57.9,100,87.7,100,64.9,FALSE
Missouri,2928560,Southern Boone County R-I School District,76,760,57.9,100,75,92.1,61.8,FALSE
Missouri,2930270,Thayer R-II School District,19,190,57.9,100,57.9,100,68.4,FALSE
Nebraska,3174200,Conestoga Public Schools,38,380,57.9,100,73.7,100,63.2,FALSE
North Carolina,3702680,Lincoln County Schools,558,5580,57.9,100,100,100,67.7,FALSE
Ohio,3904757,Holgate Local School District,19,190,57.9,100,100,100,57.9,FALSE
Ohio,3910001,Van Buren Local School District,57,570,57.9,100,100,100,59.6,FALSE
Oklahoma,4004470,Bishop Public School,19,190,57.9,100,100,100,78.9,FALSE
Oklahoma,4008460,Comanche Public Schools,38,380,57.9,100,65.8,100,92.1,FALSE
Oklahoma,4033600,Zion Public School,19,190,57.9,84.2,73.7,100,57.9,FALSE
Texas,4841400,Stamford Independent School District,19,190,57.9,100,68.4,100,68.4,FALSE
California,630600,Pittsburg Unified School District,514,5140,57.8,100,100,100,99.6,FALSE
California,634880,San Marcos Unified School District,883,8830,57.8,100,100,99.9,70.1,FALSE
Indiana,1802550,Danville Community School Corporation,116,1160,57.8,100,100,100,63.8,FALSE
Iowa,1907380,Clarion-Goldfield-Dows Community School District,45,450,57.8,100,91.1,91.1,64.4,FALSE
Kentucky,2100630,Boyle County School District,109,1090,57.8,94.5,91.7,100,75.2,FALSE
Louisiana,2201020,Livingston Parish School District,1160,11600,57.8,99.6,98.8,100,66.2,FALSE
New Mexico,3500900,EspaÃ±ola Municipal Schools,218,2180,57.8,96.8,100,95.9,69.3,FALSE
New York,3619680,Valley Central School District (Montgomery),206,2060,57.8,100,100,99.5,63.6,FALSE
Tennessee,4703030,Clarksville-Montgomery County School System,2071,20710,57.8,100,99.6,100,67.3,FALSE
Texas,4813960,China Spring Independent School District,102,1020,57.8,100,91.2,100,60.8,FALSE
Utah,4900960,South Sanpete School District,109,1090,57.8,96.3,92.7,87.2,72.5,FALSE
Wisconsin,5517070,Wisconsin Rapids School District,223,2230,57.8,100,79.8,100,99.1,FALSE
Wyoming,5605090,Platte County School District 1,45,450,57.8,100,100,100,57.8,FALSE
Colorado,803870,School District 49,940,9400,57.7,100,100,100,74,FALSE
Kansas,2010080,Oberlin Unified School District 294,26,260,57.7,100,57.7,57.7,100,FALSE
Michigan,2606840,Bridgman Public Schools,26,260,57.7,100,100,100,65.4,FALSE
Michigan,2621450,Leslie Public Schools,52,520,57.7,100,100,100,63.5,FALSE
Michigan,2623250,Mattawan Consolidated School,149,1490,57.7,100,100,99.3,61.1,FALSE
New Hampshire,3301590,Auburn School District,26,260,57.7,100,100,100,57.7,FALSE
New Jersey,3406210,Greenwich Township School District,26,260,57.7,100,84.6,100,61.5,FALSE
Ohio,3904636,Williamsburg Local School District,26,260,57.7,73.1,100,100,88.5,FALSE
Pennsylvania,4207140,Curwensville Area School District,26,260,57.7,96.2,100,61.5,100,FALSE
Tennessee,4701390,Bradford Special School District,26,260,57.7,100,57.7,100,100,FALSE
Virginia,5100810,Chesapeake City Public Schools,1820,18200,57.7,100,100,100,75,FALSE
Alabama,101260,Elba City School District,33,330,57.6,100,100,100,100,FALSE
Arkansas,506690,Centerpoint School District,33,330,57.6,97,100,100,60.6,FALSE
California,622590,Los Alamitos Unified School District,203,2030,57.6,100,100,100,66,FALSE
Colorado,804020,Weld County School District RE-8,118,1180,57.6,100,66.1,100,99.2,FALSE
Illinois,1720490,Johnsburg Community Unit School District 12,99,990,57.6,100,83.8,100,74.7,FALSE
Indiana,1808760,Penn-Harris-Madison School Corporation,458,4580,57.6,100,100,100,66.8,FALSE
Kansas,2000353,Nemaha Unified School District 115,33,330,57.6,100,60.6,90.9,100,FALSE
Kentucky,2103960,McCracken County School District,340,3400,57.6,97.9,93.8,100,75.3,FALSE
Louisiana,2200060,Allen Parish School District,172,1720,57.6,99.4,90.7,100,84.9,FALSE
Maine,2311790,School Administrative District 06,132,1320,57.6,100,94.7,89.4,67.4,FALSE
Nebraska,3100085,St. Paul Public Schools,33,330,57.6,100,69.7,72.7,100,FALSE
Nebraska,3170530,Falls City Public Schools,33,330,57.6,87.9,57.6,78.8,78.8,FALSE
Nebraska,3175510,Pierce Public Schools,33,330,57.6,100,100,60.6,100,FALSE
New York,3614640,Homer Central School District,85,850,57.6,100,100,97.6,94.1,FALSE
New York,3616260,Kings Park Central School District,139,1390,57.6,100,100,100,64.7,FALSE
Oregon,4105100,Siuslaw School District 97J,33,330,57.6,100,100,100,100,FALSE
Rhode Island,4401110,Warwick School District,467,4670,57.6,100,100,100,66.6,FALSE
Washington,5305220,Moses Lake School District,373,3730,57.6,100,89.3,100,83.6,FALSE
Wisconsin,5517130,Wonewoc-Union Center School District,33,330,57.6,100,66.7,100,84.8,FALSE
Michigan,2606780,Bridgeport-Spaulding Community School District,106,1060,57.5,95.3,100,100,78.3,FALSE
Ohio,3904964,Valley Local School District,40,400,57.5,100,97.5,100,57.5,FALSE
Virginia,5102490,Middlesex County Public Schools,40,400,57.5,100,87.5,100,62.5,FALSE
Connecticut,902850,New Milford School District,204,2040,57.4,100,100,100,57.8,FALSE
Illinois,1730200,Orion Community Unit School District 223,47,470,57.4,100,89.4,91.5,70.2,FALSE
Illinois,1736900,Sparta Community Unit School District 140,47,470,57.4,97.9,100,100,100,FALSE
Indiana,1800270,Avon Community School Corporation,385,3850,57.4,100,96.6,100,62.6,FALSE
Kentucky,2104110,Mercer County School District,162,1620,57.4,100,95.1,100,61.7,FALSE
Minnesota,2700006,Maple River School District,47,470,57.4,100,93.6,63.8,93.6,FALSE
Mississippi,2803360,Ocean Springs School District,162,1620,57.4,100,100,100,57.4,FALSE
North Carolina,3701110,Dare County Schools,195,1950,57.4,100,100,100,90.8,FALSE
Oklahoma,4016560,Kingfisher Public Schools,54,540,57.4,100,87,92.6,100,FALSE
Oklahoma,4018000,Locust Grove Public Schools,47,470,57.4,100,68.1,100,70.2,FALSE
Pennsylvania,4205730,Chartiers-Houston School District,54,540,57.4,100,100,100,57.4,FALSE
Pennsylvania,4218360,Palmerton Area School District,68,680,57.4,100,100,100,57.4,FALSE
South Carolina,4503780,Williamsburg County School District,176,1760,57.4,99.4,98.9,98.9,68.8,FALSE
Texas,4812480,Calhoun County Independent School District,136,1360,57.4,100,72.1,100,58.1,FALSE
Wisconsin,5515960,Wautoma Area School District,61,610,57.4,100,73.8,95.1,95.1,FALSE
Arkansas,509390,Marion School District,185,1850,57.3,100,100,100,57.3,FALSE
Kentucky,2105400,Simpson County School District,164,1640,57.3,100,100,100,57.3,FALSE
Missouri,2908400,Centralia R-VI School District,75,750,57.3,100,100,100,65.3,FALSE
New York,3609330,Dryden Central School District,75,750,57.3,98.7,96,90.7,69.3,FALSE
New York,3614760,Hoosick Falls Central School District,75,750,57.3,98.7,100,100,98.7,FALSE
Texas,4825200,Kaufman Independent School District,150,1500,57.3,100,81.3,100,59.3,FALSE
Utah,4900450,Juab School District,117,1170,57.3,100,100,100,100,FALSE
Colorado,804410,Greeley School District 6,1044,10440,57.2,100,100,100,89,FALSE
Louisiana,2200030,Acadia Parish School District,460,4600,57.2,99.6,97.2,100,87.4,FALSE
Michigan,2629540,Reeths-Puffer Schools,138,1380,57.2,96.4,100,79,73.9,FALSE
New York,3627240,South Glens Falls Central School District,138,1380,57.2,100,100,99.3,98.6,FALSE
South Carolina,4501860,Darlington County School District,428,4280,57.2,93.9,87.9,99.8,60.3,FALSE
Washington,5301410,Clover Park School District,908,9080,57.2,100,100,100,78.4,FALSE
Wisconsin,5506120,Hartford Union High School District,187,1870,57.2,100,94.1,100,63.1,FALSE
Alabama,103300,Thomasville City School District,28,280,57.1,100,82.1,100,57.1,FALSE
Colorado,804140,Sierra Grande School District R-30,7,70,57.1,57.1,100,100,100,FALSE
Georgia,1304590,Stewart County School District,7,70,57.1,71.4,85.7,100,100,FALSE
Illinois,1720430,Jersey Community Unit School District 100,105,1050,57.1,100,100,100,64.8,FALSE
Indiana,1805790,Lebanon Community School Corporation,212,2120,57.1,100,100,100,73.6,FALSE
Iowa,1900060,GMG Community School District,7,70,57.1,100,71.4,100,100,FALSE
Iowa,1913110,Nodaway Valley Community School District,28,280,57.1,100,82.1,64.3,67.9,FALSE
Iowa,1918120,MFL MarMac Community School District,42,420,57.1,76.2,76.2,100,73.8,FALSE
Kansas,2006690,Greeley County Schools Unified School District 200,14,140,57.1,100,100,100,100,FALSE
Maine,2310710,School Administrative District 15,84,840,57.1,100,96.4,97.6,64.3,FALSE
Massachusetts,2500002,Spencer-East Brookfield School District,91,910,57.1,100,84.6,100,63.7,FALSE
Massachusetts,2506300,Hopedale School District,21,210,57.1,100,100,100,76.2,FALSE
Michigan,2617910,Hartland Consolidated Schools,191,1910,57.1,100,100,100,57.1,FALSE
Michigan,2618330,Highland Park City Schools,56,560,57.1,100,100,100,100,FALSE
Michigan,2634380,Ubly Community Schools,21,210,57.1,100,100,100,57.1,FALSE
Michigan,2634410,Union City Community Schools,42,420,57.1,100,100,100,100,FALSE
Minnesota,2705760,Blooming Prairie Public School District,28,280,57.1,100,100,57.1,64.3,FALSE
Minnesota,2715540,Ivanhoe Public School District,7,70,57.1,100,100,57.1,100,FALSE
Missouri,2932100,Windsor C-1 School District,112,1120,57.1,100,88.4,100,83.9,FALSE
New Jersey,3408310,Lavallette Borough School District,21,210,57.1,100,100,100,100,FALSE
New York,3609210,Dover Union Free School District,35,350,57.1,82.9,100,77.1,80,FALSE
North Carolina,3704880,Wayne County Public Schools,902,9020,57.1,96.5,100,100,63.3,FALSE
North Dakota,3800041,May-Port CG Public School District 14,21,210,57.1,100,100,100,71.4,FALSE
North Dakota,3805340,Drayton Public School District 19,7,70,57.1,100,57.1,100,100,FALSE
North Dakota,3810180,Kenmare Public School District 28,21,210,57.1,100,90.5,100,57.1,FALSE
Ohio,3904595,New Bremen Local School District,42,420,57.1,100,100,100,57.1,FALSE
Ohio,3904931,Columbus Grove Local School District,21,210,57.1,100,100,100,57.1,FALSE
Ohio,3904945,Madison Local School District,140,1400,57.1,100,100,100,77.1,FALSE
Oklahoma,4003570,Barnsdall Public Schools,14,140,57.1,100,64.3,100,57.1,FALSE
Oklahoma,4019680,Meeker Public Schools,21,210,57.1,100,71.4,100,61.9,FALSE
Oklahoma,4025050,Preston Public Schools,7,70,57.1,85.7,71.4,85.7,100,FALSE
Oklahoma,4027990,South Rock Creek Public School,21,210,57.1,100,81,100,76.2,FALSE
Oklahoma,4031650,Warner Public Schools,21,210,57.1,100,57.1,100,100,FALSE
Pennsylvania,4215150,Meyersdale Area School District,42,420,57.1,90.5,100,100,57.1,FALSE
South Carolina,4503000,McCormick County School District,35,350,57.1,74.3,97.1,100,100,FALSE
South Carolina,4503030,Newberry County School District,203,2030,57.1,98,93.1,100,66,FALSE
South Dakota,4624850,Stanley County School District 57-1,14,140,57.1,100,100,100,57.1,FALSE
Texas,4808430,Anthony Independent School District,35,350,57.1,100,97.1,82.9,80,FALSE
Texas,4823490,Hooks Independent School District,14,140,57.1,100,71.4,100,57.1,FALSE
Texas,4824000,Huntington Independent School District,35,350,57.1,100,88.6,100,57.1,FALSE
Texas,4839900,Shamrock Independent School District,14,140,57.1,100,100,100,100,FALSE
Texas,4842000,Sweet Home Independent School District,7,70,57.1,100,85.7,100,57.1,FALSE
Wisconsin,5501680,Brillion School District,35,350,57.1,100,57.1,100,100,FALSE
Wisconsin,5514520,Stockbridge School District,7,70,57.1,100,57.1,100,100,FALSE
Wyoming,5602150,Converse County School District 2,21,210,57.1,100,100,100,57.1,FALSE
California,604440,Bellflower Unified School District,528,5280,57,100,100,100,100,FALSE
Illinois,1718420,Harvard Community Unit School District 50,107,1070,57,100,78.5,100,61.7,FALSE
Kentucky,2103180,Larue County School District,100,1000,57,100,90,100,59,FALSE
Louisiana,2200720,Iberia Parish School District,539,5390,57,100,98.7,100,78.5,FALSE
Minnesota,2722920,Westonka Public School District,107,1070,57,100,99.1,100,68.2,FALSE
Minnesota,2745735,Zumbrota-Mazeppa School District,79,790,57,100,100,72.2,100,FALSE
Ohio,3904405,Geneva Area City School District,86,860,57,98.8,97.7,100,75.6,FALSE
Alabama,102650,Pell City City School District,188,1880,56.9,96.8,93.1,100,61.7,FALSE
Illinois,1734320,Rochester Community Unit School District 3A,51,510,56.9,100,80.4,100,60.8,FALSE
Indiana,1809510,Richmond Community School Corporation,276,2760,56.9,100,100,100,61.6,FALSE
Minnesota,2732850,Sauk Centre Public School District,65,650,56.9,100,100,60,69.2,FALSE
Mississippi,2803300,Noxubee County School District,102,1020,56.9,81.4,100,100,56.9,FALSE
Missouri,2905660,Bowling Green R-I School District,58,580,56.9,100,100,100,56.9,FALSE
New Hampshire,3306720,Timberlane Regional School District,167,1670,56.9,100,94,100,67.1,FALSE
Ohio,3904392,East Palestine City School District,58,580,56.9,100,100,100,98.3,FALSE
Pennsylvania,4216020,Mount Union Area School District,65,650,56.9,100,100,100,100,FALSE
Pennsylvania,4222400,Southeast Delco School District,218,2180,56.9,100,100,100,99.5,FALSE
Texas,4843290,Westwood Independent School District,51,510,56.9,100,72.5,100,76.5,FALSE
Wisconsin,5511100,Oregon School District,144,1440,56.9,100,71.5,100,72.9,FALSE
Wisconsin,5516770,Wilmot Union High School District,102,1020,56.9,98,83.3,100,79.4,FALSE
California,619700,Kings Canyon Joint Unified School District,405,4050,56.8,100,100,100,88.9,FALSE
Louisiana,2201200,Ouachita Parish School District,882,8820,56.8,100,98.1,100,63.4,FALSE
Minnesota,2718660,Mahnomen Public School District,37,370,56.8,100,100,97.3,100,FALSE
Missouri,2932010,Willard R-II School District,190,1900,56.8,100,98.9,98.9,96.3,FALSE
Nebraska,3103330,Auburn Public Schools,44,440,56.8,84.1,61.4,61.4,61.4,FALSE
New Jersey,3400960,Atlantic City School District,317,3170,56.8,100,100,100,100,FALSE
New Jersey,3402400,Buena Regional School District,74,740,56.8,100,91.9,100,100,FALSE
North Carolina,3702370,Johnston County Schools,1640,16400,56.8,100,100,100,60.9,FALSE
Oklahoma,4003540,Banner Public School,37,370,56.8,100,89.2,100,70.3,FALSE
Pennsylvania,4224820,Warren County School District,241,2410,56.8,100,100,100,62.2,FALSE
Wisconsin,5507710,Lake Mills Area School District,44,440,56.8,100,68.2,100,65.9,FALSE
Alabama,100240,Autauga County School District,409,4090,56.7,98.5,98,99.5,60.4,FALSE
California,620370,Laguna Beach Unified School District,90,900,56.7,100,100,100,57.8,FALSE
Michigan,2602220,Allegan Public Schools,164,1640,56.7,100,100,98.8,74.4,FALSE
Michigan,2627240,Oxford Area Community Schools,157,1570,56.7,100,100,100,56.7,FALSE
Ohio,3910002,Arcadia Local School District,30,300,56.7,100,100,100,63.3,FALSE
Texas,4809450,Barbers Hill Independent School District,215,2150,56.7,100,93,100,58.1,FALSE
Texas,4828290,Los Fresnos Consolidated Independent School District,425,4250,56.7,100,91.1,100,80.5,FALSE
Wisconsin,5509960,Mosinee School District,67,670,56.7,100,73.1,100,91,FALSE
Georgia,1301500,Coweta County School District,989,9890,56.6,99.8,94.5,100,63.4,FALSE
Illinois,1729790,O'Fallon Township High School District 203,350,3500,56.6,100,100,100,88,FALSE
Kansas,2005940,Emporia Unified School District 253,159,1590,56.6,100,100,100,100,FALSE
Massachusetts,2525010,Fairhaven/New Bedford School Districts in Acushnet (9-12),53,530,56.6,100,96.2,100,77.4,FALSE
Minnesota,2700102,Sibley East School District,53,530,56.6,100,96.2,58.5,100,FALSE
Mississippi,2800840,Brookhaven School District,106,1060,56.6,57.5,100,100,57.5,FALSE
New Jersey,3411730,Northern Highlands Regional School District,106,1060,56.6,100,100,100,56.6,FALSE
Oklahoma,4019560,McLoud Public Schools,53,530,56.6,94.3,81.1,100,81.1,FALSE
South Carolina,4501110,Beaufort County School District,1121,11210,56.6,98.5,96.1,99.4,63.4,FALSE
Texas,4831770,Mount Vernon Independent School District,53,530,56.6,96.2,92.5,100,66,FALSE
West Virginia,5400360,Grant County School District,83,830,56.6,69.9,69.9,98.8,89.2,FALSE
Iowa,1905430,West Hancock Community School District,23,230,56.5,100,56.5,100,56.5,FALSE
Iowa,1915840,Knoxville Community School District,62,620,56.5,100,66.1,98.4,58.1,FALSE
Kansas,2006270,Fredonia Unified School District 484,23,230,56.5,100,87,100,82.6,FALSE
New York,3617640,Livonia Central School District,62,620,56.5,100,87.1,91.9,80.6,FALSE
New York,3625260,Rye City School District,85,850,56.5,100,100,100,91.8,FALSE
Ohio,3904794,Rock Hill Local School District,62,620,56.5,96.8,59.7,100,100,FALSE
Ohio,3905070,North Baltimore Local School District,23,230,56.5,100,100,100,56.5,FALSE
Ohio,3910028,Rittman Exempted Village School District,23,230,56.5,100,100,100,100,FALSE
Oregon,4101710,Baker School District 5J,85,850,56.5,100,100,74.1,95.3,FALSE
Texas,4815300,Corrigan-Camden Independent School District,46,460,56.5,100,95.7,100,56.5,FALSE
Virginia,5102670,Norfolk City Public Schools,1832,18320,56.5,100,100,100,89.6,FALSE
Washington,5307770,Selah School District,147,1470,56.5,100,100,100,61.9,FALSE
Wisconsin,5512150,Prairie du Chien Area School District,46,460,56.5,100,67.4,93.5,91.3,FALSE
Indiana,1801050,Brownstown Central Community School Corporation,78,780,56.4,100,100,100,69.2,FALSE
Minnesota,2703570,Bagley Public School District,39,390,56.4,97.4,87.2,61.5,100,FALSE
Minnesota,2703870,Becker Public School District,140,1400,56.4,100,100,65,87.9,FALSE
Minnesota,2738880,Esko Public School District,39,390,56.4,100,100,69.2,64.1,FALSE
Missouri,2905430,North St. Francis County R-I School District,110,1100,56.4,100,85.5,100,91.8,FALSE
Oregon,4108720,Newberg School District 29J,264,2640,56.4,100,100,100,100,FALSE
Texas,4800008,Dripping Springs Independent School District,307,3070,56.4,100,93.2,100,60.9,FALSE
Vermont,5000411,Quarry Valley Unified Union School District 70,39,390,56.4,100,64.1,92.3,61.5,FALSE
Virginia,5101260,Fairfax County Public Schools,8121,81210,56.4,100,99.3,99,79.6,FALSE
Alabama,101690,Guntersville City School District,71,710,56.3,100,90.1,100,71.8,FALSE
Arizona,404720,Maricopa Unified School District,485,4850,56.3,100,100,100,68,FALSE
Florida,.,.,979,9790,56.3,100,99.5,100,57.7,FALSE
Nebraska,3100095,Crete Public Schools,71,710,56.3,81.7,74.6,97.2,67.6,FALSE
Ohio,3904421,Lebanon City School District,309,3090,56.3,100,100,100,65.7,FALSE
Texas,4822170,Hallsville Independent School District,167,1670,56.3,100,85.6,100,59.9,FALSE
Wisconsin,5510830,Oak Creek-Franklin School District,261,2610,56.3,100,90.4,100,72.4,FALSE
Illinois,1700153,Lewistown Community Unit School District 97,32,320,56.2,78.1,62.5,100,62.5,FALSE
Iowa,1909570,Boyer Valley Community School District,32,320,56.2,100,90.6,100,71.9,FALSE
Kansas,2007350,Holcomb Unified School District 363,32,320,56.2,100,56.2,100,100,FALSE
Kentucky,2102040,Fort Thomas Independent School District,96,960,56.2,100,100,100,65.6,FALSE
Kentucky,2105320,Shelby County School District,340,3400,56.2,100,100,100,61.8,FALSE
Michigan,2631320,Shelby Public Schools,48,480,56.2,89.6,100,97.9,62.5,FALSE
Missouri,2908170,Cassville R-IV School District,73,730,56.2,100,100,100,71.2,FALSE
Montana,3028620,Wolf Point High School District,48,480,56.2,100,100,100,100,FALSE
New York,3603240,Arkport Central School District,16,160,56.2,100,93.8,100,100,FALSE
New York,3623880,Pulaski Central School District,32,320,56.2,100,87.5,100,100,FALSE
New York,3627180,Somers Central School District,73,730,56.2,100,100,100,60.3,FALSE
Pennsylvania,4204050,Brandywine Heights Area School District,80,800,56.2,100,100,100,60,FALSE
South Carolina,4503810,York School District 1,235,2350,56.2,100,93.6,99.1,68.1,FALSE
Texas,4808190,Anahuac Independent School District,73,730,56.2,100,100,100,58.9,FALSE
Texas,4826910,Latexo Independent School District,16,160,56.2,100,68.8,100,100,FALSE
Wisconsin,5512810,Rice Lake Area School District,105,1050,56.2,100,86.7,100,65.7,FALSE
Wisconsin,5517040,Wisconsin Dells School District,48,480,56.2,100,77.1,100,89.6,FALSE
California,603030,Northern Humboldt Union High School District,221,2210,56.1,100,100,99.1,82.8,FALSE
Colorado,803540,Eagle County School District RE 50,171,1710,56.1,99.4,100,100,86,FALSE
Illinois,1718810,Herrin Community Unit School District 4,114,1140,56.1,100,100,100,93.9,FALSE
Iowa,1903930,Atlantic Community School District,41,410,56.1,100,90.2,75.6,56.1,FALSE
Iowa,1931350,Western Dubuque County Community School District,198,1980,56.1,100,91.9,98.5,66.7,FALSE
Kansas,2006480,Girard Unified School District 248,41,410,56.1,100,73.2,100,100,FALSE
Kentucky,2101470,Daviess County School District,594,5940,56.1,100,98.5,100,68.9,FALSE
Louisiana,2200630,Evangeline Parish School District,262,2620,56.1,98.9,94.3,100,72.5,FALSE
New Hampshire,3305430,Northwood School District,41,410,56.1,100,82.9,100,56.1,FALSE
New York,3617520,Liverpool Central School District,310,3100,56.1,100,100,100,74.2,FALSE
Ohio,3904953,Union-Scioto Local School District,82,820,56.1,100,73.2,98.8,57.3,FALSE
Pennsylvania,4217220,North Hills School District,294,2940,56.1,100,100,100,56.5,FALSE
Wisconsin,5509780,Mondovi School District,41,410,56.1,95.1,82.9,87.8,100,FALSE
Colorado,802700,Byers School District 32J,25,250,56,100,56,100,100,FALSE
Georgia,1300210,Baldwin County School District,252,2520,56,100,92.1,100,58.3,FALSE
Illinois,1718870,Heyworth Community Unit School District 4,25,250,56,100,64,72,100,FALSE
Kansas,2010710,Pittsburg Unified School District 250,134,1340,56,100,100,100,100,FALSE
Michigan,2621390,Leland Public School District,25,250,56,100,100,64,92,FALSE
Michigan,2632640,St. Charles Community Schools,25,250,56,84,100,84,100,FALSE
New York,3600017,Genesee Valley Central School District,25,250,56,100,56,100,100,FALSE
Ohio,3904443,Napoleon Area City School District,100,1000,56,100,92,100,64,FALSE
Oregon,4100015,Gervais School District 1,50,500,56,74,100,100,100,FALSE
Tennessee,4747002,Arlington Community Schools in Lakeland (9-12),109,1090,56,100,100,100,67.9,FALSE
Arkansas,503060,Bentonville Public Schools,1015,10150,55.9,100,100,100,56.2,FALSE
Georgia,1301440,Commerce City School District,68,680,55.9,100,100,100,77.9,FALSE
Louisiana,2200330,Calcasieu Parish School District,1679,16790,55.9,99.9,100,100,69.3,FALSE
Michigan,2615390,Fruitport Community Schools,118,1180,55.9,100,100,100,68.6,FALSE
New Jersey,.,.,338,3380,55.9,100,97.9,100,79.9,FALSE
New Jersey,3409090,Lower Cape May Regional School District,118,1180,55.9,100,94.9,100,78,FALSE
New York,3623160,Pittsford Central School District,247,2470,55.9,100,100,100,65.6,FALSE
Pennsylvania,4204980,Carbondale Area School District,102,1020,55.9,100,100,100,66.7,FALSE
Texas,4841010,Spearman Independent School District,34,340,55.9,100,100,100,100,FALSE
Virginia,5102430,Mathews County Public Schools,34,340,55.9,97.1,82.4,100,61.8,FALSE
California,630750,Placer Union High School District,423,4230,55.8,100,100,93.1,74.7,FALSE
California,634140,San Benito High School District,446,4460,55.8,100,100,86.5,97.8,FALSE
Connecticut,900120,Avon School District,138,1380,55.8,100,94.9,100,60.9,FALSE
Michigan,2627810,Pennfield School District,43,430,55.8,100,100,100,65.1,FALSE
New York,3618120,Mahopac Central School District,181,1810,55.8,100,100,100,63.5,FALSE
Wisconsin,5510590,New London School District,113,1130,55.8,100,77,100,78.8,FALSE
Illinois,1704170,Township High School District 214,1749,17490,55.7,100,100,100,72.2,FALSE
Illinois,1704770,Central Community High School District 71,122,1220,55.7,86.9,94.3,96.7,63.1,FALSE
Louisiana,2201800,Vermilion Parish School District,458,4580,55.7,98.9,95.4,100,75.1,FALSE
Massachusetts,2504360,Dudley-Charlton Regional School District,140,1400,55.7,100,95,88.6,75,FALSE
New York,3621900,Orchard Park Central School District,253,2530,55.7,100,99.2,100,64,FALSE
Oklahoma,4005490,Broken Arrow Public Schools,1051,10510,55.7,100,97.7,100,79.2,FALSE
Texas,4823100,Hidalgo Independent School District,70,700,55.7,100,72.9,100,100,FALSE
Arkansas,500049,De Queen School District,81,810,55.6,100,100,100,59.3,FALSE
California,624480,Mendocino Unified School District,9,90,55.6,100,100,100,55.6,FALSE
Connecticut,902130,Lebanon School District,36,360,55.6,100,80.6,100,66.7,FALSE
Georgia,1301050,Chattahoochee County School District,9,90,55.6,100,55.6,100,100,FALSE
Illinois,1736600,County of Winnebago SD 320,36,360,55.6,100,100,100,100,FALSE
Iowa,1926250,Sidney Community School District,9,90,55.6,100,77.8,55.6,100,FALSE
Kansas,2007380,Holton Unified School District 336,36,360,55.6,100,58.3,100,100,FALSE
Massachusetts,2507380,Martha's Vineyard School District,90,900,55.6,100,100,94.4,61.1,FALSE
Massachusetts,2507890,Millbury School District,99,990,55.6,100,94.9,100,92.9,FALSE
Michigan,2606510,Boyne Falls Public School District,9,90,55.6,100,100,88.9,66.7,FALSE
Michigan,2610650,Concord Community Schools,36,360,55.6,100,100,88.9,75,FALSE
Michigan,2612150,Dowagiac Union Schools,72,720,55.6,94.4,100,98.6,62.5,FALSE
Michigan,2612690,Eaton Rapids Public Schools,108,1080,55.6,100,100,100,57.4,FALSE
Michigan,2622500,Manton Consolidated Schools,54,540,55.6,100,100,88.9,66.7,FALSE
New Hampshire,3305970,Rollinsford School District,9,90,55.6,100,100,100,100,FALSE
New Jersey,3406720,Harding Township School District,9,90,55.6,100,100,100,66.7,FALSE
New Mexico,3500150,Aztec Municipal Schools,117,1170,55.6,100,100,100,59.8,FALSE
New York,3611310,Fort Edward Union Free School District,9,90,55.6,100,100,100,66.7,FALSE
North Dakota,3802530,Belcourt Public School District 7,54,540,55.6,55.6,72.2,100,94.4,FALSE
Ohio,3904511,Wilmington City School District,144,1440,55.6,88.9,88.9,96.5,86.1,FALSE
Ohio,3904650,Buckeye Central Local School District,27,270,55.6,100,74.1,100,81.5,FALSE
Ohio,3904933,Jennings Local School District,18,180,55.6,100,100,100,55.6,FALSE
Oregon,4111450,Silver Falls School District 4J,153,1530,55.6,100,100,100,88.9,FALSE
South Dakota,4603780,Armour School District 21-1,18,180,55.6,100,61.1,100,55.6,FALSE
Texas,4813440,Central Heights Independent School District,18,180,55.6,100,66.7,100,55.6,FALSE
Texas,4814250,Claude Independent School District,18,180,55.6,100,100,100,55.6,FALSE
Texas,4814450,Clyde Consolidated Independent School District,45,450,55.6,100,77.8,100,68.9,FALSE
Texas,4822260,Hamlin Independent School District,18,180,55.6,100,55.6,100,100,FALSE
Texas,4828530,Lueders-Avoca Independent School District,9,90,55.6,100,55.6,100,100,FALSE
Texas,4833840,Ore City Independent School District,18,180,55.6,88.9,77.8,100,55.6,FALSE
Texas,4846710,Zapata County Independent School District,142,1420,55.6,100,77.5,100,77.5,FALSE
Wisconsin,5501260,Black River Falls School District,72,720,55.6,98.6,61.1,95.8,100,FALSE
Arkansas,506060,Camden Fairview School District,110,1100,55.5,100,87.3,100,60.9,FALSE
Florida,1200360,Columbia County School District,506,5060,55.5,100,92.5,100,61.9,FALSE
Idaho,1601860,Lewiston Independent School District 340,274,2740,55.5,100,100,100,68.2,FALSE
North Carolina,3703930,Robeson County Schools,963,9630,55.5,97,100,100,65.6,FALSE
Arizona,402860,Flagstaff Unified District,547,5470,55.4,100,99.8,100,59.2,FALSE
Indiana,1803450,Evansville-Vanderburgh School Corporation,1278,12780,55.4,100,99.8,100,61.2,FALSE
Minnesota,2700383,Morris Area Public Schools,56,560,55.4,100,100,60.7,100,FALSE
Mississippi,2801220,Copiah County School District,121,1210,55.4,90.9,100,100,56.2,FALSE
Ohio,3904800,Licking Heights Local School District,271,2710,55.4,100,100,100,73.1,FALSE
Ohio,3904885,Maysville Local School District,92,920,55.4,100,93.5,100,90.2,FALSE
Oregon,4105160,Forest Grove School District 15,242,2420,55.4,100,100,98.3,100,FALSE
Wisconsin,5510890,Oconomowoc Area School District,193,1930,55.4,100,91.2,100,70.5,FALSE
California,600029,Murrieta Valley Unified School District,929,9290,55.3,100,100,93.9,69.4,FALSE
Connecticut,903780,Regional High School District 09,85,850,55.3,100,92.9,100,58.8,FALSE
Maryland,2400240,Cecil County Public Schools,682,6820,55.3,100,96.2,99.6,67.7,FALSE
Michigan,2623670,Mesick Consolidated Schools,47,470,55.3,57.4,100,97.9,100,FALSE
Mississippi,2802550,Lee County School District,318,3180,55.3,93.7,100,100,65.4,FALSE
Montana,3008340,Dawson High School District,47,470,55.3,97.9,100,100,70.2,FALSE
New Hampshire,3302880,Epping School District,38,380,55.3,100,89.5,100,55.3,FALSE
New Mexico,3501740,Lovington Public Schools,188,1880,55.3,100,100,100,99.5,FALSE
New York,3606990,Chappaqua Central School District,132,1320,55.3,100,100,100,56.1,FALSE
Oklahoma,4006120,Cache Public Schools,47,470,55.3,100,74.5,97.9,66,FALSE
Texas,4829160,Marshall Independent School District,255,2550,55.3,75.7,75.7,100,57.3,FALSE
Georgia,1302520,Spalding County School District,471,4710,55.2,100,96.2,100,65.6,FALSE
Illinois,1724090,Maine Township High School District 207,922,9220,55.2,100,100,100,91.6,FALSE
Minnesota,2718750,Mahtomedi Public School District,96,960,55.2,100,99,100,60.4,FALSE
Montana,3015420,Flathead High School District,478,4780,55.2,100,100,99.4,73.8,FALSE
North Carolina,3703630,Person County Schools,239,2390,55.2,100,100,100,86.6,FALSE
Ohio,3904631,Bethel-Tate Local School District,58,580,55.2,93.1,100,100,55.2,FALSE
Oklahoma,4023850,Perry Public Schools,29,290,55.2,79.3,100,100,55.2,FALSE
Pennsylvania,4210200,Franklin Area School District,96,960,55.2,65.6,95.8,96.9,63.5,FALSE
Texas,4815810,Cross Plains Independent School District,29,290,55.2,100,100,100,72.4,FALSE
Texas,4834230,Panhandle Independent School District,29,290,55.2,100,55.2,100,100,FALSE
Wisconsin,5505160,Germantown School District,145,1450,55.2,100,96.6,100,65.5,FALSE
Wisconsin,5507170,Johnson Creek School District,29,290,55.2,100,100,100,58.6,FALSE
Wisconsin,5513050,River Falls School District,116,1160,55.2,100,73.3,100,69,FALSE
Arkansas,506990,Greenwood School District,158,1580,55.1,100,95.6,100,57,FALSE
Michigan,2624120,Mona Shores Public School District,225,2250,55.1,100,100,100,83.6,FALSE
New York,3601087,Central Valley Central School District,69,690,55.1,100,72.5,92.8,100,FALSE
Ohio,3904409,Greenville City School District,138,1380,55.1,100,100,100,55.8,FALSE
Oklahoma,4031110,Verdigris Public Schools,49,490,55.1,100,98,100,98,FALSE
California,614190,Fortuna Union High School District,149,1490,55,100,100,99.3,100,FALSE
California,642510,William S. Hart Union High School District,2160,21600,55,100,100,99.7,66.2,FALSE
Illinois,1716380,Geneva Community Unit School District 304,200,2000,55,100,100,100,61.5,FALSE
Illinois,1732220,Pontiac Township High School District 90,111,1110,55,100,97.3,99.1,100,FALSE
Indiana,1805910,Linton-Stockton School Corporation,40,400,55,100,55,100,100,FALSE
Iowa,1930720,West Bend-Mallard Community School District,20,200,55,100,55,100,55,FALSE
Kansas,2005850,Ellis Unified School District 388,20,200,55,100,80,55,100,FALSE
Massachusetts,2507080,Lunenburg School District,60,600,55,100,95,96.7,100,FALSE
Michigan,2626490,Onekama Consolidated Schools,20,200,55,100,100,100,70,FALSE
Nebraska,3100041,Stanton Community Schools,20,200,55,100,75,70,75,FALSE
Nebraska,3103090,Arapahoe Public Schools,20,200,55,100,55,55,100,FALSE
New Hampshire,3305550,Pelham School District,60,600,55,100,80,100,65,FALSE
New Jersey,3400008,Great Meadows Regional School District,40,400,55,100,100,100,60,FALSE
New Jersey,3406120,Green Brook Township School District,20,200,55,100,100,100,65,FALSE
New York,3630360,Webster Central School District,360,3600,55,100,100,99.7,73.6,FALSE
Oregon,4108430,Monroe School District 1J,20,200,55,100,100,85,60,FALSE
Tennessee,4747033,Crockett County School District in Alamo,20,200,55,100,65,100,60,FALSE
Wisconsin,5502460,Cedarburg School District,131,1310,55,100,100,100,90.1,FALSE
California,610050,Covina-Valley Unified School District,528,5280,54.9,100,100,100,92.4,FALSE
Illinois,1733510,Richmond-Burton Community High School District 157,71,710,54.9,100,91.5,100,66.2,FALSE
Maryland,2400150,Calvert County Public Schools,599,5990,54.9,98,98,96.3,67.3,FALSE
Minnesota,2718070,Le Sueur-Henderson School District,51,510,54.9,100,100,62.7,100,FALSE
Minnesota,2721480,Mora Public School District,51,510,54.9,100,100,58.8,74.5,FALSE
Montana,3016530,Libby K-12 Schools,51,510,54.9,78.4,100,76.5,76.5,FALSE
New York,3607230,Cheektowaga Central School District,153,1530,54.9,100,100,100,77.8,FALSE
Oregon,4108820,North Bend School District 13,82,820,54.9,100,100,63.4,57.3,FALSE
Pennsylvania,4209120,Elizabethtown Area School District,175,1750,54.9,100,100,100,57.7,FALSE
West Virginia,5401380,Taylor County School District,91,910,54.9,92.3,69.2,93.4,84.6,FALSE
California,626910,New Haven Unified School District,420,4200,54.8,100,100,100,82.1,FALSE
California,635670,Santa Maria Joint Union High School District,1492,14920,54.8,100,100,87.4,99.9,FALSE
California,640590,Vacaville Unified School District,640,6400,54.8,100,100,100,77.7,FALSE
Georgia,1300930,Catoosa County School District,438,4380,54.8,100,94.5,100,62.6,FALSE
Idaho,1600030,Aberdeen School District 58,42,420,54.8,64.3,100,100,64.3,FALSE
Idaho,1602370,New Plymouth School District 372,31,310,54.8,100,100,100,100,FALSE
Illinois,1703960,Arcola Consolidated Unit School District 306,42,420,54.8,100,71.4,100,100,FALSE
Massachusetts,2510500,Saugus School District,124,1240,54.8,100,100,100,89.5,FALSE
Michigan,2604500,Beecher Community School District,73,730,54.8,100,100,100,100,FALSE
Missouri,2930330,Tipton R-VI School District,31,310,54.8,100,100,100,54.8,FALSE
New Jersey,3406570,Hammonton Town School District,115,1150,54.8,100,100,100,94.8,FALSE
New Jersey,3416230,Toms River Regional School District,761,7610,54.8,98.9,100,100,66.2,FALSE
New York,3629040,Tuckahoe Union Free School District,42,420,54.8,100,100,100,88.1,FALSE
Oklahoma,4006180,Calera Public Schools,73,730,54.8,98.6,90.4,97.3,76.7,FALSE
Oklahoma,4007290,Chandler Public Schools,42,420,54.8,97.6,97.6,100,69,FALSE
Pennsylvania,4205550,Chambersburg Area School District,524,5240,54.8,96,100,100,63,FALSE
Pennsylvania,4222440,Seneca Valley School District,473,4730,54.8,100,100,100,55.2,FALSE
South Carolina,4500720,Aiken County School District,1193,11930,54.8,99.7,97.5,99.9,60.4,FALSE
Texas,4838850,San Elizario Independent School District,155,1550,54.8,100,97.4,100,100,FALSE
Washington,5303750,Issaquah School District,756,7560,54.8,100,96.8,100,57.3,FALSE
Washington,5309510,Warden School District,31,310,54.8,77.4,77.4,100,58.1,FALSE
California,623530,Mammoth Unified School District,75,750,54.7,100,100,100,54.7,FALSE
Colorado,804470,Gunnison Watershed School District RE-1J,64,640,54.7,100,78.1,78.1,54.7,FALSE
Florida,1200750,Hardee County School District,179,1790,54.7,78.8,98.9,100,62.6,FALSE
Georgia,1301380,Colquitt County School District,362,3620,54.7,98.1,88.7,100,70.4,FALSE
Iowa,1914280,Howard-Winneshiek Community School District,75,750,54.7,100,96,93.3,92,FALSE
Minnesota,2712240,Foley Public School District,75,750,54.7,100,100,54.7,74.7,FALSE
Missouri,2924530,Perry County 32 School District,128,1280,54.7,100,100,96.9,60.9,FALSE
Ohio,3904919,Field Local School District,64,640,54.7,100,100,100,56.2,FALSE
Pennsylvania,4214790,Mars Area School District,192,1920,54.7,100,100,100,55.2,FALSE
Pennsylvania,4216890,Newport School District,53,530,54.7,100,100,100,56.6,FALSE
Texas,4817960,Eastland Independent School District,53,530,54.7,100,75.5,94.3,62.3,FALSE
Texas,4839990,Sheldon Independent School District,439,4390,54.7,100,90.2,100,85.4,FALSE
Wisconsin,5506270,Hayward Community School District,86,860,54.7,98.8,79.1,98.8,72.1,FALSE
Wisconsin,5507770,Lancaster Community School District,53,530,54.7,100,100,100,56.6,FALSE
Illinois,1743890,Zion-Benton Township High School District 126,339,3390,54.6,100,100,99.7,100,FALSE
Minnesota,2706090,Brainerd Public School District,302,3020,54.6,100,98.7,74.8,77.8,FALSE
Missouri,2928410,Smithville R-II School District,108,1080,54.6,100,100,100,55.6,FALSE
Texas,4818540,Ennis Independent School District,218,2180,54.6,100,71.6,98.6,70.2,FALSE
Utah,4900210,Davis School District,3173,31730,54.6,100,99.6,100,75.3,FALSE
Idaho,1601140,Fruitland School District 373,44,440,54.5,100,100,100,77.3,FALSE
Idaho,1603240,Twin Falls School District 411,473,4730,54.5,100,100,100,100,FALSE
Illinois,1738700,Taylorville Community Unit School District 3,121,1210,54.5,100,99.2,100,79.3,FALSE
Kansas,2000028,Washington Co. Schools Unified School District 108,11,110,54.5,100,100,100,100,FALSE
Michigan,2630840,Sandusky Community School District,33,330,54.5,69.7,100,100,66.7,FALSE
Minnesota,2711910,Fertile-Beltrami School District,11,110,54.5,100,100,54.5,100,FALSE
Minnesota,2718810,Maple Lake Public School District,44,440,54.5,100,100,81.8,61.4,FALSE
Minnesota,2730030,Princeton Public School District,187,1870,54.5,100,100,74.3,78.1,FALSE
Mississippi,2801470,Forest Municipal School District,22,220,54.5,100,54.5,100,100,FALSE
Nebraska,3103360,Aurora Public Schools,44,440,54.5,100,84.1,100,72.7,FALSE
New Jersey,3411610,North Hunterdon-Voorhees Regional School District,286,2860,54.5,100,98.6,100,63.6,FALSE
Ohio,3904690,Walnut Township Local School District,22,220,54.5,100,100,100,54.5,FALSE
Oklahoma,4009510,Davis Public Schools,33,330,54.5,100,87.9,100,81.8,FALSE
Oklahoma,4027240,Seiling Public Schools,11,110,54.5,100,72.7,100,72.7,FALSE
South Dakota,4676990,Webster School District 18-5,22,220,54.5,81.8,100,100,100,FALSE
Texas,4822230,Hamilton Independent School District,11,110,54.5,100,54.5,100,63.6,FALSE
Vermont,5008310,Vernon School District,11,110,54.5,100,90.9,63.6,100,FALSE
Wisconsin,5513890,Siren School District,11,110,54.5,81.8,63.6,100,100,FALSE
Connecticut,903535,Regional School District 13,57,570,54.4,100,98.2,100,63.2,FALSE
Minnesota,2728080,Park Rapids Public School District,90,900,54.4,93.3,92.2,55.6,100,FALSE
Oklahoma,4027750,Skiatook Public Schools,79,790,54.4,100,86.1,100,64.6,FALSE
Pennsylvania,4218090,Oil City Area School District,68,680,54.4,61.8,100,100,54.4,FALSE
South Dakota,4666930,Spearfish School District 40-2,90,900,54.4,100,100,100,57.8,FALSE
Tennessee,4703180,Metropolitan Nashville Public School District,5613,56130,54.4,100,99.3,100,66.4,FALSE
Washington,5309100,Tumwater School District,259,2590,54.4,100,100,100,59.5,FALSE
Indiana,1804470,Western School Corporation,81,810,54.3,100,100,100,56.8,FALSE
New Mexico,3500240,Bloomfield Municipal Schools,127,1270,54.3,100,100,100,100,FALSE
Ohio,3910003,Sidney City School District,164,1640,54.3,100,64,100,54.3,FALSE
Texas,4816570,DeKalb Independent School District,35,350,54.3,100,60,100,60,FALSE
Wisconsin,5510320,Neenah School District,302,3020,54.3,100,100,100,100,FALSE
Arizona,405980,Parker Unified School District,59,590,54.2,89.8,100,100,88.1,FALSE
Connecticut,900840,Colchester School District,142,1420,54.2,100,100,99.3,57,FALSE
Illinois,1719960,Illini Bluffs Community Unit School District 327,24,240,54.2,100,58.3,95.8,100,FALSE
Kansas,2009840,Mulvane Unified School District 263,48,480,54.2,100,54.2,100,100,FALSE
Oklahoma,4010920,Enid Public Schools,380,3800,54.2,100,100,100,77.9,FALSE
Oklahoma,4020880,Muldrow Public Schools,83,830,54.2,100,78.3,100,100,FALSE
Texas,4830950,Mineral Wells Independent School District,142,1420,54.2,100,99.3,100,69,FALSE
Vermont,5000440,Slate Valley Unified Union School District 62,48,480,54.2,100,79.2,68.8,97.9,FALSE
Vermont,5005610,Milton Incorporated School District,72,720,54.2,100,75,94.4,66.7,FALSE
Washington,5301200,Lake Chelan School District,24,240,54.2,100,54.2,100,100,FALSE
West Virginia,5401050,Ohio County School District,273,2730,54.2,98.5,98.5,94.5,85,FALSE
California,611280,Dixon Unified School District,218,2180,54.1,100,100,100,59.6,FALSE
California,627690,Norwalk-La Mirada Unified School District,830,8300,54.1,100,100,100,99.9,FALSE
Colorado,802310,Ault-Highland School District RE-9,61,610,54.1,100,100,100,62.3,FALSE
Connecticut,904470,Suffield School District,61,610,54.1,100,86.9,100,65.6,FALSE
Kentucky,2101200,Clark County School District,246,2460,54.1,100,89.8,100,54.1,FALSE
Minnesota,2704050,Belle Plaine Public School District,74,740,54.1,100,100,60.8,82.4,FALSE
Texas,4823670,Howe Independent School District,61,610,54.1,100,100,100,57.4,FALSE
Illinois,1742180,Community Unit School District 200,528,5280,54,100,100,100,86,FALSE
Louisiana,2201650,St. Tammany Parish School District,1989,19890,54,99.3,98.4,100,58.6,FALSE
Mississippi,2800191,West Point Consolidated School District,124,1240,54,80.6,100,100,54,FALSE
New Jersey,3407590,Hunterdon Central Regional School District,287,2870,54,100,96.9,100,58.9,FALSE
New Jersey,3411880,Nutley Town School District,211,2110,54,100,100,100,75.4,FALSE
New York,3627000,Cheektowaga-Sloan Union Free School District,50,500,54,100,100,100,86,FALSE
Oregon,4102640,Canby School District 86,213,2130,54,98.1,100,100,77.5,FALSE
Texas,4824030,Huntsville Independent School District,337,3370,54,100,70,99.4,54.3,FALSE
West Virginia,5400510,Harrison County School District,411,4110,54,99.3,72.5,79.8,72.3,FALSE
Wisconsin,5509130,Mequon-Thiensville School District,189,1890,54,100,100,100,75.7,FALSE
Texas,4824630,Jasper Independent School District,76,760,53.9,100,77.6,100,56.6,FALSE
Utah,4900390,Iron School District,456,4560,53.9,100,100,93,78.3,FALSE
Utah,4901200,Weber School District,1478,14780,53.9,100,100,99.9,69.6,FALSE
Colorado,802040,Akron School District R-1,13,130,53.8,53.8,53.8,53.8,100,FALSE
Connecticut,904710,Voluntown School District,13,130,53.8,100,53.8,76.9,100,FALSE
Florida,1201470,Osceola County School District,2897,28970,53.8,100,99.8,100,56.9,FALSE
Illinois,1703810,Annawan Community Unit School District 226,13,130,53.8,100,53.8,100,100,FALSE
Illinois,1724650,Marissa Community Unit School District 40,13,130,53.8,100,61.5,100,84.6,FALSE
Indiana,1811490,Triton School Corporation,39,390,53.8,100,100,100,53.8,FALSE
Iowa,1908130,Corning Community School District,13,130,53.8,76.9,84.6,61.5,100,FALSE
Iowa,1909990,Eagle Grove Community School District,39,390,53.8,100,82.1,100,71.8,FALSE
Iowa,1916110,Lake Mills Community School District,26,260,53.8,100,61.5,92.3,100,FALSE
Iowa,1927870,Tipton Community School District,26,260,53.8,100,69.2,100,53.8,FALSE
Massachusetts,2510470,Sandwich School District,117,1170,53.8,100,91.5,100,67.5,FALSE
Michigan,2617160,Greenville Public Schools,158,1580,53.8,98.1,100,96.2,64.6,FALSE
Minnesota,2700110,Cedar Mountain School District,13,130,53.8,100,100,53.8,100,FALSE
Minnesota,2703750,Battle Lake Public School District,13,130,53.8,100,100,69.2,84.6,FALSE
Minnesota,2728320,Pierz Public School District,39,390,53.8,100,100,53.8,76.9,FALSE
Mississippi,2803930,Senatobia Municipal School District,78,780,53.8,96.2,100,100,56.4,FALSE
Missouri,2912550,Fulton 58 School District,106,1060,53.8,100,100,99.1,75.5,FALSE
Missouri,2923130,Oran R-III School District,26,260,53.8,100,100,100,53.8,FALSE
Missouri,2924690,Pettis County R-XII School District,13,130,53.8,100,84.6,100,69.2,FALSE
Nebraska,3100120,Hitchcock County School System,13,130,53.8,100,100,100,100,FALSE
New Jersey,3416650,Upper Township School District,91,910,53.8,100,100,100,53.8,FALSE
New York,3600021,Mattituck-Cutchogue Union Free School District,13,130,53.8,100,100,100,53.8,FALSE
New York,3629370,Utica City School District,543,5430,53.8,100,100,100,99.4,FALSE
Ohio,3904630,Batavia Local School District,145,1450,53.8,100,89,100,55.2,FALSE
Ohio,3904943,Lexington Local School District,65,650,53.8,100,100,100,53.8,FALSE
Oklahoma,4003060,Antlers Public Schools,26,260,53.8,69.2,76.9,100,65.4,FALSE
Oklahoma,4024150,Pioneer Public School,13,130,53.8,100,61.5,100,100,FALSE
Pennsylvania,4225680,West Mifflin Area School District,106,1060,53.8,100,100,100,58.5,FALSE
Texas,4810800,Bonham Independent School District,80,800,53.8,67.5,65,100,62.5,FALSE
Texas,4823370,Holland Independent School District,13,130,53.8,100,100,100,100,FALSE
West Virginia,5401620,Wood County School District,532,5320,53.8,98.9,96.6,97.9,68,FALSE
Georgia,1301110,Cherokee County School District,1848,18480,53.7,100,98.9,100,58.7,FALSE
Maine,2314785,Regional School Unit 19,95,950,53.7,94.7,88.4,85.3,68.4,FALSE
North Carolina,3700180,Anson County Schools,121,1210,53.7,97.5,100,100,57,FALSE
Oregon,4110820,Salem-Keizer School District 24J,2001,20010,53.7,99.8,100,100,73.1,FALSE
Oregon,4113080,Warrenton-Hammond School District 30,41,410,53.7,78,100,100,53.7,FALSE
Pennsylvania,4216110,Mount Lebanon School District,164,1640,53.7,100,100,100,57.9,FALSE
Wisconsin,5504110,Edgerton School District,82,820,53.7,100,72,100,68.3,FALSE
California,626640,Napa Valley Unified School District,685,6850,53.6,100,100,100,67.3,FALSE
Connecticut,901560,Farmington School District,140,1400,53.6,100,100,100,60.7,FALSE
Connecticut,904530,Thompson School District,28,280,53.6,100,82.1,100,60.7,FALSE
District of Columbia,.,.,28,280,53.6,100,96.4,100,57.1,FALSE
Illinois,1710650,Collinsville Community Unit School District 10,211,2110,53.6,99.5,100,100,78.2,FALSE
Indiana,1802490,Crown Point Community School Corporation,349,3490,53.6,100,98.6,100,58.5,FALSE
Iowa,1925320,Saydel Community School District,56,560,53.6,100,100,100,64.3,FALSE
Nebraska,3178020,Valentine Community Schools,28,280,53.6,100,57.1,67.9,100,FALSE
Ohio,3904874,Valley View Local School District,56,560,53.6,100,100,100,55.4,FALSE
Oregon,4100048,North Wasco School District 21,125,1250,53.6,70.4,100,86.4,78.4,FALSE
Texas,4813530,Lumberton Independent School District,110,1100,53.6,100,81.8,100,53.6,FALSE
Texas,4828780,Malakoff Independent School District,28,280,53.6,100,78.6,100,53.6,FALSE
Wisconsin,5510380,Nekoosa School District,28,280,53.6,96.4,57.1,100,100,FALSE
Arkansas,506870,Green Forest School District,43,430,53.5,100,100,100,76.7,FALSE
Connecticut,901770,Groton School District,241,2410,53.5,100,96.7,100,73.4,FALSE
Illinois,1707650,Paxton-Buckley-Loda Community Unit School District 10,71,710,53.5,100,100,98.6,59.2,FALSE
Minnesota,2718330,Luverne Public School District,43,430,53.5,100,100,67.4,100,FALSE
Pennsylvania,4207110,Cumberland Valley School District,449,4490,53.5,100,100,100,55.9,FALSE
Pennsylvania,4224030,Tyrone Area School District,71,710,53.5,100,69,100,74.6,FALSE
Tennessee,4702220,Knox County School District,3334,33340,53.5,100,97.5,100,60.1,FALSE
Texas,4813590,Channelview Independent School District,318,3180,53.5,100,100,100,94.7,FALSE
California,629640,Palo Verde Unified School District,116,1160,53.4,100,100,100,100,FALSE
Illinois,1705220,Batavia Unit School District 101,292,2920,53.4,100,100,100,59.2,FALSE
Iowa,1912690,Glenwood Community School District,73,730,53.4,100,69.9,91.8,69.9,FALSE
Minnesota,2710170,Delano Public School District,116,1160,53.4,100,100,100,54.3,FALSE
Nebraska,3100112,Lakeview Community Schools,58,580,53.4,100,89.7,100,72.4,FALSE
New Mexico,3500210,Bernalillo Public Schools,131,1310,53.4,99.2,87,89.3,94.7,FALSE
New York,3615980,Johnstown City School District,88,880,53.4,100,100,98.9,53.4,FALSE
Ohio,3904440,Middletown City School District,305,3050,53.4,100,100,100,79,FALSE
South Carolina,4501500,Cherokee County School District,358,3580,53.4,100,97.5,99.7,68.2,FALSE
Texas,4822830,Hearne Independent School District,73,730,53.4,100,100,100,65.8,FALSE
California,615180,Gilroy Unified School District,450,4500,53.3,100,100,100,100,FALSE
Georgia,1303300,Liberty County School District,544,5440,53.3,98.3,89.2,100,68.4,FALSE
Illinois,1740140,Vandalia Community Unit School District 203,75,750,53.3,100,74.7,97.3,56,FALSE
Iowa,1911340,Fairfield Community School District,90,900,53.3,100,100,100,53.3,FALSE
Massachusetts,2511760,Tyngsborough School District,120,1200,53.3,100,93.3,100,72.5,FALSE
Michigan,2610860,Corunna Public School District,45,450,53.3,100,100,100,53.3,FALSE
Minnesota,2700005,United South Central School District,30,300,53.3,100,86.7,83.3,86.7,FALSE
New York,3603180,Ardsley Union Free School District,92,920,53.3,100,100,100,55.4,FALSE
New York,3616950,Le Roy Central School District,45,450,53.3,100,100,100,100,FALSE
New York,3618960,Medina Central School District,60,600,53.3,100,81.7,100,100,FALSE
Ohio,3904391,East Liverpool City School District,75,750,53.3,100,100,100,82.7,FALSE
Pennsylvania,4205640,Charleroi School District,45,450,53.3,100,100,100,57.8,FALSE
Pennsylvania,4221840,Somerset Area School District,92,920,53.3,97.8,100,100,53.3,FALSE
Washington,5305910,Northshore School District,1201,12010,53.3,100,100,100,60.6,FALSE
Arkansas,512520,South Conway County School District,109,1090,53.2,100,80.7,100,53.2,FALSE
Illinois,1730270,Oswego Community Unit School District 308,587,5870,53.2,100,93.2,100,69.7,FALSE
Indiana,1801020,Brownsburg Community School Corporation,348,3480,53.2,100,97.7,100,61.2,FALSE
Iowa,1903360,Algona Community School District,62,620,53.2,100,71,75.8,59.7,FALSE
Missouri,2923550,Park Hill School District,494,4940,53.2,100,86.6,100,67.4,FALSE
New Hampshire,3303000,Farmington School District,62,620,53.2,100,96.8,100,79,FALSE
Pennsylvania,4204320,Brookville Area School District,77,770,53.2,90.9,100,100,57.1,FALSE
South Dakota,4618120,Dell Rapids School District 49-3,47,470,53.2,100,100,97.9,57.4,FALSE
Texas,4817700,Eagle Mountain-Saginaw Independent School District,1276,12760,53.2,100,100,100,74.8,FALSE
Wisconsin,5510620,New Richmond School District,126,1260,53.2,100,78.6,100,62.7,FALSE
Wisconsin,5512360,Racine School District,1030,10300,53.2,100,98.5,100,98.9,FALSE
Arkansas,509630,McGehee School District,49,490,53.1,100,100,100,59.2,FALSE
Delaware,.,.,32,320,53.1,100,100,96.9,62.5,FALSE
Maine,2310860,School Administrative District 01,96,960,53.1,100,97.9,87.5,78.1,FALSE
Michigan,2605430,Berrien Springs Public Schools,81,810,53.1,100,100,100,60.5,FALSE
Mississippi,2801680,Grenada School District,160,1600,53.1,100,85,100,53.1,FALSE
Mississippi,2803690,Pontotoc City Schools,64,640,53.1,68.8,100,100,53.1,FALSE
New Jersey,3407860,Keansburg Borough School District,49,490,53.1,100,100,100,98,FALSE
New York,3628980,Trumansburg Central School District,32,320,53.1,96.9,65.6,100,71.9,FALSE
North Dakota,3811820,Mandan Public School District 1,207,2070,53.1,100,99,77.3,70.5,FALSE
Texas,4839690,Seguin Independent School District,326,3260,53.1,100,77.6,100,58.3,FALSE
Wisconsin,5515840,Waupaca School District,81,810,53.1,100,79,100,70.4,FALSE
California,605820,Brawley Union High School District,336,3360,53,100,100,100,100,FALSE
California,612910,Escondido Union High School District,1298,12980,53,100,100,99.1,84.6,FALSE
Louisiana,2200040,Baker City School District,164,1640,53,100,100,100,66.5,FALSE
Massachusetts,2502820,Bourne School District,66,660,53,100,92.4,98.5,57.6,FALSE
Mississippi,2800195,Holmes County Consolidated School District,132,1320,53,86.4,97.7,100,56.8,FALSE
New Jersey,3403620,Cumberland Regional School District,185,1850,53,100,78.9,100,90.3,FALSE
North Carolina,3702100,Henderson County Schools,657,6570,53,95.3,100,100,78.2,FALSE
Pennsylvania,4206550,Conewago Valley School District,219,2190,53,100,100,100,59.8,FALSE
Tennessee,4702970,Milan Special School District,83,830,53,100,100,100,68.7,FALSE
Texas,4811280,Brenham Independent School District,234,2340,53,100,100,100,53,FALSE
Arizona,404570,Mammoth-San Manuel Unified District,17,170,52.9,100,70.6,100,52.9,FALSE
California,613360,Fairfield-Suisun Unified School District,1035,10350,52.9,100,100,97.6,82.2,FALSE
Illinois,1704620,Auburn Community Unit School District 10,51,510,52.9,100,68.6,76.5,98,FALSE
Illinois,1734870,Rossville-Alvin Community Unit School District 7,17,170,52.9,100,100,100,52.9,FALSE
Iowa,1917250,Lisbon Community School District,17,170,52.9,100,70.6,100,76.5,FALSE
Kentucky,2104530,Oldham County School District,416,4160,52.9,100,96.2,100,53.4,FALSE
Maine,2314210,School Administrative District 61,68,680,52.9,95.6,80.9,82.4,63.2,FALSE
Massachusetts,2505100,Frontier School District,34,340,52.9,100,73.5,85.3,61.8,FALSE
Massachusetts,2506750,Lenox School District,17,170,52.9,100,76.5,100,52.9,FALSE
Missouri,2927540,Sarcoxie R-II School District,34,340,52.9,100,100,100,52.9,FALSE
New Mexico,3502520,Taos Municipal Schools,85,850,52.9,94.1,100,100,69.4,FALSE
New York,3605520,Brunswick Central School District (Brittonkill),51,510,52.9,100,88.2,96.1,60.8,FALSE
Oklahoma,4013830,Harmony Public School,17,170,52.9,100,76.5,100,76.5,FALSE
Oklahoma,4023370,Panama Public Schools,17,170,52.9,100,94.1,100,100,FALSE
Pennsylvania,4218840,Pennsbury School District,433,4330,52.9,100,100,100,55.4,FALSE
Pennsylvania,4223250,Riverside School District,87,870,52.9,100,100,100,60.9,FALSE
South Carolina,4501530,Chester County School District,223,2230,52.9,96.4,95.1,100,61,FALSE
South Dakota,4634480,Hot Springs School District 23-2,34,340,52.9,100,52.9,100,52.9,FALSE
Tennessee,4747034,Crockett County School District in Bells,34,340,52.9,100,73.5,100,64.7,FALSE
Texas,4839030,San Saba Independent School District,34,340,52.9,100,76.5,100,100,FALSE
Texas,4842450,Terrell Independent School District,238,2380,52.9,100,76.1,100,69.7,FALSE
Texas,4843980,Vega Independent School District,17,170,52.9,100,100,100,100,FALSE
Virginia,5103640,Spotsylvania County Public Schools,974,9740,52.9,100,98.6,100,59.5,FALSE
Arkansas,500047,Trumann Schools,53,530,52.8,100,100,100,100,FALSE
Arkansas,510440,Nettleton School District,254,2540,52.8,100,100,100,58.3,FALSE
Connecticut,904560,Tolland School District,108,1080,52.8,100,90.7,98.1,56.5,FALSE
Florida,1201260,Marion County School District,2184,21840,52.8,99.9,98.1,100,59.7,FALSE
Illinois,1737350,Triad Community Unit School District 2,159,1590,52.8,100,100,100,56.6,FALSE
Kansas,2003450,Arkansas City Unified School District 470,142,1420,52.8,100,54.2,100,100,FALSE
Massachusetts,2500013,Southwick-Tolland-Granville Regional School District,36,360,52.8,100,86.1,97.2,58.3,FALSE
South Carolina,4503840,York School District 2,305,3050,52.8,100,92.1,100,61.3,FALSE
Texas,4843200,Trinity Independent School District,36,360,52.8,86.1,72.2,100,52.8,FALSE
Vermont,5000441,Northern Mountain Valley Unified Union School District 85,36,360,52.8,100,69.4,83.3,100,FALSE
West Virginia,5401230,Raleigh County School District,468,4680,52.8,94.4,94.7,98.7,95.7,FALSE
Alaska,200150,Ketchikan Gateway Borough School District,74,740,52.7,100,100,100,58.1,FALSE
Illinois,1743960,Yorkville Community Unit School District 115,283,2830,52.7,100,90.5,100,65.4,FALSE
Michigan,2610140,Coldwater Community Schools,129,1290,52.7,98.4,100,100,100,FALSE
Montana,3004590,Bozeman High School District,395,3950,52.7,100,100,99.7,53.2,FALSE
New York,3620910,North Babylon Union Free School District,226,2260,52.7,100,100,100,100,FALSE
North Carolina,3703480,Orange County Schools,332,3320,52.7,100,100,100,72.6,FALSE
Ohio,3904509,Willard City School District,91,910,52.7,100,100,100,100,FALSE
Pennsylvania,4210070,Fox Chapel Area School District,205,2050,52.7,96.6,100,100,52.7,FALSE
Tennessee,4700150,Millington Municipal School District,110,1100,52.7,100,93.6,100,57.3,FALSE
Texas,4827750,Littlefield Independent School District,55,550,52.7,100,100,100,100,FALSE
Washington,5301110,Central Valley School District,765,7650,52.7,100,100,100,65,FALSE
Arkansas,514430,Wynne Public Schools,114,1140,52.6,100,100,100,52.6,FALSE
Colorado,806330,Salida School District R-32,57,570,52.6,100,100,100,94.7,FALSE
Connecticut,901590,Franklin School District,19,190,52.6,100,100,100,63.2,FALSE
Illinois,1716140,Galva Community Unit School District 224,38,380,52.6,100,84.2,100,57.9,FALSE
Massachusetts,2509720,Plymouth School District,285,2850,52.6,96.1,96.5,98.9,61.1,FALSE
Minnesota,2707410,Cambridge-Isanti Public School District,213,2130,52.6,100,100,92.5,61.5,FALSE
New Hampshire,3301650,Barrington School District,78,780,52.6,100,84.6,100,61.5,FALSE
Oklahoma,4007350,Checotah Public Schools,78,780,52.6,98.7,93.6,94.9,55.1,FALSE
Pennsylvania,4218960,Peters Township School District,190,1900,52.6,100,100,100,53.7,FALSE
South Carolina,4502700,Lexington School District 1,1057,10570,52.6,100,97.5,100,58.7,FALSE
Vermont,5000433,Missisquoi Valley School District 89,78,780,52.6,100,64.1,92.3,98.7,FALSE
Washington,5306480,Othello School District,194,1940,52.6,100,100,100,100,FALSE
California,616740,Hayward Unified School District,1161,11610,52.5,100,100,100,99.1,FALSE
Connecticut,902730,New Fairfield School District,118,1180,52.5,100,90.7,100,66.1,FALSE
Florida,1201950,Wakulla County School District,221,2210,52.5,98.2,86.9,100,62.9,FALSE
Maine,2305500,Ellsworth Public Schools,40,400,52.5,87.5,100,80,52.5,FALSE
Massachusetts,2509450,Pentucket School District,118,1180,52.5,100,99.2,100,86.4,FALSE
Michigan,2608940,Chelsea School District,99,990,52.5,100,100,96,56.6,FALSE
Michigan,2612300,Dundee Community Schools,59,590,52.5,100,100,100,52.5,FALSE
Michigan,2618720,Howell Public Schools,356,3560,52.5,100,100,99.7,56.7,FALSE
Michigan,2635190,Warren Consolidated Schools,760,7600,52.5,100,100,100,63.3,FALSE
New York,3608790,Dansville Central School District,40,400,52.5,100,62.5,60,100,FALSE
Ohio,3904867,Brookville Local School District,59,590,52.5,100,100,100,55.9,FALSE
Oklahoma,4032070,Weatherford Public Schools,80,800,52.5,100,80,97.5,55,FALSE
Texas,4810710,Boerne Independent School District,385,3850,52.5,100,99,100,53.5,FALSE
Texas,4838360,Rusk Independent School District,59,590,52.5,100,52.5,100,54.2,FALSE
Virginia,5103180,Radford City Public Schools,80,800,52.5,100,100,100,57.5,FALSE
Colorado,804260,Roaring Fork School District RE-1,231,2310,52.4,100,86.6,100,58,FALSE
Georgia,1304560,Stephens County School District,225,2250,52.4,100,88.9,100,59.6,FALSE
Indiana,1807140,Mooresville Consolidated School Corporation,168,1680,52.4,100,98.2,100,55.4,FALSE
Iowa,1900027,Riverside Community School District,21,210,52.4,100,61.9,100,100,FALSE
Kentucky,2100840,Caldwell County School District,82,820,52.4,80.5,80.5,100,95.1,FALSE
Maine,2310890,School Administrative District 20,21,210,52.4,100,81,61.9,90.5,FALSE
Maine,2314160,School Administrative District 52,63,630,52.4,100,92.1,82.5,74.6,FALSE
Michigan,2612540,East Jackson Community Schools,63,630,52.4,100,100,93.7,71.4,FALSE
Michigan,2624150,Monroe Public Schools,315,3150,52.4,99.4,100,100,77.1,FALSE
Michigan,2633410,Swan Valley School District,42,420,52.4,100,100,97.6,57.1,FALSE
Missouri,2925330,Pleasant Hill R-III School District,63,630,52.4,100,100,98.4,66.7,FALSE
New York,3618330,Fayetteville-Manlius Central School District,168,1680,52.4,100,100,100,55.4,FALSE
New York,3622830,Peru Central School District,82,820,52.4,100,81.7,79.3,100,FALSE
North Dakota,3804090,Central Cass Public School District 17,21,210,52.4,100,100,85.7,52.4,FALSE
Oklahoma,4017190,Latta Public Schools,21,210,52.4,100,85.7,100,61.9,FALSE
Oklahoma,4020310,Morris Public Schools,21,210,52.4,100,85.7,100,57.1,FALSE
Texas,4811580,Brooks County Independent School District,21,210,52.4,52.4,52.4,100,52.4,FALSE
Texas,4812700,Canadian Independent School District,21,210,52.4,100,100,100,52.4,FALSE
Texas,4828710,Madisonville Consolidated Independent School District,103,1030,52.4,100,65,100,61.2,FALSE
Connecticut,901440,Ellington School District,107,1070,52.3,100,100,100,57.9,FALSE
Indiana,1801920,Clarksville Community School Corporation,65,650,52.3,100,100,100,89.2,FALSE
Maryland,2400570,Somerset County Public Schools,151,1510,52.3,99.3,59.6,98,82.8,FALSE
Missouri,2921210,Monroe City R-I School District,44,440,52.3,100,52.3,100,100,FALSE
New York,3625320,Florida Union Free School District,44,440,52.3,100,95.5,100,68.2,FALSE
Tennessee,4704530,Williamson County School District,1332,13320,52.3,100,98.6,100,56.9,FALSE
Wisconsin,5500360,Antigo School District,107,1070,52.3,100,87.9,100,100,FALSE
Wisconsin,5511070,Oostburg School District,44,440,52.3,100,52.3,100,100,FALSE
Iowa,1903150,Adel-De Soto-Minburn Community School District,92,920,52.2,100,93.5,92.4,54.3,FALSE
Kansas,2010050,Oakley Unified School District 274,23,230,52.2,100,100,100,100,FALSE
Massachusetts,2505400,Granby School District,23,230,52.2,100,91.3,100,69.6,FALSE
Mississippi,2801770,Harrison County School District,780,7800,52.2,92.6,100,100,56.9,FALSE
Missouri,2920670,Mehlville R-IX School District,607,6070,52.2,100,93.6,100,59.3,FALSE
Missouri,2920940,Milan C-2 School District,23,230,52.2,100,100,100,100,FALSE
New York,3614670,Honeoye Central School District,23,230,52.2,100,56.5,60.9,100,FALSE
North Carolina,3703330,New Hanover County Schools,1264,12640,52.2,100,100,100,56.6,FALSE
Texas,4807710,Aldine Independent School District,3064,30640,52.2,100,92.4,100,89.8,FALSE
California,600064,Porterville Unified School District,549,5490,52.1,100,100,100,100,FALSE
Colorado,806120,Pueblo City School District 60,745,7450,52.1,100,100,100,98,FALSE
Massachusetts,2512780,Westport School District,73,730,52.1,100,100,100,67.1,FALSE
South Carolina,4501170,Berkeley County School District,1654,16540,52.1,98.1,97.3,99.5,60.3,FALSE
Tennessee,4703480,Putnam County School District,518,5180,52.1,97.7,97.7,98.3,68.7,FALSE
Vermont,5000439,Washington Central Unified Union School District 92,48,480,52.1,95.8,70.8,79.2,72.9,FALSE
Virginia,5103840,Virginia Beach City Public Schools,3265,32650,52.1,100,100,100,61.3,FALSE
Washington,5306180,Olympia School District,403,4030,52.1,100,100,100,62.3,FALSE
California,608760,Claremont Unified School District,200,2000,52,100,100,100,87.5,FALSE
Illinois,1742240,North Greene Unit School District 3,25,250,52,68,84,100,68,FALSE
Indiana,1813050,Western Wayne Schools,25,250,52,100,76,100,76,FALSE
Minnesota,2730090,Proctor Public School District,75,750,52,100,100,85.3,98.7,FALSE
Montana,3005310,Butte High School District,244,2440,52,100,100,71.7,71.7,FALSE
Nevada,3200480,Washoe County School District,3125,31250,52,100,100,100,63.1,FALSE
New Jersey,3411280,New Milford Borough School District,148,1480,52,100,100,100,61.5,FALSE
New York,3617460,Little Falls City School District,50,500,52,100,100,100,68,FALSE
Pennsylvania,4211700,Hazleton Area School District,560,5600,52,100,100,100,92.9,FALSE
Pennsylvania,4218390,Palmyra Area School District,173,1730,52,100,100,100,54.3,FALSE
Pennsylvania,4219860,Quaker Valley School District,75,750,52,100,100,100,52,FALSE
Virginia,5103660,Stafford County Public Schools,1222,12220,52,99.8,97.1,100,56.7,FALSE
West Virginia,5400750,Marshall County School District,148,1480,52,100,93.9,100,98.6,FALSE
Colorado,805730,Moffat County School District RE-1,79,790,51.9,100,51.9,100,100,FALSE
Connecticut,903570,Regional High School District 11,27,270,51.9,100,63,100,88.9,FALSE
Georgia,1300630,Bulloch County School District,593,5930,51.9,100,94.8,100,61.7,FALSE
Maine,2305670,Falmouth,77,770,51.9,100,97.4,100,54.5,FALSE
Maine,2314793,Regional School Unit 14,158,1580,51.9,100,97.5,94.3,62,FALSE
Missouri,2906360,Butler R-V School District,54,540,51.9,100,61.1,100,100,FALSE
New Mexico,3501530,Las Vegas City Public Schools,81,810,51.9,98.8,100,95.1,53.1,FALSE
North Dakota,3814500,Oakes Public School District 41,27,270,51.9,100,100,55.6,55.6,FALSE
Oklahoma,4031140,Vian Public Schools,27,270,51.9,63,81.5,100,51.9,FALSE
Texas,4825980,Krum Independent School District,54,540,51.9,100,79.6,94.4,63,FALSE
Texas,4837140,Rio Grande City Grulla Independent School District,422,4220,51.9,97.2,66.8,100,68.2,FALSE
Washington,5300660,Bremerton School District,320,3200,51.9,100,100,100,100,FALSE
Florida,1201650,Santa Rosa County School District,1201,12010,51.8,99.3,96.7,99.8,55.6,FALSE
Georgia,1300360,Ben Hill County School District,110,1100,51.8,100,72.7,100,59.1,FALSE
Maine,2314773,Regional School Unit 21,83,830,51.8,100,90.4,95.2,54.2,FALSE
North Carolina,3702040,Haywood County Schools,311,3110,51.8,93.9,100,100,72.7,FALSE
Ohio,3904738,Southwest Local School District,222,2220,51.8,100,100,100,51.8,FALSE
Pennsylvania,4203630,Big Beaver Falls Area School District,85,850,51.8,100,100,100,70.6,FALSE
Pennsylvania,4205160,Catasauqua Area School District,85,850,51.8,100,100,100,51.8,FALSE
Wisconsin,5515600,Waterford Union High School District,112,1120,51.8,100,88.4,100,56.2,FALSE
Alabama,100007,Hoover City School District,689,6890,51.7,100,100,100,54,FALSE
California,632270,Reef-Sunset Unified School District,116,1160,51.7,100,100,95.7,100,FALSE
Connecticut,900005,Regional High School District 19,89,890,51.7,98.9,83.1,95.5,69.7,FALSE
Connecticut,902970,North Branford School District,89,890,51.7,100,100,100,55.1,FALSE
Maine,2300053,Five Town Community School District,58,580,51.7,100,98.3,81,79.3,FALSE
Maine,2314778,Regional School Unit 26,29,290,51.7,100,100,100,62.1,FALSE
Minnesota,2710230,Detroit Lakes Public School District,143,1430,51.7,100,100,54.5,76.9,FALSE
New York,3611940,Geneseo Central School District,58,580,51.7,94.8,100,98.3,58.6,FALSE
New York,3614610,Holley Central School District,29,290,51.7,69,100,100,100,FALSE
New York,3630540,West Babylon Union Free School District,209,2090,51.7,100,100,100,100,FALSE
Ohio,3904934,Kalida Local School District,29,290,51.7,100,100,100,51.7,FALSE
Pennsylvania,4207230,Dallastown Area School District,296,2960,51.7,100,100,100,53.7,FALSE
South Dakota,4605610,Belle Fourche School District 09-1,58,580,51.7,100,100,100,100,FALSE
Wisconsin,5514670,Superior School District,176,1760,51.7,100,89.2,100,100,FALSE
Illinois,1715400,Flora Community Unit School District 35,62,620,51.6,100,85.5,100,67.7,FALSE
Iowa,1931860,Winterset Community School District,64,640,51.6,100,100,98.4,53.1,FALSE
Massachusetts,2505880,Harvard School District,62,620,51.6,100,100,100,58.1,FALSE
Wisconsin,5515870,Waupun School District,95,950,51.6,100,100,100,86.3,FALSE
California,613840,Firebaugh-Las Deltas Unified School District,130,1300,51.5,100,100,100,100,FALSE
Connecticut,900690,Canton School District,66,660,51.5,100,95.5,100,54.5,FALSE
Massachusetts,2509300,Palmer School District,66,660,51.5,100,95.5,100,71.2,FALSE
Michigan,2623070,Mason Public Schools,130,1300,51.5,100,100,96.2,77.7,FALSE
New York,3616080,Katonah-Lewisboro Union Free School District,103,1030,51.5,100,100,100,51.5,FALSE
New York,3628890,Tri-Valley Central School District,33,330,51.5,100,84.8,84.8,90.9,FALSE
Oklahoma,4029160,Sulphur Public Schools,66,660,51.5,81.8,74.2,100,87.9,FALSE
Wyoming,5601470,Campbell County School District 1,357,3570,51.5,100,100,96.9,56.6,FALSE
Kansas,2000017,Scott County Unified School District 466,37,370,51.4,100,100,100,100,FALSE
Missouri,2930360,Trenton R-IX School District,70,700,51.4,100,100,100,100,FALSE
New York,3610200,Edgemont Union Free School District,37,370,51.4,100,100,100,51.4,FALSE
New York,3628110,Stillwater Central School District,70,700,51.4,100,100,100,57.1,FALSE
Wisconsin,5513290,Westosha Central High School District,142,1420,51.4,100,95.1,100,85.9,FALSE
Florida,1201590,Polk County School District,5178,51780,51.3,99.6,99.4,100,59.7,FALSE
Michigan,2619410,Iron Mountain Public Schools,39,390,51.3,100,100,100,59,FALSE
Michigan,2630030,Rockford Public Schools,435,4350,51.3,100,100,100,56.3,FALSE
Texas,4809860,Belton Independent School District,620,6200,51.3,100,85.5,100,56.5,FALSE
Texas,4814400,Clifton Independent School District,39,390,51.3,100,100,100,51.3,FALSE
Wisconsin,5513170,D.C. Everest Area School District,191,1910,51.3,96.9,88.5,100,72.8,FALSE
Arkansas,513930,Watson Chapel School District,123,1230,51.2,100,100,100,56.9,FALSE
California,605880,Brea-Olinda Unified School District,363,3630,51.2,100,100,100,61.4,FALSE
Colorado,807380,Woodland Park School District RE-2,84,840,51.2,100,92.9,98.8,56,FALSE
Connecticut,904140,Somers School District,43,430,51.2,100,93,100,58.1,FALSE
Idaho,1600780,Coeur d'Alene School District 271,371,3710,51.2,100,100,99.5,67.4,FALSE
Illinois,1723880,Lyons Township High School District 204,465,4650,51.2,100,100,100,67.7,FALSE
New York,3600011,Wayland-Cohocton Central School District,41,410,51.2,100,82.9,87.8,75.6,FALSE
Tennessee,4702580,Jackson-Madison County School System,739,7390,51.2,96.1,97,100,58.1,FALSE
Texas,4817880,East Chambers Independent School District,43,430,51.2,100,69.8,100,51.2,FALSE
Virginia,5102250,Loudoun County Public Schools,3231,32310,51.2,100,99.8,100,55.6,FALSE
Wisconsin,5504590,Fennimore Community School District,43,430,51.2,100,86,90.7,83.7,FALSE
Arkansas,505850,England School District,47,470,51.1,100,76.6,100,66,FALSE
California,632010,Red Bluff Joint Union High School District,274,2740,51.1,100,100,85.8,100,FALSE
Illinois,1708430,Carlinville Community Unit School District 1,47,470,51.1,100,72.3,97.9,57.4,FALSE
Iowa,1905130,Boone Community School District,94,940,51.1,100,87.2,100,87.2,FALSE
Iowa,1906060,Camanche Community School District,47,470,51.1,100,100,100,51.1,FALSE
Michigan,2626220,Oakridge Public Schools,92,920,51.1,100,100,100,54.3,FALSE
Minnesota,2723430,New Prague Area Schools,184,1840,51.1,100,100,57.6,98.9,FALSE
Oklahoma,4008850,Coweta Public Schools,139,1390,51.1,100,88.5,100,63.3,FALSE
California,618990,John Swett Unified School District,49,490,51,100,100,100,75.5,FALSE
Illinois,1705790,Belvidere Consolidated Unit School District 100,261,2610,51,100,100,100,73.6,FALSE
Illinois,1713530,Edwardsville Community Unit School District 7,402,4020,51,100,100,100,54.2,FALSE
Maine,2314783,Regional School Unit 04,49,490,51,100,98,75.5,71.4,FALSE
New Hampshire,3303850,Hollis-Brookline Cooperative School District,98,980,51,100,98,100,52,FALSE
North Carolina,3705020,Wilson County Schools,596,5960,51,100,100,100,62.8,FALSE
Pennsylvania,4220910,Schuylkill Haven Area School District,51,510,51,100,100,100,51,FALSE
Vermont,5000421,Kingdom East Unified Union School District,49,490,51,98,89.8,59.2,77.6,FALSE
Arkansas,509240,Malvern Special School District,106,1060,50.9,100,100,100,50.9,FALSE
California,625830,Morgan Hill Unified School District,562,5620,50.9,100,100,100,61.4,FALSE
Georgia,1305280,Upson County School District,230,2300,50.9,100,96.1,100,50.9,FALSE
Indiana,1803870,Gary Community School Corporation,501,5010,50.9,100,95.2,100,52.7,FALSE
Iowa,1926370,Sioux Center Community School District,108,1080,50.9,100,100,100,100,FALSE
Nebraska,3100002,David City Public Schools,53,530,50.9,100,81.1,71.7,54.7,FALSE
Pennsylvania,4216290,Greater Nanticoke Area School District,106,1060,50.9,100,100,100,75.5,FALSE
Texas,4836300,Quitman Independent School District,53,530,50.9,100,83,100,50.9,FALSE
Arkansas,512660,Springdale School District,993,9930,50.8,100,100,100,54.3,FALSE
Connecticut,903520,Regional School District 10,63,630,50.8,100,96.8,100,50.8,FALSE
Illinois,1723070,Lincoln Way Community High School District 210,769,7690,50.8,100,99.5,100,59.9,FALSE
Illinois,1726400,Moline-Coal Valley School District 40,331,3310,50.8,100,99.7,100,94,FALSE
New Jersey,3411040,Mountainside Borough School District,63,630,50.8,100,100,100,50.8,FALSE
New York,3607020,Grand Island Central School District,132,1320,50.8,100,100,100,50.8,FALSE
Pennsylvania,4202850,Pine-Richland School District,187,1870,50.8,100,100,100,51.3,FALSE
Texas,4809200,Azle Independent School District,331,3310,50.8,100,99.4,100,61.6,FALSE
Arizona,403870,Humboldt Unified District,341,3410,50.7,100,100,100,56.6,FALSE
Arizona,405530,Nogales Unified District,144,1440,50.7,100,99.3,100,80.6,FALSE
Arkansas,506270,Forrest City School District,148,1480,50.7,100,95.9,99.3,53.4,FALSE
California,621270,Le Grand Union High School District,69,690,50.7,69.6,100,100,69.6,FALSE
Connecticut,903537,Regional School District 15,146,1460,50.7,100,95.9,100,56.2,FALSE
Georgia,1300780,Camden County School District,452,4520,50.7,98.7,98.2,100,61.1,FALSE
Georgia,1304620,Sumter County School District,225,2250,50.7,100,90.2,100,52.4,FALSE
Illinois,1703780,Anna Jonesboro Community High School District 81,69,690,50.7,95.7,94.2,100,56.5,FALSE
Kentucky,2100540,Bourbon County School District,140,1400,50.7,67.9,73.6,100,53.6,FALSE
Massachusetts,2512750,Weston School District,69,690,50.7,100,100,100,58,FALSE
North Carolina,3700012,Pitt County Schools,1141,11410,50.7,100,100,100,60.1,FALSE
North Carolina,3700580,Caldwell County Schools,452,4520,50.7,97.1,100,100,76.5,FALSE
Oregon,4104700,Estacada School District 108,75,750,50.7,100,100,98.7,52,FALSE
Oregon,4110520,Reynolds School District 7,568,5680,50.7,100,100,100,99.1,FALSE
South Carolina,4503330,Pickens County School District,718,7180,50.7,100,95.4,100,60.7,FALSE
Texas,4837740,Roma Independent School District,306,3060,50.7,100,98,100,56.9,FALSE
Texas,4845630,Whitesboro Independent School District,71,710,50.7,100,100,100,53.5,FALSE
Virginia,5101110,Danville City Public Schools,294,2940,50.7,100,100,100,58.5,FALSE
California,600043,Scotts Valley Unified School District,85,850,50.6,100,100,100,55.3,FALSE
California,608010,Central Union High School District,472,4720,50.6,100,100,100,76.9,FALSE
California,633630,Roseville Joint Union High School District,1269,12690,50.6,100,100,96.4,63.4,FALSE
Illinois,1729220,Oak Lawn Community High School District 229,267,2670,50.6,100,100,100,100,FALSE
Maryland,2400180,Caroline County Public Schools,233,2330,50.6,94.4,75.5,79,94.4,FALSE
Idaho,1600300,Blaine County School District 61,101,1010,50.5,100,93.1,100,55.4,FALSE
New Jersey,3407980,Kingsway Regional School District,190,1900,50.5,100,98.4,100,57.4,FALSE
New Mexico,3500690,Deming Public Schools,202,2020,50.5,99.5,99.5,99.5,100,FALSE
Oregon,4101560,Ashland School District 5,103,1030,50.5,86.4,100,99,69.9,FALSE
Oregon,4109630,Phoenix-Talent School District 4,95,950,50.5,100,100,100,100,FALSE
Arizona,403450,Glendale Union High School District,2787,27870,50.4,100,100,100,61.1,FALSE
California,643470,Yuba City Unified School District,532,5320,50.4,100,100,98.9,87.2,FALSE
Connecticut,900060,Ansonia School District,121,1210,50.4,100,100,100,98.3,FALSE
Ohio,3904377,Claymont City School District,131,1310,50.4,100,100,100,100,FALSE
Pennsylvania,4221240,Shamokin Area School District,117,1170,50.4,100,100,100,50.4,FALSE
Alabama,100005,Albertville City School District,187,1870,50.3,100,100,100,77,FALSE
Delaware,1000790,Lake Forest School District,195,1950,50.3,100,100,94.4,77.4,FALSE
Illinois,1704920,Ball-Chatham Community Unit School District 5,183,1830,50.3,100,91.8,100,68.9,FALSE
North Carolina,3703270,Nash-Rocky Mount Schools,757,7570,50.3,93.9,100,100,63.7,FALSE
Pennsylvania,4215720,Montour School District,155,1550,50.3,100,100,100,54.8,FALSE
Texas,4844160,Vidor Independent School District,145,1450,50.3,100,84.8,100,55.2,FALSE
Texas,4844800,Weatherford Independent School District,362,3620,50.3,100,96.1,100,52.2,FALSE
California,634800,San Luis Coastal Unified School District,303,3030,50.2,100,100,96.7,53.8,FALSE
New Jersey,3417550,West Morris Regional School District,203,2030,50.2,100,90.1,100,60.6,FALSE
Texas,4824990,Judson Independent School District,1399,13990,50.2,100,98.5,100,81.7,FALSE
New York,3619320,Middletown City School District,409,4090,50.1,99.3,99.8,100,76.3,FALSE
Pennsylvania,4207710,Downingtown Area School District,513,5130,50.1,100,100,100,50.1,FALSE
Texas,4838790,San Benito Consolidated Independent School District,349,3490,50.1,98.9,73.1,100,65,FALSE
Alabama,100180,Attalla City School District,12,120,50,100,91.7,100,83.3,FALSE
Alabama,101720,Haleyville City School District,38,380,50,100,78.9,100,52.6,FALSE
Alabama,102610,Opp City School District,38,380,50,94.7,86.8,100,50,FALSE
Alaska,200525,Annette Island School District,12,120,50,50,91.7,100,100,FALSE
Alaska,200690,Skagway School District,6,60,50,100,66.7,100,50,FALSE
Arkansas,502550,Armorel School District,4,40,50,100,100,100,50,TRUE
Arkansas,503960,Carlisle School District,20,200,50,100,100,100,50,FALSE
Arkansas,507560,Heber Springs School District,40,400,50,100,100,100,50,FALSE
California,642580,Laytonville Unified School District,8,80,50,100,100,50,50,FALSE
Colorado,802640,Buena Vista School District R-31,30,300,50,100,56.7,73.3,56.7,FALSE
Colorado,803300,Upper Rio Grande School District C-7,20,200,50,50,100,100,100,FALSE
Colorado,803510,Kiowa County School District No. RE-1,2,20,50,100,50,100,50,TRUE
Colorado,805160,La Veta School District RE-2,2,20,50,100,50,100,100,TRUE
Colorado,807410,Woodlin School District R-104,2,20,50,100,50,100,100,TRUE
Connecticut,904080,Sherman School District,10,100,50,100,80,100,60,FALSE
Georgia,1302640,Hancock County School District,14,140,50,50,85.7,85.7,100,FALSE
Illinois,1700001,River Ridge Community Unit School District 210,10,100,50,100,70,70,100,FALSE
Illinois,1700106,Heritage Community Unit School District 8,10,100,50,100,60,100,100,FALSE
Illinois,1704380,Ashton-Franklin Center CUSD 275,16,160,50,100,100,87.5,81.2,FALSE
Illinois,1707200,Brimfield Community Unit School District 309,26,260,50,100,76.9,100,76.9,FALSE
Illinois,1716680,Gillespie Community Unit School District 7,70,700,50,84.3,98.6,100,98.6,FALSE
Illinois,1729730,Ohio Community High School District 505,4,40,50,100,50,100,100,TRUE
Illinois,1730480,Palestine Community Unit School District 3,12,120,50,100,50,100,100,FALSE
Illinois,1738130,Sullivan Community Unit School District 300,44,440,50,100,54.5,100,100,FALSE
Iowa,1903570,Anamosa Community School District,34,340,50,100,70.6,76.5,52.9,FALSE
Iowa,1908880,Delwood Community School District,8,80,50,100,50,100,100,FALSE
Iowa,1916620,Lenox Community School District,18,180,50,100,66.7,66.7,50,FALSE
Iowa,1918630,Marcus-Meriden-Cleghorn Community School District,20,200,50,100,50,100,50,FALSE
Iowa,1920940,North Scott Community School District,110,1100,50,100,95.5,100,57.3,FALSE
Iowa,1924870,Roland-Story Community School District,48,480,50,100,100,93.8,100,FALSE
Iowa,1929310,Vinton-Shellsburg Community School District,62,620,50,100,66.1,83.9,71,FALSE
Iowa,1929490,Waco Community School District,20,200,50,100,90,100,60,FALSE
Kansas,2006090,Eudora Unified School District 491,38,380,50,100,81.6,100,78.9,FALSE
Kansas,2006720,Kiowa County Unified School District 422,14,140,50,100,78.6,100,50,FALSE
Kansas,2008670,Leroy-Gridley Unified School District 245,2,20,50,100,50,100,100,TRUE
Kansas,2009900,Neodesha Unified School District 461,18,180,50,100,50,100,100,FALSE
Kansas,2010230,Osage City Unified School District 420,20,200,50,100,60,100,100,FALSE
Kansas,2011910,St. John-Hudson Unified School District 350,16,160,50,100,50,100,100,FALSE
Kentucky,2102860,Hopkins County School District,282,2820,50,100,95,100,57.8,FALSE
Kentucky,2102910,Jackson Independent School District,2,20,50,50,50,100,50,TRUE
Kentucky,2199997,School District Not Defined,2,20,50,50,100,100,100,TRUE
Louisiana,2201890,Webster Parish School District,254,2540,50,96.5,96.9,100,54.3,FALSE
Maine,2303290,Boothbay-Boothbay Harbor Community School District,24,240,50,100,83.3,91.7,50,FALSE
Maine,2304650,Crawford,2,20,50,100,50,100,100,TRUE
Maine,2306510,Hermon,40,400,50,100,97.5,82.5,72.5,FALSE
Maine,2307250,Lamoine Public Schools,8,80,50,100,100,75,75,FALSE
Maine,2310770,School Administrative District 17,92,920,50,95.7,100,91.3,57.6,FALSE
Maine,2312140,Sedgwick,4,40,50,100,100,50,100,TRUE
Maine,2312300,South Bristol,2,20,50,100,100,100,50,TRUE
Maine,2313710,Whitneyville,4,40,50,100,100,75,75,TRUE
Maine,2314784,Regional School Unit 23,12,120,50,100,66.7,100,50,FALSE
Massachusetts,2500544,Monomoy Regional School District,56,560,50,100,83.9,98.2,64.3,FALSE
Massachusetts,2502160,Athol-Royalston School District,82,820,50,97.6,91.5,89,69.5,FALSE
Massachusetts,2513260,Worthington School District,2,20,50,100,50,100,100,TRUE
Massachusetts,2525015,Lee/Berkshire Hills in Farmington River Regional (7-12),6,60,50,100,50,100,100,FALSE
Michigan,2603660,Autrain-Onota Public Schools,4,40,50,100,100,100,50,TRUE
Michigan,2606720,Breitung Township Schools,68,680,50,100,94.1,100,50,FALSE
Michigan,2608280,Caseville Public Schools,4,40,50,50,100,100,100,TRUE
Michigan,2628890,Houghton-Portage Township Schools,24,240,50,83.3,100,83.3,83.3,FALSE
Michigan,2635970,Westwood Heights Schools,46,460,50,100,100,100,76.1,FALSE
Minnesota,2700088,Lakeview School District,22,220,50,100,100,50,100,FALSE
Minnesota,2707450,Campbell-Tintah Public School District,6,60,50,100,100,50,100,FALSE
Minnesota,2713890,Herman-Norcross School District,6,60,50,100,50,83.3,100,FALSE
Minnesota,2715000,International Falls School District,42,420,50,100,100,57.1,83.3,FALSE
Minnesota,2718360,Lyle Public School District,4,40,50,100,75,50,100,TRUE
Minnesota,2732520,Royalton Public School District,24,240,50,100,100,54.2,100,FALSE
Minnesota,2742780,Windom Public School District,50,500,50,100,100,50,100,FALSE
Mississippi,2803390,Okolona Separate School District,44,440,50,100,100,100,59.1,FALSE
Missouri,2900003,Portageville School District,24,240,50,62.5,62.5,62.5,62.5,FALSE
Missouri,2905400,Boncl R-X School District,2,20,50,100,50,50,100,TRUE
Missouri,2907080,Canton R-V School District,22,220,50,100,50,77.3,100,FALSE
Missouri,2912480,Strain-Japan R-XVI School District,2,20,50,100,100,50,100,TRUE
Missouri,2914310,Hermitage R-IV School District,2,20,50,50,50,100,50,TRUE
Missouri,2917970,Lathrop R-II School District,30,300,50,100,63.3,90,76.7,FALSE
Missouri,2923490,Palmyra R-I School District,52,520,50,100,100,100,100,FALSE
Missouri,2927090,Salem R-80 School District,30,300,50,93.3,100,100,60,FALSE
Montana,3007200,Columbus High School District,20,200,50,100,100,100,100,FALSE
Montana,3016810,Lincoln K-12 Schools,2,20,50,100,50,100,100,TRUE
Montana,3021090,Polson High School District,62,620,50,98.4,100,59.7,100,FALSE
Nebraska,3100011,Broken Bow Public Schools,32,320,50,100,62.5,62.5,50,FALSE
Nebraska,3100117,Heartland Community Schools,12,120,50,100,75,100,100,FALSE
Nebraska,3100176,Johnson County Central Public Schools,14,140,50,100,71.4,85.7,85.7,FALSE
Nebraska,3104020,Bertrand Public Schools,8,80,50,100,75,62.5,75,FALSE
Nebraska,3104640,Burwell Public Schools,10,100,50,60,60,50,60,FALSE
Nebraska,3171010,Giltner Public Schools,2,20,50,100,100,100,100,TRUE
Nebraska,3171370,Hampton Public Schools,6,60,50,100,50,100,50,FALSE
Nebraska,3174580,Northwest Public Schools,94,940,50,100,62.8,97.9,73.4,FALSE
New Hampshire,3301680,Bartlett School District,8,80,50,100,50,100,100,FALSE
New Hampshire,3301830,Benton School District,2,20,50,100,100,100,50,TRUE
New Hampshire,3303630,Harrisville School District,6,60,50,100,100,100,50,FALSE
New Hampshire,3305220,Newfound Area School District,30,300,50,100,93.3,96.7,56.7,FALSE
New Jersey,3402340,Brigantine City School District,22,220,50,100,50,100,100,FALSE
New Jersey,3405280,Folsom Borough School District,8,80,50,100,62.5,100,100,FALSE
New Jersey,3406060,Greater Egg Harbor Regional School District,310,3100,50,99,75.5,100,67.4,FALSE
New Jersey,3407650,Interlaken Borough School District,6,60,50,100,100,100,83.3,FALSE
New Mexico,3502160,Questa Independent Schools,18,180,50,100,100,100,100,FALSE
New York,3605940,Burnt Hills-Ballston Lake Central School District,122,1220,50,100,100,100,57.4,FALSE
New York,3612330,Goshen Central School District,94,940,50,94.7,98.9,100,57.4,FALSE
New York,3614820,Hornell City School District,54,540,50,100,55.6,100,55.6,FALSE
New York,3624240,Red Hook Central School District,54,540,50,100,92.6,98.1,72.2,FALSE
New York,3627780,Spencerport Central School District,142,1420,50,100,96.5,100,73.2,FALSE
New York,3629640,Victor Central School District,170,1700,50,100,90.6,100,65.3,FALSE
New York,3630900,West Valley Central School District,6,60,50,100,50,100,100,FALSE
New York,3631860,Wyoming Central School District,12,120,50,100,50,100,91.7,FALSE
North Dakota,3800017,Linton Public School District 36,4,40,50,100,75,75,50,TRUE
North Dakota,3801950,Anamoose Public School District 14,2,20,50,50,50,100,50,TRUE
Ohio,3904403,Gallipolis City School District,108,1080,50,89.8,89.8,100,73.1,FALSE
Ohio,3904553,Mount Gilead Exempted Village School District,50,500,50,100,100,100,82,FALSE
Ohio,3904719,Kenston Local School District,96,960,50,100,96.9,100,52.1,FALSE
Ohio,3904893,Danbury Local School District,8,80,50,100,50,100,100,FALSE
Ohio,3904932,Continental Local School District,20,200,50,100,100,100,50,FALSE
Ohio,3904981,Russia Local School District,14,140,50,100,100,100,50,FALSE
Oklahoma,4000798,Davidson Public Schools,2,20,50,100,50,100,100,TRUE
Oklahoma,4002550,Agra Public Schools,8,80,50,100,50,100,100,FALSE
Oklahoma,4002850,Altus Public Schools,160,1600,50,100,80.6,100,100,FALSE
Oklahoma,4003300,Asher Public Schools,10,100,50,100,50,100,100,FALSE
Oklahoma,4006810,Cashion Public Schools,26,260,50,100,69.2,76.9,100,FALSE
Oklahoma,4006870,Catoosa Public Schools,78,780,50,87.2,79.5,100,65.4,FALSE
Oklahoma,4009000,Crescent Public Schools,20,200,50,100,65,100,80,FALSE
Oklahoma,4009750,Depew Public Schools,2,20,50,100,100,100,100,TRUE
Oklahoma,4012690,Glencoe Public Schools,14,140,50,100,57.1,100,50,FALSE
Oklahoma,4014160,Heavener Public Schools,34,340,50,100,91.2,100,100,FALSE
Oklahoma,4030060,Tishomingo Public Schools,36,360,50,52.8,52.8,97.2,72.2,FALSE
Oklahoma,4031290,Vinita Public Schools,30,300,50,100,70,83.3,56.7,FALSE
Oklahoma,4032220,Weleetka Public Schools,10,100,50,50,60,100,100,FALSE
Oklahoma,4033330,Wynona Public Schools,2,20,50,100,100,50,100,TRUE
Oregon,4103690,Creswell School District 40,60,600,50,100,100,100,50,FALSE
Oregon,4110020,Port Orford-Langlois School District 2J,2,20,50,100,100,50,100,TRUE
Oregon,4110110,Prairie City School District 4,6,60,50,100,100,50,100,FALSE
Pennsylvania,4202700,Austin Area School District,6,60,50,100,50,100,100,FALSE
Pennsylvania,4203300,Bellwood-Antis School District,22,220,50,100,100,100,50,FALSE
Pennsylvania,4225110,Waynesboro Area School District,166,1660,50,100,100,100,53.6,FALSE
South Carolina,4502100,Fairfield County School District,108,1080,50,100,78.7,96.3,64.8,FALSE
South Dakota,4600025,Howard School District 48-3,14,140,50,100,100,100,50,FALSE
Tennessee,4702010,Huntingdon Special School District,56,560,50,100,75,100,50,FALSE
Texas,4814160,Clarendon Independent School District,14,140,50,100,57.1,57.1,100,FALSE
Texas,4819380,Flour Bluff Independent School District,152,1520,50,100,100,100,67.1,FALSE
Texas,4819820,Freer Independent School District,10,100,50,50,50,100,50,FALSE
Texas,4823160,High Island Independent School District,2,20,50,100,50,100,100,TRUE
Texas,4823430,Hondo Independent School District,88,880,50,100,97.7,100,50,FALSE
Texas,4825950,Kress Independent School District,2,20,50,100,50,100,100,TRUE
Texas,4826850,Lasara Independent School District,2,20,50,100,100,50,100,TRUE
Texas,4828230,Lorenzo Independent School District,2,20,50,100,50,100,100,TRUE
Texas,4833630,Olney Independent School District,18,180,50,100,50,100,100,FALSE
Texas,4834020,Palacios Independent School District,44,440,50,100,50,100,50,FALSE
Texas,4838520,Saint Jo Independent School District,6,60,50,100,50,100,100,FALSE
Texas,4838580,Salado Independent School District,48,480,50,100,81.2,100,52.1,FALSE
Texas,4840170,Sidney Independent School District,4,40,50,100,50,100,100,TRUE
Texas,4841760,Sudan Independent School District,20,200,50,100,80,100,80,FALSE
Texas,4844490,Walnut Bend Independent School District,2,20,50,100,50,100,100,TRUE
Texas,4846080,Windthorst Independent School District,6,60,50,100,83.3,66.7,83.3,FALSE
Utah,4900330,Grand School District,48,480,50,100,100,77.1,54.2,FALSE
Vermont,5000422,Ludlow Mt. Holly Unified Union School District,2,20,50,100,100,100,50,TRUE
Vermont,5000427,Green Mountain Unified School District,22,220,50,100,54.5,90.9,86.4,FALSE
Vermont,5000444,Enosburgh-Richford Unified Union School District 88,32,320,50,100,65.6,87.5,62.5,FALSE
Vermont,5004620,Hartland School District,6,60,50,100,66.7,100,50,FALSE
Vermont,5004830,Ira School District,4,40,50,100,50,75,100,TRUE
Washington,5304740,Manson School District,18,180,50,100,55.6,100,61.1,FALSE
Washington,5306270,Onion Creek School District,6,60,50,100,50,100,100,FALSE
Washington,5307050,Lake Quinault School District,12,120,50,100,50,100,100,FALSE
Wisconsin,5500990,Belleville School District,38,380,50,100,76.3,100,52.6,FALSE
Wisconsin,5511850,Platteville School District,68,680,50,100,61.8,100,54.4,FALSE
Wisconsin,5599997,School District Not Defined,18,180,50,100,94.4,94.4,88.9,FALSE
New Jersey,3412060,Ocean Township School District,243,2430,49.8,100,100,100,79.4,FALSE
Texas,4828740,Magnolia Independent School District,526,5260,49.8,100,89.2,100,54.8,FALSE
Pennsylvania,4224150,Uniontown Area School District,155,1550,49.7,98.1,100,100,65.8,FALSE
South Carolina,4503750,Union County School District,185,1850,49.7,97.3,98.4,99.5,57.8,FALSE
Connecticut,902910,Newtown School District,137,1370,49.6,100,100,98.5,51.1,FALSE
Michigan,2612450,Eastpointe Community Schools,349,3490,49.6,100,100,100,95.4,FALSE
Texas,4838220,Royse City Independent School District,236,2360,49.6,100,85.2,100,53.8,FALSE
Washington,5302460,Ellensburg School District,123,1230,49.6,100,100,100,49.6,FALSE
Georgia,1302130,Fayette County School District,632,6320,49.5,95.1,98.6,100,55.2,FALSE
Illinois,1712990,East Alton-Wood River Community High School District 14,97,970,49.5,100,99,100,100,FALSE
Illinois,1727360,Mount Vernon Township High School District 201,208,2080,49.5,80.3,77.9,98.6,87.5,FALSE
Iowa,1906270,Carlisle Community School District,91,910,49.5,100,78,97.8,71.4,FALSE
Missouri,2911650,Excelsior Springs 40 School District,107,1070,49.5,100,68.2,100,57,FALSE
Pennsylvania,4207590,Derry Township School District,109,1090,49.5,100,100,100,49.5,FALSE
Pennsylvania,4225980,West York Area School District,196,1960,49.5,100,100,100,54.6,FALSE
Texas,4830250,Mercedes Independent School District,182,1820,49.5,80.8,74.2,100,58.2,FALSE
Wyoming,5605762,Sweetwater County School District 2,97,970,49.5,100,100,100,49.5,FALSE
Colorado,802580,School District 27J,988,9880,49.4,100,100,100,82.7,FALSE
Illinois,1721000,Kewanee Community Unit School District 229,89,890,49.4,100,66.3,97.8,100,FALSE
Mississippi,2801860,Hinds County School District,245,2450,49.4,87.3,99.6,100,51.8,FALSE
Pennsylvania,4213050,Lakeland School District,79,790,49.4,100,100,100,60.8,FALSE
South Carolina,4502760,Lexington School District 3,85,850,49.4,100,76.5,100,56.5,FALSE
Wisconsin,5513650,Sheboygan Area School District,429,4290,49.4,100,78.8,100,98.1,FALSE
Wyoming,5605302,Sweetwater County School District 1,166,1660,49.4,100,100,100,59.6,FALSE
Illinois,1713560,Effingham Community Unit School District 40,140,1400,49.3,100,100,97.9,56.4,FALSE
Iowa,1930630,Webster City Community School District,67,670,49.3,100,61.2,100,58.2,FALSE
Massachusetts,2506960,Littleton School District,75,750,49.3,100,100,100,62.7,FALSE
New York,3621780,Oneonta City School District,67,670,49.3,100,100,100,49.3,FALSE
Pennsylvania,4207080,Crawford Central School District,148,1480,49.3,94.6,100,100,50,FALSE
Pennsylvania,4216170,Mount Pleasant Area School District,69,690,49.3,100,100,100,49.3,FALSE
Virginia,5101800,Hampton City Public Schools,980,9800,49.3,100,98.6,100,62.8,FALSE
Florida,1200690,Gulf County School District,61,610,49.2,77,83.6,100,80.3,FALSE
Iowa,1921630,Oelwein Community School District,59,590,49.2,100,69.5,100,98.3,FALSE
Kansas,2003630,Augusta Unified School District 402,59,590,49.2,100,94.9,100,100,FALSE
Missouri,2916450,Kearney R-I School District,126,1260,49.2,100,100,100,52.4,FALSE
South Dakota,4655260,Pierre School District 32-2,120,1200,49.2,100,100,100,50,FALSE
Texas,4840650,Snyder Independent School District,124,1240,49.2,100,100,100,81.5,FALSE
Texas,4845600,Whitehouse Independent School District,199,1990,49.2,100,98,100,57.8,FALSE
Connecticut,902070,Killingly School District,106,1060,49.1,100,100,100,54.7,FALSE
Indiana,1808280,Shenandoah School Corporation,57,570,49.1,100,86,100,63.2,FALSE
Massachusetts,2511490,Tantasqua School District,106,1060,49.1,100,71.7,92.5,73.6,FALSE
Mississippi,2800196,Winona-Montgomery County Consolidated School District,53,530,49.1,96.2,100,100,49.1,FALSE
Mississippi,2802400,Lamar County School District,456,4560,49.1,96.1,92.3,100,52.6,FALSE
Nevada,3200090,Douglas County School District,234,2340,49.1,100,100,100,56,FALSE
New York,3616710,Lansing Central School District,55,550,49.1,100,85.5,94.5,69.1,FALSE
Pennsylvania,4212750,Keystone Oaks School District,114,1140,49.1,100,100,100,50.9,FALSE
Pennsylvania,4222380,Southern York County School District,108,1080,49.1,100,100,100,49.1,FALSE
Texas,4826190,La Porte Independent School District,346,3460,49.1,100,100,100,61.6,FALSE
Washington,5303540,Highline School District,928,9280,49.1,100,100,100,62.3,FALSE
Colorado,803480,Durango School District 9-R,200,2000,49,100,100,100,52,FALSE
Indiana,1812360,Warren Township Metropolitan School District,588,5880,49,100,99.8,100,51,FALSE
Michigan,2607320,Bullock Creek School District,51,510,49,100,100,80.4,56.9,FALSE
Missouri,2922530,Nixa School District,263,2630,49,100,99.6,100,67.3,FALSE
Nebraska,3102770,Adams Central Public Schools,102,1020,49,100,82.4,100,51,FALSE
Texas,4808870,Athens Independent School District,151,1510,49,100,93.4,100,49,FALSE
Washington,5301140,Centralia School District,204,2040,49,100,100,100,49,FALSE
California,622710,Los Angeles Unified School District,28439,284390,48.9,100,100,99.7,81.1,FALSE
Illinois,1721390,Knoxville Community Unit School District 202,47,470,48.9,100,100,100,100,FALSE
Indiana,1800720,Bluffton-Harrison Metropolitan School District,88,880,48.9,100,100,100,71.6,FALSE
Iowa,1918180,Madrid Community School District,47,470,48.9,100,100,100,87.2,FALSE
Kansas,2000015,Ottawa Unified School District 290,90,900,48.9,100,88.9,100,100,FALSE
Missouri,2910500,De Soto 73 School District,88,880,48.9,94.3,94.3,100,55.7,FALSE
New Hampshire,3304380,Littleton School District,45,450,48.9,100,100,100,100,FALSE
New Hampshire,3304740,Merrimack School District,225,2250,48.9,100,99.1,100,56,FALSE
North Carolina,3703060,Montgomery County Schools,137,1370,48.9,100,100,100,71.5,FALSE
North Carolina,3703310,Craven County Schools,693,6930,48.9,100,100,99.7,50.9,FALSE
Tennessee,4701590,Hamilton County School District,2566,25660,48.9,100,98.2,100,59.4,FALSE
Vermont,5000398,Addison Northwest Unified School District,45,450,48.9,100,91.1,73.3,71.1,FALSE
California,616230,Grossmont Union High School District,3798,37980,48.8,100,100,95.5,92.7,FALSE
Illinois,1700044,Farmington Central Community Unit School District 265,80,800,48.8,100,87.5,97.5,91.2,FALSE
Massachusetts,2507350,Marshfield School District,127,1270,48.8,100,100,100,62.2,FALSE
Michigan,2629160,Potterville Public Schools,41,410,48.8,100,100,100,51.2,FALSE
Mississippi,2803830,Rankin County School District,879,8790,48.8,99.5,97.6,100,51.3,FALSE
New Hampshire,3300017,Exeter Regional Cooperative School District,162,1620,48.8,100,98.8,100,53.7,FALSE
New Jersey,3408850,Lodi Borough School District,160,1600,48.8,100,100,100,92.5,FALSE
New York,3624030,Queensbury Union Free School District,121,1210,48.8,100,97.5,100,68.6,FALSE
Pennsylvania,4218580,Penn-Delco School District,172,1720,48.8,100,100,100,57,FALSE
Texas,4800010,Hays Consolidated Independent School District,1134,11340,48.8,100,96.8,100,67.5,FALSE
Texas,4835850,Princeton Independent School District,164,1640,48.8,100,76.8,100,59.8,FALSE
Washington,5305850,North Thurston Public Schools,818,8180,48.8,98.5,100,100,63.6,FALSE
California,617040,Hermosa Beach City Elementary School District,76,760,48.7,100,100,100,52.6,FALSE
Illinois,1718510,Havana Community Unit School District 126,39,390,48.7,100,100,100,48.7,FALSE
Illinois,1725050,Mattoon Community Unit School District 2,150,1500,48.7,100,78,99.3,71.3,FALSE
Kansas,2010890,Pratt Unified School District 382,39,390,48.7,100,48.7,100,100,FALSE
Michigan,2633510,Tawas Area Schools,39,390,48.7,94.9,100,59,79.5,FALSE
California,605610,Bonita Unified School District,387,3870,48.6,100,100,100,94.3,FALSE
California,638640,Sweetwater Union High School District,3286,32860,48.6,100,100,95.1,90.2,FALSE
Michigan,2607620,Caledonia Community Schools,218,2180,48.6,100,100,100,58.7,FALSE
Michigan,2615150,Fremont Public School District,140,1400,48.6,95,100,100,54.3,FALSE
Minnesota,2717520,Lake City Public School District,37,370,48.6,100,100,56.8,97.3,FALSE
Minnesota,2732550,Rush City Public School District,35,350,48.6,100,88.6,51.4,100,FALSE
Mississippi,2801890,Hollandale School District,35,350,48.6,51.4,88.6,100,97.1,FALSE
Missouri,2926640,Ritenour School District,370,3700,48.6,100,100,100,81.4,FALSE
New Jersey,3417250,Waterford Township School District,35,350,48.6,100,68.6,100,74.3,FALSE
New York,3600009,Saranac Central School District,37,370,48.6,100,97.3,54.1,100,FALSE
New York,3606390,Canastota Central School District,70,700,48.6,75.7,100,98.6,100,FALSE
New York,3608010,Cold Spring Harbor Central School District,74,740,48.6,100,100,100,52.7,FALSE
New York,3619230,Longwood Central School District,327,3270,48.6,100,100,95.4,71.3,FALSE
North Carolina,3704890,Weldon City Schools,70,700,48.6,100,100,100,94.3,FALSE
Rhode Island,4400090,Burrillville School District,105,1050,48.6,100,100,100,51.4,FALSE
Wisconsin,5501740,Brodhead School District,35,350,48.6,100,65.7,100,51.4,FALSE
Wyoming,5603310,Hot Springs County School District 1,35,350,48.6,91.4,100,91.4,91.4,FALSE
Alabama,100480,Bullock County School District,68,680,48.5,100,100,100,52.9,FALSE
Arizona,409733,Sedona-Oak Creek Joint Unified District,33,330,48.5,100,72.7,100,75.8,FALSE
California,604110,Bassett Unified School District,132,1320,48.5,100,100,100,93.9,FALSE
California,622500,Long Beach Unified School District,3204,32040,48.5,100,100,100,94.7,FALSE
Georgia,1302100,Fannin County School District,101,1010,48.5,92.1,96,100,57.4,FALSE
Kentucky,2103090,Kenton County School District,888,8880,48.5,100,99.4,100,56.2,FALSE
Montana,3007930,Custer County High School District,68,680,48.5,100,100,67.6,100,FALSE
New Mexico,3502370,Santa Fe Public Schools,522,5220,48.5,100,99.6,99.6,76.4,FALSE
North Carolina,3702250,Hoke County Schools,513,5130,48.5,97.1,100,100,65.3,FALSE
North Carolina,3704920,Whiteville City Schools,68,680,48.5,100,100,98.5,67.6,FALSE
Oklahoma,4021630,Noble Public Schools,97,970,48.5,100,71.1,100,56.7,FALSE
Oregon,4104950,Fern Ridge School District 28J,66,660,48.5,100,100,100,50,FALSE
Oregon,4111940,Sutherlin School District 130,33,330,48.5,87.9,100,100,100,FALSE
Pennsylvania,4203000,Bangor Area School District,134,1340,48.5,100,100,100,48.5,FALSE
Pennsylvania,4218750,Pennridge School District,274,2740,48.5,100,100,100,49.6,FALSE
Pennsylvania,4226730,Wyoming Area School District,103,1030,48.5,100,100,100,64.1,FALSE
Texas,4808910,Aubrey Independent School District,204,2040,48.5,100,94.6,100,59.8,FALSE
Virginia,5103130,Prince William County Public Schools,3915,39150,48.5,100,100,100,69.9,FALSE
Washington,5307900,Shelton School District,169,1690,48.5,97.6,100,100,100,FALSE
Kansas,2008370,Fort Larned Unified School District 495,31,310,48.4,100,87.1,100,100,FALSE
Maine,2314130,York,64,640,48.4,100,100,98.4,50,FALSE
Michigan,2608770,Charlotte Public Schools,126,1260,48.4,96.8,100,99.2,55.6,FALSE
Michigan,2610620,Comstock Park Public Schools,95,950,48.4,100,100,100,66.3,FALSE
Michigan,2633420,Swartz Creek Community Schools,128,1280,48.4,100,100,100,56.2,FALSE
Minnesota,2718960,Martin County West School District,31,310,48.4,100,100,48.4,100,FALSE
Ohio,3904632,Clermont Northeastern Local School District,64,640,48.4,100,85.9,100,59.4,FALSE
Oklahoma,4026730,Salina Public Schools,31,310,48.4,58.1,100,100,100,FALSE
Texas,4815240,Copperas Cove Independent School District,306,3060,48.4,100,83,100,52.9,FALSE
Texas,4820760,Gladewater Independent School District,93,930,48.4,98.9,98.9,100,100,FALSE
Illinois,1711790,Danville Community Consolidated School District 118,265,2650,48.3,100,92.8,99.6,83,FALSE
Michigan,2606000,Blissfield Community Schools,58,580,48.3,100,100,100,48.3,FALSE
New York,3615180,Hyde Park Central School District,118,1180,48.3,100,100,91.5,75.4,FALSE
Oklahoma,4009240,Cushing Public Schools,89,890,48.3,100,96.6,100,100,FALSE
Oregon,4110350,Redmond School District 2J,482,4820,48.3,100,100,100,56.8,FALSE
Rhode Island,4400750,North Kingstown School District,118,1180,48.3,100,94.9,100,54.2,FALSE
South Carolina,4502580,Lancaster County School District,681,6810,48.3,94.6,97.9,100,54.8,FALSE
Wisconsin,5508820,Marshfield School District,180,1800,48.3,100,76.1,100,61.1,FALSE
California,623340,Madera Unified School District,813,8130,48.2,99.8,100,100,99.6,FALSE
Georgia,1305430,Ware County School District,274,2740,48.2,100,90.1,100,55.1,FALSE
Iowa,1903270,Albia Community School District,56,560,48.2,100,82.1,98.2,100,FALSE
Minnesota,2723820,North Branch Public Schools,110,1100,48.2,100,100,83.6,72.7,FALSE
North Carolina,3700690,Catawba County Schools,720,7200,48.2,100,100,100,85.1,FALSE
North Carolina,3700870,Clay County Schools,56,560,48.2,53.6,100,100,94.6,FALSE
Ohio,3904531,Coldwater Exempted Village School District,56,560,48.2,100,100,100,48.2,FALSE
Texas,4825620,Kilgore Independent School District,193,1930,48.2,100,100,100,51.8,FALSE
Alabama,102370,Mobile County School District,2999,29990,48.1,98.8,98.8,100,54.7,FALSE
Arizona,402530,Douglas Unified District,160,1600,48.1,100,100,100,100,FALSE
Arkansas,503690,Bryant Public Schools,532,5320,48.1,100,100,99.8,48.3,FALSE
Colorado,804050,Fort Morgan School District RE-3,158,1580,48.1,100,100,100,100,FALSE
Florida,1201080,Lee County School District,4306,43060,48.1,100,99.5,100,53.2,FALSE
Illinois,1728620,McLean County Unit School District 5,738,7380,48.1,100,95.7,100,70.1,FALSE
Michigan,2614250,Fenton Area Public Schools,135,1350,48.1,100,100,100,48.1,FALSE
Minnesota,2718240,Little Falls Public School District,106,1060,48.1,100,100,48.1,99.1,FALSE
Mississippi,2802790,Madison County School District,620,6200,48.1,100,99.5,100,48.1,FALSE
Mississippi,2803530,Petal School District,162,1620,48.1,86.4,98.8,100,50,FALSE
Mississippi,2803810,Quitman County School District,52,520,48.1,82.7,90.4,100,55.8,FALSE
New York,3614940,Hudson City School District,54,540,48.1,100,100,100,50,FALSE
Ohio,3904704,Archbold Area Local School District,52,520,48.1,100,100,100,48.1,FALSE
Ohio,3904820,Anthony Wayne Local School District,210,2100,48.1,100,100,100,48.1,FALSE
Texas,4837590,Rockdale Independent School District,54,540,48.1,100,100,100,51.9,FALSE
Vermont,5005810,Mount Anthony UHSD 14,27,270,48.1,88.9,77.8,85.2,63,FALSE
Iowa,1905070,Bondurant-Farrar Community School District,148,1480,48,100,100,100,52,FALSE
Iowa,1910690,Eldora-New Providence Community School District,25,250,48,100,100,100,48,FALSE
Iowa,1931080,West Marshall Community School District,25,250,48,100,76,48,100,FALSE
Massachusetts,2504230,Douglas School District,25,250,48,100,68,96,96,FALSE
Minnesota,2700328,Ortonville Public Schools,25,250,48,100,100,48,76,FALSE
Texas,4838900,San Felipe-Del Rio Consolidated Independent School District,433,4330,48,100,100,100,62.1,FALSE
Texas,4839360,Santa Rosa Independent School District,50,500,48,100,100,100,100,FALSE
Vermont,5000435,Champlain Islands Unified Union School District 66,25,250,48,100,60,100,84,FALSE
Illinois,1724870,Marshall Community Unit School District 2C,48,480,47.9,100,100,100,50,FALSE
Maryland,2400030,Allegany County Public Schools,351,3510,47.9,99.1,86.9,99.1,78.6,FALSE
Michigan,2603540,Atherton Community Schools,96,960,47.9,100,100,100,59.4,FALSE
Michigan,2632370,Sparta Area Schools,94,940,47.9,97.9,100,100,47.9,FALSE
Oklahoma,4003000,Anadarko Public Schools,48,480,47.9,100,100,100,47.9,FALSE
Oklahoma,4014520,Hilldale Public Schools,48,480,47.9,100,100,100,100,FALSE
Pennsylvania,4215750,Montoursville Area School District,73,730,47.9,100,100,100,47.9,FALSE
Tennessee,4704200,Tullahoma City School District,163,1630,47.9,100,100,100,100,FALSE
Arkansas,506210,Fordyce School District,23,230,47.8,100,100,100,100,FALSE
Iowa,1916680,Lewis Central Community School District,92,920,47.8,92.4,89.1,98.9,77.2,FALSE
Michigan,2634440,Unionville-Sebewaing Area School District,23,230,47.8,100,100,95.7,82.6,FALSE
Minnesota,2708220,Chatfield Public Schools,23,230,47.8,100,100,56.5,52.2,FALSE
Minnesota,2711520,Ely Public School District,23,230,47.8,100,100,52.2,52.2,FALSE
Nebraska,3171100,Gothenburg Public Schools,23,230,47.8,100,91.3,60.9,100,FALSE
North Carolina,3704800,Washington County Schools,23,230,47.8,73.9,100,100,65.2,FALSE
Ohio,3905029,Strasburg-Franklin Local School District,46,460,47.8,100,100,100,47.8,FALSE
Oklahoma,4005430,Briggs Public School,23,230,47.8,65.2,87,100,69.6,FALSE
Oklahoma,4030420,Tuttle Public Schools,67,670,47.8,100,76.1,100,68.7,FALSE
Wisconsin,5506690,Hudson School District,209,2090,47.8,100,98.6,100,59.3,FALSE
Wisconsin,5507020,Janesville School District,389,3890,47.8,100,82,100,71.5,FALSE
Wisconsin,5509990,Mount Horeb Area School District,90,900,47.8,100,76.7,100,64.4,FALSE
Connecticut,903330,Plymouth School District,44,440,47.7,100,93.2,100,50,FALSE
Georgia,1303060,Jefferson County School District,107,1070,47.7,100,90.7,100,71,FALSE
Indiana,1803940,Greater Clark County Schools,537,5370,47.7,100,99.1,92,67.2,FALSE
Indiana,1807350,Munster School Town,111,1110,47.7,100,100,100,57.7,FALSE
Minnesota,2708070,Cass Lake-Bena Public Schools,44,440,47.7,63.6,72.7,84.1,100,FALSE
Minnesota,2709440,Rocori Public School District,88,880,47.7,100,89.8,64.8,55.7,FALSE
Mississippi,2800450,Amory School District,65,650,47.7,100,100,100,47.7,FALSE
Missouri,2911990,Fayette R-III School District,44,440,47.7,100,86.4,75,72.7,FALSE
Missouri,2920490,Maryville R-II Schools,65,650,47.7,100,100,100,100,FALSE
Montana,3018540,Missoula High School District,591,5910,47.7,100,100,97.6,56.3,FALSE
New York,3621210,North Syracuse Central School District,323,3230,47.7,100,97.5,100,77.1,FALSE
Pennsylvania,4226040,Western Beaver County School District,44,440,47.7,100,84.1,100,47.7,FALSE
Alabama,100189,Satsuma City School District,21,210,47.6,100,85.7,100,47.6,FALSE
Arkansas,509270,Mammoth Spring Schools,21,210,47.6,100,85.7,100,47.6,FALSE
Colorado,805610,Meeker School District RE1,42,420,47.6,100,100,100,100,FALSE
Iowa,1900022,Union Community School District,42,420,47.6,100,71.4,81,64.3,FALSE
Michigan,2607590,Cadillac Area Public Schools,126,1260,47.6,100,100,95.2,51.6,FALSE
Michigan,2610110,Clio Area School District,126,1260,47.6,100,100,100,49.2,FALSE
Nebraska,3102820,Boone Central Schools,21,210,47.6,100,61.9,47.6,61.9,FALSE
Nevada,3200390,Carson City School District,351,3510,47.6,100,100,100,65.2,FALSE
Oregon,4108830,North Clackamas School District 12,851,8510,47.6,100,100,100,73.3,FALSE
South Carolina,4502010,Dorchester School District 2,1058,10580,47.6,100,98.3,100,52.1,FALSE
South Dakota,4624390,Flandreau School District 50-3,21,210,47.6,100,100,47.6,100,FALSE
Texas,4845120,West Oso Independent School District,84,840,47.6,100,100,100,97.6,FALSE
Texas,4845720,Whitney Independent School District,21,210,47.6,100,57.1,95.2,52.4,FALSE
Vermont,5004140,Georgia School District,21,210,47.6,100,66.7,81,95.2,FALSE
Wisconsin,5515990,Wauwatosa School District,328,3280,47.6,100,100,100,83.2,FALSE
Illinois,1717340,Grant Community High School District 124,244,2440,47.5,100,95.5,100,62.7,FALSE
Michigan,2602640,Alma Public Schools,80,800,47.5,100,100,85,100,FALSE
Minnesota,2723490,New Ulm Public School District,118,1180,47.5,100,100,53.4,57.6,FALSE
Minnesota,2791445,Lake Crystal-Wellcome Memorial,40,400,47.5,100,100,50,52.5,FALSE
Ohio,3900094,Monroe Local School District,120,1200,47.5,100,100,100,50.8,FALSE
Pennsylvania,4206150,Clearfield Area School District,122,1220,47.5,97.5,100,100,74.6,FALSE
Texas,4807950,Alpine Independent School District,40,400,47.5,100,52.5,100,50,FALSE
Texas,4827540,Linden-Kildare Consolidated Independent School District,40,400,47.5,100,47.5,100,47.5,FALSE
West Virginia,5400840,Mercer County School District,343,3430,47.5,98.3,76.7,68.8,95,FALSE
Georgia,1302010,Elbert County School District,156,1560,47.4,100,100,100,80.1,FALSE
Iowa,1903450,North Butler Community School District,19,190,47.4,100,94.7,52.6,100,FALSE
Louisiana,2201740,Terrebonne Parish School District,840,8400,47.4,99.5,97.6,100,69.2,FALSE
Michigan,2620730,Lake Orion Community Schools,251,2510,47.4,100,100,100,49.4,FALSE
Missouri,2923700,Pattonville R-III School District,291,2910,47.4,100,100,100,59.1,FALSE
New Hampshire,3302490,Conway School District,38,380,47.4,100,100,100,47.4,FALSE
New Hampshire,3303960,Inter-Lakes School District,19,190,47.4,100,68.4,73.7,47.4,FALSE
New Hampshire,3307230,Winnacunnet Cooperative School District,97,970,47.4,100,88.7,100,61.9,FALSE
New York,3603990,Batavia City School District,78,780,47.4,100,100,100,98.7,FALSE
North Dakota,3805460,Dunseith Public School District 1,19,190,47.4,63.2,68.4,73.7,63.2,FALSE
Ohio,3904537,Georgetown Exempted Village School District,19,190,47.4,73.7,84.2,100,47.4,FALSE
Ohio,3904804,Southwest Licking Local School District,266,2660,47.4,100,100,100,56.8,FALSE
Texas,4810950,Bovina Independent School District,19,190,47.4,100,100,100,100,FALSE
Texas,4813320,Center Independent School District,97,970,47.4,100,78.4,100,81.4,FALSE
Texas,4839270,Santa Fe Independent School District,152,1520,47.4,100,94.1,100,47.4,FALSE
California,622410,Lompoc Unified School District,463,4630,47.3,100,100,100,94.4,FALSE
Illinois,1719080,Township High School District 113,406,4060,47.3,100,100,100,58.6,FALSE
Iowa,1920340,New Hampton Community School District,55,550,47.3,100,98.2,96.4,100,FALSE
California,636600,Shasta Union High School District,689,6890,47.2,100,100,96.5,72.3,FALSE
Connecticut,.,.,142,1420,47.2,100,98.6,100,61.3,FALSE
Louisiana,2200570,East Carroll Parish School District,36,360,47.2,100,100,100,100,FALSE
Massachusetts,2503360,Carver School District,53,530,47.2,90.6,79.2,100,62.3,FALSE
Massachusetts,2508160,Mount Greylock School District,36,360,47.2,100,97.2,94.4,52.8,FALSE
Missouri,2931650,Wentzville R-IV School District,697,6970,47.2,100,97.6,100,48.1,FALSE
New York,3602430,Akron Central School District,53,530,47.2,100,100,96.2,64.2,FALSE
New York,3622890,Phelps-Clifton Springs Central School District,72,720,47.2,100,100,98.6,66.7,FALSE
North Dakota,3800405,Williston Basin Public School District 7,398,3980,47.2,100,100,100,50,FALSE
Texas,4809300,Ballinger Independent School District,36,360,47.2,100,100,97.2,100,FALSE
Texas,4823790,Hudson Independent School District,108,1080,47.2,100,99.1,100,49.1,FALSE
California,620070,Konocti Unified School District,138,1380,47.1,100,100,100,100,FALSE
Maryland,2400210,Carroll County Public Schools,1124,11240,47.1,100,98.7,99.5,55.3,FALSE
Massachusetts,2508790,North Middlesex School District,155,1550,47.1,100,92.9,98.1,61.9,FALSE
Michigan,2635940,Western School District,70,700,47.1,100,100,100,47.1,FALSE
New Jersey,3409120,Pennsville Township School District,68,680,47.1,100,91.2,100,100,FALSE
New Jersey,3410740,Morris Hills Regional School District,367,3670,47.1,100,100,100,55,FALSE
New York,3620010,Mount Morris Central School District,34,340,47.1,100,100,100,100,FALSE
New York,3625800,Saugerties Central School District,85,850,47.1,100,100,89.4,62.4,FALSE
New York,3627060,Smithtown Central School District,308,3080,47.1,100,100,100,58.8,FALSE
Ohio,3904532,Columbiana Exempted Village School District,34,340,47.1,100,94.1,100,50,FALSE
South Carolina,4502490,Horry County School District,1880,18800,47.1,99.7,93.4,100,52,FALSE
Texas,4827720,Little Elm Independent School District,454,4540,47.1,100,96,100,50,FALSE
Utah,4900750,Park City School District,119,1190,47.1,100,89.9,100,47.1,FALSE
Illinois,1722110,LaSalle-Peru Township High School District 120,166,1660,47,98.8,90.4,100,94.6,FALSE
Minnesota,2700123,Howard Lake-Waverly-Winsted,66,660,47,100,63.6,53,93.9,FALSE
Nebraska,3172810,Lexington Public Schools,132,1320,47,100,67.4,100,100,FALSE
Ohio,3904688,Liberty Union-Thurston Local School District,66,660,47,100,100,100,47,FALSE
California,621000,Las Virgenes Unified School District,288,2880,46.9,100,100,100,47.6,FALSE
Illinois,1712700,Dunlap Community Unit School District 323,271,2710,46.9,100,100,100,47.6,FALSE
Mississippi,2800900,Canton Public School District,213,2130,46.9,96.2,100,100,53.1,FALSE
New York,3627300,South Huntington Union Free School District,209,2090,46.9,100,100,100,89,FALSE
Ohio,3904834,Poland Local School District,162,1620,46.9,100,100,100,64.2,FALSE
Ohio,3905044,Little Miami Local School District,226,2260,46.9,100,96,100,51.8,FALSE
Pennsylvania,4216440,Neshannock Township School District,64,640,46.9,100,100,100,46.9,FALSE
Alabama,100012,Boaz City School District,94,940,46.8,100,100,100,100,FALSE
California,634620,San Juan Unified School District,2421,24210,46.8,100,100,100,92.9,FALSE
Iowa,1930990,West Liberty Community School District,47,470,46.8,100,53.2,87.2,100,FALSE
Minnesota,2700287,Plainview-Elgin-Millville,77,770,46.8,96.1,100,57.1,100,FALSE
Montana,3013260,Hamilton K-12 Schools,47,470,46.8,85.1,100,100,46.8,FALSE
Nebraska,3103990,Bennington Public Schools,158,1580,46.8,100,100,100,59.5,FALSE
New Jersey,3413650,Randolph Township School District,188,1880,46.8,100,100,100,53.7,FALSE
New Mexico,3500600,Cobre Consolidated Schools,47,470,46.8,100,100,95.7,100,FALSE
North Carolina,3704720,Wake County Schools,8038,80380,46.8,99.9,100,100,51.1,FALSE
Oklahoma,4012150,Frederick Public Schools,47,470,46.8,100,61.7,100,100,FALSE
Pennsylvania,4217010,North Allegheny School District,374,3740,46.8,100,100,100,46.8,FALSE
Texas,4813860,Childress Independent School District,47,470,46.8,100,100,100,100,FALSE
Washington,5300420,Bellingham School District,506,5060,46.8,100,100,100,54.9,FALSE
Arkansas,512060,Russellville Schools,261,2610,46.7,100,100,100,55.2,FALSE
Indiana,1806390,Marion Community Schools,257,2570,46.7,100,100,100,98.8,FALSE
Maine,2314822,Regional School Unit 71,60,600,46.7,98.3,88.3,88.3,65,FALSE
Minnesota,2728200,Pequot Lakes Public Schools,60,600,46.7,100,98.3,83.3,60,FALSE
Minnesota,2791451,Janesville-Waldorf-Pemberton,30,300,46.7,100,100,50,93.3,FALSE
Missouri,2906030,Brunswick R-II School District,15,150,46.7,100,100,100,100,FALSE
Nebraska,3172570,Kimball Public Schools,15,150,46.7,100,80,53.3,100,FALSE
Ohio,3904938,Ottoville Local School District,15,150,46.7,100,100,100,53.3,FALSE
Pennsylvania,4215170,Mid Valley School District,60,600,46.7,100,100,100,46.7,FALSE
Texas,4827690,Little Cypress-Mauriceville Consolidated Independent School District,135,1350,46.7,94.1,80,100,75.6,FALSE
Texas,4831170,Monahans-Wickett-Pyote Independent School District,92,920,46.7,100,100,100,100,FALSE
Vermont,5005160,Lincoln Town School District,15,150,46.7,100,46.7,100,100,FALSE
Wisconsin,5504290,Elkhorn Area School District,90,900,46.7,100,56.7,100,52.2,FALSE
Arizona,402690,Dysart Unified District,1469,14690,46.6,100,100,100,67.3,FALSE
Georgia,1301860,Douglas County School District,1041,10410,46.6,100,98.4,100,49.7,FALSE
Indiana,1808970,Plainfield Community School Corporation,208,2080,46.6,100,100,100,67.3,FALSE
Kentucky,2100900,Campbell County School District,337,3370,46.6,100,96.1,100,49.9,FALSE
Michigan,2633870,Traverse City Area Public Schools,474,4740,46.6,100,100,97.7,56.3,FALSE
New York,3605310,Brewster Central School District,148,1480,46.6,94.6,100,100,50,FALSE
New York,3608400,Corning City School District,206,2060,46.6,100,100,93.7,52.9,FALSE
New York,3615390,West Irondequoit Central School District,103,1030,46.6,100,100,100,100,FALSE
New York,3615450,Irvington Union Free School District,88,880,46.6,100,100,100,47.7,FALSE
Alabama,101410,Eufaula City School District,101,1010,46.5,100,91.1,100,46.5,FALSE
Connecticut,901740,Griswold School District,43,430,46.5,100,51.2,100,93,FALSE
Connecticut,903750,Regional High School District 08,101,1010,46.5,100,83.2,100,64.4,FALSE
Indiana,1807290,Mount Vernon Metropolitan School District,101,1010,46.5,100,100,100,51.5,FALSE
Indiana,1810870,Southwest Dubois County School Corporation,71,710,46.5,100,100,100,46.5,FALSE
Michigan,2627660,Paw Paw Public School District,99,990,46.5,100,100,97,50.5,FALSE
Missouri,2921840,Nevada R-V School District,99,990,46.5,89.9,100,100,49.5,FALSE
New York,3603720,Babylon Union Free School District,86,860,46.5,100,100,100,100,FALSE
New York,3611740,Gananda Central School District,43,430,46.5,100,72.1,100,69.8,FALSE
New York,3630270,Waverly Central School District,43,430,46.5,100,53.5,100,46.5,FALSE
Ohio,3904686,Bloom-Carroll Local School District,86,860,46.5,100,100,100,47.7,FALSE
Ohio,3904894,Genoa Area Local School District,43,430,46.5,100,97.7,100,76.7,FALSE
Pennsylvania,4223220,Tamaqua Area School District,114,1140,46.5,100,100,98.2,96.5,FALSE
New Mexico,3502640,Tucumcari Public Schools,28,280,46.4,46.4,53.6,100,100,FALSE
New York,3607590,Clarence Central School District,153,1530,46.4,100,100,99.3,47.1,FALSE
New York,3619710,Montauk Union Free School District,28,280,46.4,100,85.7,100,60.7,FALSE
Oklahoma,4023800,Perkins-Tryon Public Schools,56,560,46.4,92.9,62.5,100,62.5,FALSE
Arizona,406250,Peoria Unified School District,1716,17160,46.3,100,100,100,54.7,FALSE
Florida,1200810,Hernando County School District,1051,10510,46.3,99,97.3,100,57.3,FALSE
Kansas,2012840,Wellington Unified School District 353,67,670,46.3,100,100,100,100,FALSE
Minnesota,2711010,Dover-Eyota Public School District,41,410,46.3,100,100,56.1,53.7,FALSE
Mississippi,2800630,Biloxi Public School District,287,2870,46.3,87.5,100,100,47.7,FALSE
Mississippi,2801410,East Tallahatchie School District,41,410,46.3,65.9,100,100,48.8,FALSE
Ohio,3904623,Greenon Local School District,54,540,46.3,100,98.1,100,57.4,FALSE
Ohio,3910012,Mount Vernon City School District,147,1470,46.3,98,100,100,53.7,FALSE
Pennsylvania,4213290,Homer-Center School District,41,410,46.3,46.3,100,100,100,FALSE
Wisconsin,5504890,Northern Ozaukee School District,41,410,46.3,100,87.8,100,56.1,FALSE
Arizona,406730,Prescott Unified District,208,2080,46.2,100,100,100,46.2,FALSE
California,640300,Ukiah Unified School District,290,2900,46.2,100,100,100,87.9,FALSE
Colorado,802610,Brush School District RE-2J,78,780,46.2,100,48.7,100,100,FALSE
Florida,1200930,Indian River County School District,729,7290,46.2,99.7,100,100,57.2,FALSE
Georgia,1301200,Clay County School District,13,130,46.2,100,84.6,100,69.2,FALSE
Idaho,1601260,Gooding Joint School District 231,39,390,46.2,100,100,100,64.1,FALSE
Illinois,1712760,Du Quoin Community Unit School District 300,39,390,46.2,100,53.8,100,92.3,FALSE
Illinois,1718060,Hamilton Community Consolidated School District 328,26,260,46.2,100,61.5,100,57.7,FALSE
Massachusetts,2503390,Central Berkshire School District,80,800,46.2,100,88.8,68.8,72.5,FALSE
Minnesota,2711880,Fergus Falls Public School District,143,1430,46.2,100,100,51,82.5,FALSE
Minnesota,2733210,Sleepy Eye Public School District,39,390,46.2,100,100,46.2,100,FALSE
Mississippi,2801320,DeSoto County School District,1268,12680,46.2,98.6,99.9,100,50.3,FALSE
Missouri,2904950,Bernie R-XIII School District,26,260,46.2,100,100,100,100,FALSE
Nebraska,3100076,Scribner-Snyder Community Schools,13,130,46.2,100,100,100,46.2,FALSE
New York,3619950,Bedford Central School District,251,2510,46.2,100,100,100,65.3,FALSE
North Dakota,3800018,Cavalier Public School District 6,13,130,46.2,100,61.5,46.2,46.2,FALSE
Oklahoma,4016380,Ketchum Public Schools,13,130,46.2,100,46.2,84.6,46.2,FALSE
Oregon,4102800,Centennial School District 28J,379,3790,46.2,100,100,100,97.1,FALSE
Texas,4837410,Robinson Independent School District,106,1060,46.2,100,100,100,64.2,FALSE
Massachusetts,2505070,Freetown-Lakeville School District,115,1150,46.1,100,95.7,98.3,55.7,FALSE
Michigan,2620070,Kearsley Community Schools,89,890,46.1,100,100,100,49.4,FALSE
Missouri,2912030,Festus R-VI School District,165,1650,46.1,100,100,100,50.3,FALSE
South Dakota,4607950,Brandon Valley School District 49-2,217,2170,46.1,100,100,99.5,53.9,FALSE
Colorado,804350,Mesa County Valley School District 51,991,9910,46,100,99.8,100,83.5,FALSE
Georgia,1302820,Henry County School District,1611,16110,46,100,100,100,50.3,FALSE
Pennsylvania,4204020,Bradford Area School District,87,870,46,100,80.5,100,49.4,FALSE
Virginia,5103330,Roanoke County Public Schools,589,5890,46,100,99.2,100,53.3,FALSE
Wisconsin,5500540,Ashwaubenon School District,87,870,46,100,95.4,100,85.1,FALSE
Arizona,405070,Mingus Union High School District,181,1810,45.9,98.9,100,100,50.3,FALSE
Georgia,1300900,Cartersville City School District,159,1590,45.9,100,96.2,100,62.9,FALSE
Indiana,1804080,Greensburg Community Schools,85,850,45.9,100,82.4,100,98.8,FALSE
New Jersey,3410470,Monroe Township School District,255,2550,45.9,100,99.2,100,66.3,FALSE
New York,3630120,Watertown City School District,209,2090,45.9,100,100,100,82.3,FALSE
Pennsylvania,4219920,Radnor Township School District,181,1810,45.9,100,100,100,45.9,FALSE
Texas,4843890,Van Alstyne Independent School District,37,370,45.9,100,81.1,94.6,45.9,FALSE
Massachusetts,2503030,Bridgewater-Raynham School District,236,2360,45.8,100,89.4,100,63.1,FALSE
Michigan,2603870,Bangor Public Schools,48,480,45.8,100,100,100,45.8,FALSE
Missouri,2905310,Blue Springs R-IV School District,602,6020,45.8,100,100,100,56.5,FALSE
Nebraska,3100006,West Point Public Schools,48,480,45.8,100,56.2,100,60.4,FALSE
New York,3621000,North Colonie Central School District,227,2270,45.8,100,100,100,57.3,FALSE
Oklahoma,4028710,Stilwell Public Schools,59,590,45.8,61,55.9,100,54.2,FALSE
Pennsylvania,4218570,Pen Argyl Area School District,72,720,45.8,100,100,100,45.8,FALSE
Texas,4824530,Jacksboro Independent School District,48,480,45.8,100,91.7,100,62.5,FALSE
Texas,4841910,Sunray Collegiate Independent School District,24,240,45.8,100,83.3,100,83.3,FALSE
Alabama,101890,Jasper City School District,81,810,45.7,84,100,100,56.8,FALSE
Florida,1201680,Sarasota County School District,1717,17170,45.7,100,99.2,100,50,FALSE
Illinois,1724750,Maroa-Forsyth Community Unit School District 2,35,350,45.7,100,74.3,100,54.3,FALSE
Iowa,1900021,Okoboji Community School District,35,350,45.7,97.1,80,100,45.7,FALSE
Iowa,1906810,Central DeWitt Community School District,35,350,45.7,100,94.3,100,45.7,FALSE
Iowa,1913660,Hartley-Melvin-Sanborn Community School District,35,350,45.7,100,80,100,62.9,FALSE
Iowa,1926580,Solon Community School District,35,350,45.7,100,60,91.4,51.4,FALSE
Missouri,2907470,Caruthersville 18 School District,35,350,45.7,51.4,100,100,100,FALSE
Missouri,2911220,East Prairie R-II School District,46,460,45.7,100,100,100,100,FALSE
New Jersey,3406000,Gloucester City School District,138,1380,45.7,100,100,100,100,FALSE
Oklahoma,4026310,Roland Public Schools,35,350,45.7,100,97.1,100,100,FALSE
Texas,4820220,Gainesville Independent School District,151,1510,45.7,100,100,100,45.7,FALSE
Washington,5300690,Brewster School District,35,350,45.7,100,100,100,48.6,FALSE
Illinois,1706960,Bradley-Bourbonnais Consolidated High School District 307,228,2280,45.6,100,87.3,100,99.1,FALSE
Missouri,2923430,Ozark R-VI School District,239,2390,45.6,100,100,100,49.8,FALSE
Virginia,5101830,Hanover County Public Schools,666,6660,45.6,100,99.8,100,46.5,FALSE
West Virginia,5400600,Kanawha County School District,1051,10510,45.6,99.1,93.8,82.2,73,FALSE
Georgia,1301140,Chickamauga City School District,11,110,45.5,100,100,100,45.5,FALSE
Kansas,2010950,Quinter Public Schools Unified School District 293,11,110,45.5,100,45.5,100,54.5,FALSE
Massachusetts,2500541,Somerset-Berkley School District,132,1320,45.5,100,96.2,99.2,61.4,FALSE
Massachusetts,2513080,Winchendon School District,55,550,45.5,100,65.5,85.5,100,FALSE
Minnesota,2705460,Big Lake Public School District,121,1210,45.5,100,100,58.7,93.4,FALSE
Missouri,2911910,Farmington R-VII School District,145,1450,45.5,100,100,99.3,46.2,FALSE
New York,3612840,Greenport Union Free School District,11,110,45.5,100,45.5,100,100,FALSE
Ohio,3905064,North Central Local School District,22,220,45.5,100,86.4,100,63.6,FALSE
Pennsylvania,4204920,Canton Area School District,44,440,45.5,100,100,100,79.5,FALSE
Pennsylvania,4225830,West Shore School District,400,4000,45.5,100,100,100,46,FALSE
Vermont,5000437,Oxbow Unified Union School District 91,22,220,45.5,95.5,72.7,90.9,68.2,FALSE
Washington,5302550,Entiat School District,11,110,45.5,100,45.5,100,100,FALSE
Wyoming,5602870,Fremont County School District 1,77,770,45.5,100,100,92.2,46.8,FALSE
California,608370,Chico Unified School District,647,6470,45.4,100,100,100,61.8,FALSE
Minnesota,2715030,Inver Grove Heights Schools,141,1410,45.4,100,100,100,84.4,FALSE
California,631320,Pomona Unified School District,1158,11580,45.3,100,100,100,89.6,FALSE
Colorado,806900,Adams 12 Five Star Schools,1733,17330,45.3,100,100,100,73,FALSE
Connecticut,903660,Regional High School District 05,192,1920,45.3,100,99.5,100,51.6,FALSE
Iowa,1904200,Ballard Community School District,64,640,45.3,100,93.8,93.8,64.1,FALSE
Minnesota,2712420,Fridley Public School District,137,1370,45.3,100,100,100,100,FALSE
New Jersey,3402220,Brick Township School District,342,3420,45.3,100,100,100,57.3,FALSE
Texas,4838460,Sabine Independent School District,53,530,45.3,100,90.6,100,47.2,FALSE
Wisconsin,5500720,Baldwin-Woodville Area School District,75,750,45.3,100,98.7,98.7,65.3,FALSE
Wisconsin,5511190,Oshkosh Area School District,486,4860,45.3,100,87.2,100,74.3,FALSE
Arkansas,511850,Pulaski County Special School District,885,8850,45.2,99.9,97.7,100,46.9,FALSE
California,641580,Washington Unified School District,347,3470,45.2,100,100,81.6,89.9,FALSE
Iowa,1911790,Forest City Community School District,42,420,45.2,100,100,100,45.2,FALSE
Massachusetts,.,.,155,1550,45.2,100,98.7,100,63.9,FALSE
Massachusetts,2502530,Berkshire Hills School District,42,420,45.2,100,61.9,97.6,57.1,FALSE
New Jersey,3401770,Black Horse Pike Regional School District,642,6420,45.2,100,100,100,57.5,FALSE
New Jersey,3413000,Pinelands Regional School District,93,930,45.2,74.2,59.1,100,100,FALSE
New York,3613350,Hamburg Central School District,104,1040,45.2,100,85.6,100,53.8,FALSE
North Carolina,3702970,Charlotte-Mecklenburg Schools,8841,88410,45.2,100,100,100,59.4,FALSE
Pennsylvania,4217670,Northern Lehigh School District,73,730,45.2,100,100,100,46.6,FALSE
Texas,4818810,Everman Independent School District,270,2700,45.2,100,79.6,100,96.7,FALSE
Texas,4833690,Onalaska Independent School District,31,310,45.2,100,74.2,100,45.2,FALSE
Wisconsin,5511610,Peshtigo School District,42,420,45.2,100,52.4,100,45.2,FALSE
Idaho,1600060,American Falls Joint School District 381,71,710,45.1,100,100,100,78.9,FALSE
Louisiana,2201290,Rapides Parish School District,1020,10200,45.1,97.4,95.9,100,54.4,FALSE
Minnesota,2733870,St. Peter Public School District,91,910,45.1,100,100,59.3,87.9,FALSE
New Jersey,3414490,Saddle Brook Township School District,91,910,45.1,100,100,100,78,FALSE
New Jersey,3434001,Joint Base McGuire-Dix-Lakehurst,144,1440,45.1,100,47.9,100,100,FALSE
Ohio,3905053,Chippewa Local School District,71,710,45.1,100,100,100,45.1,FALSE
Texas,4815510,Crandall Independent School District,193,1930,45.1,97.4,94.8,97.4,58,FALSE
Texas,4830930,Mineola Independent School District,51,510,45.1,100,88.2,100,45.1,FALSE
Wisconsin,5500390,Appleton Area School District,698,6980,45.1,100,89.5,100,92.3,FALSE
Florida,1201770,St. Lucie County School District,2024,20240,45,96.9,99.6,100,50,FALSE
Illinois,1718990,Highland Community Unit School District 5,100,1000,45,100,95,98,51,FALSE
Maryland,2400720,Worcester County Public Schools,229,2290,45,99.6,79.9,96.9,70.3,FALSE
Missouri,2912510,Franklin County R-II School District,20,200,45,100,100,100,45,FALSE
Nebraska,3104920,Central City Public Schools,40,400,45,100,87.5,100,47.5,FALSE
New Hampshire,3305520,Oyster River Cooperative School District,80,800,45,100,100,100,45,FALSE
Texas,4832400,New Caney Independent School District,686,6860,45,100,95,100,69.5,FALSE
Connecticut,904050,Shelton School District,274,2740,44.9,100,100,100,50.7,FALSE
Illinois,1713230,East Peoria Community High School District 309,156,1560,44.9,94.9,94.2,100,71.2,FALSE
Illinois,1720280,Jacksonville School District 117,167,1670,44.9,100,86.8,98.2,46.7,FALSE
Missouri,2927060,St. Joseph School District,530,5300,44.9,100,97.7,100,75.5,FALSE
New York,3610890,Fairport Central School District,236,2360,44.9,100,100,100,67.4,FALSE
Virginia,5102640,Newport News City Public Schools,1569,15690,44.9,100,99.9,100,58.4,FALSE
California,600036,Natomas Unified School District,661,6610,44.8,100,100,97.9,82.9,FALSE
Illinois,1716050,Galena Unit School District 120,29,290,44.8,100,55.2,100,100,FALSE
Maine,2311160,School Administrative District 29,29,290,44.8,89.7,89.7,100,58.6,FALSE
Michigan,2630090,Romeo Community Schools,221,2210,44.8,100,100,100,45.7,FALSE
Missouri,2931500,Webb City R-VII School District,183,1830,44.8,100,97.8,100,90.2,FALSE
New York,3611880,Gates-Chili Central School District,232,2320,44.8,100,100,100,71.1,FALSE
New York,3612270,Gloversville City School District,96,960,44.8,100,100,100,99,FALSE
Oklahoma,4005460,Bristow Public Schools,58,580,44.8,100,65.5,100,63.8,FALSE
Pennsylvania,4203690,Blacklick Valley School District,29,290,44.8,100,100,89.7,100,FALSE
Vermont,5000417,Taconic and Green Regional School District,67,670,44.8,100,65.7,98.5,49.3,FALSE
Indiana,1805700,Lawrenceburg Community School Corporation,76,760,44.7,100,81.6,100,48.7,FALSE
Iowa,1914730,Iowa Falls Community School District,38,380,44.7,100,60.5,81.6,44.7,FALSE
Michigan,2608580,Center Line Public Schools,141,1410,44.7,100,100,100,61,FALSE
Michigan,2621570,Lincoln Consolidated School District,235,2350,44.7,100,100,100,49.8,FALSE
Missouri,2907460,Carthage R-IX School District,206,2060,44.7,100,99.5,100,88.3,FALSE
Texas,4837440,Robstown Independent School District,85,850,44.7,100,69.4,100,97.6,FALSE
Kansas,2003180,Abilene Unified School District 435,56,560,44.6,100,100,100,100,FALSE
Kansas,2009390,McPherson Unified School District 418,92,920,44.6,100,100,100,100,FALSE
Kentucky,2100120,Anderson County School District,175,1750,44.6,100,86.3,100,44.6,FALSE
Massachusetts,2504410,Duxbury School District,83,830,44.6,100,100,100,51.8,FALSE
Pennsylvania,4203840,Bloomsburg Area School District,83,830,44.6,100,100,100,44.6,FALSE
South Dakota,4659820,Rapid City School District 51-4,681,6810,44.6,100,100,97.9,49.8,FALSE
Texas,4810990,Bowie Independent School District,65,650,44.6,100,90.8,100,53.8,FALSE
Texas,4812780,Canutillo Independent School District,345,3450,44.6,100,100,99.1,82,FALSE
Texas,4843650,United Independent School District,1874,18740,44.6,100,98.6,100,80.4,FALSE
New York,3606870,Central Islip Union Free School District,292,2920,44.5,100,100,62,83.6,FALSE
Illinois,1727180,Mount Olive Community Unit School District 5,9,90,44.4,100,44.4,100,100,FALSE
Indiana,1803990,Greencastle Community School Corporation,72,720,44.4,91.7,100,100,100,FALSE
Iowa,1922530,Perry Community School District,72,720,44.4,100,100,100,100,FALSE
Kentucky,2102490,Hardin County School District,655,6550,44.4,100,96.5,100,53.9,FALSE
Maine,2314782,Regional School Unit 34,63,630,44.4,100,98.4,95.2,47.6,FALSE
Michigan,2616440,Grand Rapids Public Schools,1428,14280,44.4,100,100,100,75.9,FALSE
Minnesota,2702640,Lester Prairie Public School District,27,270,44.4,100,100,44.4,100,FALSE
Mississippi,2801830,Hazlehurst City School District,54,540,44.4,100,100,100,55.6,FALSE
Missouri,2925450,Poplar Bluff R-I School District,277,2770,44.4,100,97.5,100,61.7,FALSE
Montana,3023910,Shelby High School District,27,270,44.4,100,100,100,92.6,FALSE
New Hampshire,3305940,Rochester School District,162,1620,44.4,100,93.8,100,51.2,FALSE
New Jersey,3411700,Northern Burlington Regional School District,214,2140,44.4,100,86,100,68.2,FALSE
New Jersey,3415390,South River Borough School District,126,1260,44.4,100,100,100,44.4,FALSE
North Carolina,3700530,Cabarrus County Schools,1453,14530,44.4,100,100,100,68.1,FALSE
Oklahoma,4010170,Drummond Public Schools,9,90,44.4,100,44.4,100,100,FALSE
Pennsylvania,4211820,Hermitage School District,63,630,44.4,100,100,100,52.4,FALSE
Texas,4815960,Cuero Independent School District,63,630,44.4,100,100,100,44.4,FALSE
Texas,4830600,Midlothian Independent School District,408,4080,44.4,100,99.5,100,49.3,FALSE
Texas,4831560,Moulton Independent School District,18,180,44.4,100,44.4,100,100,FALSE
Texas,4848285,Hallettsville Independent School District (9-12) in Vysehrad,9,90,44.4,100,55.6,77.8,66.7,FALSE
Vermont,5000432,West River Valley Modified Union Education District 72B,9,90,44.4,100,55.6,100,88.9,FALSE
Vermont,5008010,Thetford School District,9,90,44.4,88.9,88.9,88.9,55.6,FALSE
Wisconsin,5511640,Pewaukee School District,90,900,44.4,100,73.3,100,61.1,FALSE
Alabama,102940,Scottsboro City School District,70,700,44.3,90,90,100,54.3,FALSE
Arkansas,503750,Cabot Public Schools,461,4610,44.3,100,93.7,100,47.7,FALSE
Illinois,1737170,St. Charles Community Unit School District 303,395,3950,44.3,100,100,100,47.3,FALSE
Louisiana,2200840,Jefferson Parish School District,3284,32840,44.3,100,99.7,100,60.4,FALSE
New York,3612990,Springville-Griffith Institute Central School,79,790,44.3,100,93.7,100,51.9,FALSE
Pennsylvania,4224210,Unionville-Chadds Ford School District,122,1220,44.3,100,100,100,44.3,FALSE
Rhode Island,4400300,East Greenwich School District,140,1400,44.3,100,100,100,45,FALSE
Alabama,102760,Piedmont City School District,43,430,44.2,100,100,100,79.1,FALSE
Indiana,1801770,Randolph Central School Corporation,52,520,44.2,100,55.8,100,71.2,FALSE
Iowa,1914370,Humboldt Community School District,52,520,44.2,100,100,65.4,46.2,FALSE
Maryland,2400510,Prince George's County Public Schools,7184,71840,44.2,100,99.2,99.7,71.6,FALSE
Minnesota,2721320,Montevideo Public School District,52,520,44.2,100,100,44.2,100,FALSE
Minnesota,2732250,Roseau Public School District,43,430,44.2,100,100,44.2,100,FALSE
Missouri,2918220,Lawson R-XIV School District,43,430,44.2,100,100,100,44.2,FALSE
Ohio,3904388,Delphos City School District,86,860,44.2,100,100,100,46.5,FALSE
Oregon,4102040,Bethel School District 52,242,2420,44.2,100,100,100,89.3,FALSE
Utah,4900930,Sevier School District,172,1720,44.2,100,100,95.9,92.4,FALSE
Washington,5302400,Edmonds School District,1172,11720,44.2,100,100,100,57.6,FALSE
Illinois,1709600,Charleston Community Unit School District 1,118,1180,44.1,100,100,100,44.1,FALSE
Massachusetts,2502190,Attleboro School District,449,4490,44.1,100,100,100,63.3,FALSE
Michigan,2611430,Davison Community Schools,177,1770,44.1,100,100,100,49.7,FALSE
Michigan,2626370,Olivet Community Schools,34,340,44.1,100,100,79.4,50,FALSE
Minnesota,2730480,Red Wing Public School District,145,1450,44.1,100,100,92.4,50.3,FALSE
Missouri,2907020,Cameron R-I School District,59,590,44.1,100,74.6,100,100,FALSE
New York,3621960,Oriskany Central School District,34,340,44.1,100,100,100,52.9,FALSE
Texas,4825590,Kerrville Independent School District,211,2110,44.1,100,91.9,100,44.1,FALSE
Texas,4827420,Liberty Hill Independent School District,381,3810,44.1,100,93.2,100,49.1,FALSE
Texas,4827450,Liberty Independent School District,93,930,44.1,100,94.6,100,46.2,FALSE
Alaska,200570,Nome School District,25,250,44,44,100,100,100,FALSE
Arizona,401760,Catalina Foothills Unified District,125,1250,44,100,76.8,100,73.6,FALSE
California,614760,Fullerton Joint Union High School District,1666,16660,44,100,100,100,71.6,FALSE
Colorado,801920,Academy School District 20,803,8030,44,100,99.9,99,54,FALSE
Minnesota,2738190,Stillwater Area Public School District,384,3840,44,100,86.2,98.4,49.7,FALSE
Oklahoma,4018840,Mannford Public Schools,50,500,44,100,84,100,50,FALSE
Rhode Island,4401170,Westerly School District,91,910,44,100,100,100,50.5,FALSE
Texas,4811610,Brownfield Independent School District,75,750,44,85.3,85.3,100,100,FALSE
Texas,4826040,La Feria Independent School District,125,1250,44,100,68.8,100,100,FALSE
Alabama,101860,Jacksonville City School District,57,570,43.9,100,100,100,45.6,FALSE
Illinois,1710530,Coal City Community Unit School District 1,66,660,43.9,100,68.2,100,65.2,FALSE
Illinois,1710740,Columbia Community Unit School District 4,123,1230,43.9,100,100,100,53.7,FALSE
Kansas,2007740,Iola Unified School District 257,57,570,43.9,100,63.2,100,63.2,FALSE
Massachusetts,2505270,Gill-Montague School District,66,660,43.9,100,98.5,100,80.3,FALSE
Michigan,2616350,Grand Blanc Community Schools,326,3260,43.9,100,100,100,46.9,FALSE
Michigan,2621150,Lansing Public School District,913,9130,43.9,100,100,100,60.9,FALSE
Minnesota,2700019,Minnewaska School District,57,570,43.9,100,100,68.4,98.2,FALSE
Minnesota,2712270,Forest Lake Public School District,380,3800,43.9,100,99.5,94.2,51.6,FALSE
Pennsylvania,4203570,Bethlehem Area School District,724,7240,43.9,100,100,100,52.8,FALSE
Arkansas,507380,Harrison School District,105,1050,43.8,100,100,100,43.8,FALSE
Florida,1201380,Okaloosa County School District,1547,15470,43.8,100,99.9,100,46.2,FALSE
Iowa,1907620,Clear Lake Community School District,32,320,43.8,100,53.1,68.8,43.8,FALSE
Maine,2303150,Biddeford,96,960,43.8,100,100,100,51,FALSE
Massachusetts,2511520,Taunton School District,406,4060,43.8,98,99.8,100,71.4,FALSE
Michigan,2608040,Caro Community Schools,64,640,43.8,54.7,100,98.4,53.1,FALSE
Michigan,2631380,Shepherd Public School District,48,480,43.8,100,100,79.2,64.6,FALSE
Nevada,3200240,Lander County School District,32,320,43.8,100,46.9,96.9,100,FALSE
New York,3630060,Waterford-Halfmoon Union Free School District,16,160,43.8,100,100,100,100,FALSE
Ohio,3904672,Northeastern Local School District,64,640,43.8,100,100,93.8,46.9,FALSE
Ohio,3904837,Springfield Local School District,32,320,43.8,100,100,100,43.8,FALSE
Oklahoma,4029850,Thackerville Public Schools,16,160,43.8,100,87.5,100,43.8,FALSE
Pennsylvania,4218300,Oxford Area School District,178,1780,43.8,100,100,100,44.4,FALSE
Texas,4814970,Connally Independent School District,121,1210,43.8,100,100,100,76.9,FALSE
Texas,4831470,Morton Independent School District,16,160,43.8,100,43.8,100,100,FALSE
California,634320,San Diego City Unified School District,6502,65020,43.7,100,100,97.7,76.6,FALSE
Maryland,2400300,Dorchester County Public Schools,213,2130,43.7,100,91.5,88.7,62.4,FALSE
Ohio,3904400,Franklin City School District,167,1670,43.7,100,99.4,100,67.1,FALSE
Ohio,3904868,Jefferson Township Local School District,71,710,43.7,100,100,100,43.7,FALSE
Pennsylvania,4212690,Kennett Consolidated School District,174,1740,43.7,99.4,100,100,60.9,FALSE
Tennessee,4700153,Bartlett City School District,357,3570,43.7,100,100,100,46.8,FALSE
California,642710,Willows Unified School District,39,390,43.6,100,100,43.6,100,FALSE
Georgia,1303030,Jefferson City School District,94,940,43.6,100,91.5,100,79.8,FALSE
Illinois,1713290,Richland County Community Unit School District 1,110,1100,43.6,100,90.9,100,53.6,FALSE
Kansas,2006580,Goodland Unified School District 352,39,390,43.6,100,100,100,100,FALSE
Massachusetts,2509150,Old Rochester School District,94,940,43.6,100,94.7,100,51.1,FALSE
Michigan,2631020,Schoolcraft Community Schools,39,390,43.6,100,100,97.4,46.2,FALSE
Oklahoma,4015370,Idabel Public Schools,78,780,43.6,100,100,100,66.7,FALSE
South Carolina,4503510,Spartanburg School District 2,535,5350,43.6,98.7,91.4,100,51.4,FALSE
Tennessee,4701200,Fayetteville City School District,39,390,43.6,100,100,100,43.6,FALSE
Alabama,102635,Oxford City School District,138,1380,43.5,97.8,98.6,100,63,FALSE
Illinois,1719830,Huntley Consolidated School District 158,262,2620,43.5,100,88.5,100,58.4,FALSE
Indiana,1807440,New Castle Community School Corporation,147,1470,43.5,93.2,100,100,49.7,FALSE
Indiana,1809420,Rensselaer Central School Corporation,46,460,43.5,100,60.9,100,63,FALSE
Louisiana,2200039,Zachary Community School District,168,1680,43.5,100,76.2,100,51.8,FALSE
Massachusetts,2504320,Dracut School District,168,1680,43.5,100,100,100,89.9,FALSE
Michigan,2636270,Whiteford Agricultural School District,23,230,43.5,100,100,100,47.8,FALSE
Minnesota,2728230,Perham-Dent Public School District,69,690,43.5,100,100,60.9,56.5,FALSE
New Jersey,3412090,Ocean Township School District,23,230,43.5,100,43.5,100,60.9,FALSE
New York,3613080,Guilderland Central School District,214,2140,43.5,100,100,100,48.6,FALSE
Pennsylvania,4212930,Kutztown Area School District,69,690,43.5,100,100,100,43.5,FALSE
Pennsylvania,4214940,McKeesport Area School District,131,1310,43.5,100,100,100,53.4,FALSE
Pennsylvania,4224790,Wallingford-Swarthmore School District,191,1910,43.5,100,100,100,43.5,FALSE
Texas,4835490,Post Independent School District,46,460,43.5,100,100,100,52.2,FALSE
California,603600,Azusa Unified School District,475,4750,43.4,100,100,100,100,FALSE
California,628250,Oceanside Unified School District,894,8940,43.4,100,100,98.7,56,FALSE
New Jersey,3415510,Sparta Township School District,136,1360,43.4,100,86.8,100,50.7,FALSE
Ohio,3904847,Buckeye Local School District,76,760,43.4,100,100,100,43.4,FALSE
Pennsylvania,4209270,Ephrata Area School District,251,2510,43.4,100,100,100,45,FALSE
Texas,4844730,Waxahachie Independent School District,507,5070,43.4,100,92.9,99.2,49.5,FALSE
Texas,4844960,Weslaco Independent School District,770,7700,43.4,99.7,72.2,100,58.2,FALSE
Vermont,5000396,Champlain Valley Unified School District,136,1360,43.4,100,86,97.1,50.7,FALSE
Arizona,404280,Lake Havasu Unified District,203,2030,43.3,100,100,100,59.1,FALSE
Iowa,1907860,College Community School District,245,2450,43.3,100,83.7,98,53.9,FALSE
Maryland,2400270,Charles County Public Schools,1147,11470,43.3,100,96.9,98.6,62.5,FALSE
Michigan,2632550,Spring Lake Public Schools,60,600,43.3,100,100,100,43.3,FALSE
Missouri,2930780,Van-Far R-I School District,30,300,43.3,100,90,93.3,50,FALSE
New Mexico,3501260,Hobbs Municipal Schools,483,4830,43.3,100,100,100,61.3,FALSE
New York,3600013,Oneida City School District,60,600,43.3,85,100,98.3,100,FALSE
Pennsylvania,4220310,Ridgway Area School District,30,300,43.3,100,100,73.3,53.3,FALSE
Texas,4818280,El Campo Independent School District,150,1500,43.3,100,98.7,100,43.3,FALSE
Texas,4826100,La Grange Independent School District,60,600,43.3,100,100,100,48.3,FALSE
Vermont,5000410,Montpelier Roxbury Unified Union School District,30,300,43.3,100,46.7,90,53.3,FALSE
Arkansas,500419,Jacksonville North Pulaski School District,287,2870,43.2,100,94.1,100,50.5,FALSE
Kentucky,2105260,Scott County School District,421,4210,43.2,100,93.1,100,48.5,FALSE
Maine,2314789,Regional School Unit 05,118,1180,43.2,100,95.8,93.2,61,FALSE
Mississippi,2804470,Vicksburg Warren School District,354,3540,43.2,93.2,90.7,100,50.3,FALSE
Nebraska,3100165,Douglas County West Community Schools,37,370,43.2,100,67.6,100,64.9,FALSE
Oklahoma,4017250,Lawton Public Schools,709,7090,43.2,100,99.7,100,63.2,FALSE
Oklahoma,4021000,Mustang Public Schools,530,5300,43.2,100,96.8,100,62.6,FALSE
Texas,4814310,Cleburne Independent School District,387,3870,43.2,100,99.2,100,53.2,FALSE
Texas,4832090,Nacogdoches Independent School District,333,3330,43.2,100,86.5,100,43.2,FALSE
Texas,4844110,Vernon Independent School District,111,1110,43.2,100,100,100,62.2,FALSE
Illinois,1707050,Bremen Community High School District 228,487,4870,43.1,100,100,100,92.6,FALSE
Illinois,1708040,Cahokia Community Unit School District 187,195,1950,43.1,100,100,100,100,FALSE
Iowa,1913200,Grinnell-Newburg Community School District,72,720,43.1,100,84.7,100,43.1,FALSE
Washington,5309450,Walla Walla Public Schools,225,2250,43.1,100,100,100,62.2,FALSE
Georgia,1301020,Chatham County School District,2059,20590,43,100,99,100,47.8,FALSE
Georgia,1303960,Oconee County School District,228,2280,43,100,100,100,44.7,FALSE
Iowa,1916530,Le Mars Community School District,107,1070,43,100,100,98.1,46.7,FALSE
Ohio,3904359,Bellevue City School District,86,860,43,100,96.5,100,43,FALSE
Pennsylvania,4205910,Chichester School District,93,930,43,100,100,100,60.2,FALSE
Texas,4830570,Midland Independent School District,1752,17520,43,100,100,100,52.3,FALSE
Texas,4834470,Pearsall Independent School District,114,1140,43,90.4,75.4,100,96.5,FALSE
Texas,4845090,West Orange-Cove Consolidated Independent School District,200,2000,43,94,73.5,100,54.5,FALSE
Alabama,103540,Winfield City School District,21,210,42.9,100,90.5,100,42.9,FALSE
Arizona,406330,Phoenix Union High School District,5756,57560,42.9,100,100,100,63.6,FALSE
California,629910,Parlier Unified School District,154,1540,42.9,100,100,100,100,FALSE
Connecticut,901320,East Lyme School District,77,770,42.9,100,100,100,45.5,FALSE
Iowa,1907110,Charter Oak-Ute Community School District,7,70,42.9,100,57.1,71.4,100,FALSE
Iowa,1925050,Ruthven-Ayrshire Community School District,7,70,42.9,100,100,100,100,FALSE
Kansas,2011790,South Haven Unified School District 509,7,70,42.9,100,42.9,100,100,FALSE
Maine,2313530,West Bath Public Schools,7,70,42.9,85.7,100,100,42.9,FALSE
Maine,2313980,Wiscasset Public Schools,14,140,42.9,100,71.4,64.3,50,FALSE
Massachusetts,2505580,Hadley School District,14,140,42.9,100,78.6,100,64.3,FALSE
Michigan,2623790,Michigan Center School District,56,560,42.9,100,100,100,71.4,FALSE
Minnesota,2700001,Mountain Iron-Buhl School District,28,280,42.9,100,100,85.7,60.7,FALSE
Missouri,2927870,Senath-Hornersville C-8 School District,28,280,42.9,71.4,100,100,50,FALSE
Nebraska,3173470,McCook Public Schools,70,700,42.9,100,100,100,45.7,FALSE
New York,3603660,Avon Central School District,42,420,42.9,100,100,100,42.9,FALSE
North Dakota,3807170,Fort Totten Public School District 30,7,70,42.9,71.4,71.4,100,100,FALSE
Ohio,3904542,Hubbard Exempted Village School District,63,630,42.9,100,100,100,55.6,FALSE
Ohio,3904548,Mechanicsburg Exempted Village School District,49,490,42.9,100,100,100,42.9,FALSE
Ohio,3904600,Shadyside Local School District,21,210,42.9,100,100,100,100,FALSE
Ohio,3904780,Indian Creek Local School District,133,1330,42.9,100,76.7,100,71.4,FALSE
Oklahoma,4012240,Frink-Chambers Public School,21,210,42.9,100,100,100,100,FALSE
Pennsylvania,4222860,Stroudsburg Area School District,219,2190,42.9,100,100,100,42.9,FALSE
Texas,4818900,Fabens Independent School District,35,350,42.9,42.9,71.4,100,100,FALSE
Texas,4829910,McLeod Independent School District,7,70,42.9,100,42.9,100,100,FALSE
Texas,4836390,Ralls Independent School District,14,140,42.9,100,57.1,100,100,FALSE
Delaware,1001530,Seaford School District,180,1800,42.8,100,100,71.7,60.6,FALSE
Florida,1200510,Escambia County School District,2301,23010,42.8,100,99.6,100,50.2,FALSE
Massachusetts,2506510,King Philip School District,208,2080,42.8,100,99.5,100,58.2,FALSE
Delaware,1000170,Cape Henlopen School District,220,2200,42.7,100,86.4,100,45.5,FALSE
Massachusetts,2504140,Dennis-Yarmouth School District,150,1500,42.7,100,97.3,99.3,72,FALSE
Nebraska,3100021,Waverly School District 145,117,1170,42.7,100,97.4,95.7,47.9,FALSE
New Jersey,3409660,Maple Shade Township School District,178,1780,42.7,100,100,100,65.7,FALSE
New York,3615780,Brookhaven-Comsewogue Union Free School District,131,1310,42.7,100,100,100,63.4,FALSE
Oklahoma,4013530,Grove Public Schools,89,890,42.7,85.4,74.2,91,48.3,FALSE
Texas,4833180,Northwest Independent School District,1216,12160,42.7,100,97.5,100,47.9,FALSE
Indiana,1802830,Zionsville Community Schools,242,2420,42.6,100,100,100,50,FALSE
Michigan,2628140,Pinckney Community Schools,115,1150,42.6,100,100,100,43.5,FALSE
New Jersey,3410320,Millville City School District,202,2020,42.6,100,75.2,100,54,FALSE
New York,3626520,Sewanhaka Central High School District,733,7330,42.6,100,100,100,88.4,FALSE
Ohio,3904999,Coventry Local School District,68,680,42.6,100,100,100,42.6,FALSE
Oklahoma,4026790,Sallisaw Public Schools,94,940,42.6,98.9,87.2,100,92.6,FALSE
Texas,4836970,Rice Consolidated Independent School District,61,610,42.6,100,83.6,100,100,FALSE
Arkansas,500023,Newport School District,87,870,42.5,100,88.5,100,100,FALSE
Florida,1200240,Charlotte County School District,670,6700,42.5,100,95.8,100,50.6,FALSE
Michigan,2635310,Waterford School District,518,5180,42.5,100,100,100,51.9,FALSE
South Carolina,4503630,Spartanburg School District 6,567,5670,42.5,100,92.1,100,48.7,FALSE
Tennessee,4747189,Wilson County School District in Lebanon,294,2940,42.5,100,100,100,51,FALSE
Texas,4826470,Lake Travis Independent School District,445,4450,42.5,100,100,100,45.2,FALSE
Texas,4834550,Pecos-Barstow-Toyah Independent School District,113,1130,42.5,100,100,100,100,FALSE
Arkansas,503630,Brinkley School District,33,330,42.4,93.9,100,87.9,48.5,FALSE
California,611820,East Side Union High School District,3027,30270,42.4,100,100,99.3,85.8,FALSE
Illinois,1734100,Riverton Community Unit School District 14,66,660,42.4,100,100,100,68.2,FALSE
Kentucky,2100510,Boone County School District,1005,10050,42.4,100,99.2,100,45.8,FALSE
Massachusetts,2504560,Nauset School District,66,660,42.4,98.5,95.5,93.9,53,FALSE
New York,3614220,Herkimer Central School District,33,330,42.4,100,75.8,100,90.9,FALSE
Colorado,803420,Dolores County School District RE-2,26,260,42.3,100,100,100,42.3,FALSE
Colorado,805370,St. Vrain Valley School District RE 1J,1255,12550,42.3,100,95.7,99.8,74.3,FALSE
Indiana,1807680,North Adams Community Schools,104,1040,42.3,100,83.7,100,42.3,FALSE
Kansas,2006120,Eureka Unified School District 389,26,260,42.3,100,80.8,80.8,80.8,FALSE
Kansas,2007470,South Brown County Unified School District 430,26,260,42.3,100,57.7,100,100,FALSE
Ohio,3904921,Rootstown Local School District,71,710,42.3,100,100,100,42.3,FALSE
Texas,4818000,Ector County Independent School District,1733,17330,42.3,100,93.4,100,63.8,FALSE
Texas,4834050,Palestine Independent School District,182,1820,42.3,100,79.7,100,42.3,FALSE
Colorado,805760,Monte Vista School District C-8,45,450,42.2,86.7,100,60,100,FALSE
Iowa,1931680,Williamsburg Community School District,45,450,42.2,100,100,88.9,53.3,FALSE
Louisiana,2200125,Central Community School District,204,2040,42.2,100,95.6,100,56.9,FALSE
Nebraska,3104100,Blair Community Schools,90,900,42.2,100,98.9,94.4,44.4,FALSE
Ohio,3904498,Wapakoneta City School District,109,1090,42.2,100,93.6,100,48.6,FALSE
Pennsylvania,4217940,Norwin School District,204,2040,42.2,100,100,100,42.2,FALSE
Washington,5301470,College Place School District,83,830,42.2,100,100,100,60.2,FALSE
Washington,5308970,Toppenish School District,161,1610,42.2,99.4,100,100,73.3,FALSE
Colorado,800017,Wray School District RD-2,19,190,42.1,100,63.2,89.5,47.4,FALSE
Kentucky,2106000,Woodford County School District,183,1830,42.1,100,98.4,100,57.9,FALSE
Minnesota,2707200,Buffalo-Hanover-Montrose Public Schools,297,2970,42.1,100,100,88.9,54.2,FALSE
Minnesota,2713860,Henning Public School District,19,190,42.1,100,73.7,42.1,100,FALSE
Minnesota,2791447,Kittson Central School District,19,190,42.1,100,100,57.9,57.9,FALSE
Missouri,2916830,Knob Noster R-VIII School District,107,1070,42.1,100,68.2,100,87.9,FALSE
Missouri,2918360,Leeton R-X School District,19,190,42.1,100,42.1,100,42.1,FALSE
Nebraska,3176620,Shelton Public Schools,19,190,42.1,100,84.2,47.4,100,FALSE
New Hampshire,3301860,Berlin School District,38,380,42.1,100,100,100,92.1,FALSE
New York,3616620,Lakeland Central School District,216,2160,42.1,100,100,100,50,FALSE
Oklahoma,4010350,Durant Public Schools,95,950,42.1,94.7,58.9,100,42.1,FALSE
Oregon,4110560,Riverdale School District 51J,19,190,42.1,100,100,100,47.4,FALSE
Pennsylvania,4210440,Freeport Area School District,38,380,42.1,100,100,100,47.4,FALSE
California,622110,Livermore Valley Joint Unified School District,723,7230,42,100,100,100,45.1,FALSE
Illinois,1730450,Township High School District 211,1684,16840,42,100,99.9,100,56.5,FALSE
Michigan,2600016,Crestwood School District,293,2930,42,100,100,100,58,FALSE
North Carolina,3700011,Cumberland County Schools,2708,27080,42,100,100,100,56.1,FALSE
Pennsylvania,4210590,Garnet Valley School District,150,1500,42,100,100,100,46,FALSE
Illinois,1733240,Rantoul Township High School District 193,155,1550,41.9,100,92.3,100,67.1,FALSE
Iowa,1921840,Osage Community School District,43,430,41.9,100,100,62.8,48.8,FALSE
Massachusetts,2509900,Ralph C. Mahar School District,43,430,41.9,95.3,95.3,93,97.7,FALSE
Minnesota,2711760,Faribault Public School District,222,2220,41.9,100,100,87.8,62.2,FALSE
New Jersey,3404110,East Brunswick Township School District,382,3820,41.9,100,100,100,46.6,FALSE
Pennsylvania,4215330,Millcreek Township School District,353,3530,41.9,100,100,100,51.3,FALSE
Texas,4842060,Taft Independent School District,74,740,41.9,100,100,100,56.8,FALSE
Texas,4842090,Tahoka Independent School District,31,310,41.9,100,100,100,48.4,FALSE
Washington,5307920,Shoreline School District,446,4460,41.9,100,100,100,76,FALSE
California,607440,Capistrano Unified School District,2194,21940,41.8,100,100,100,47,FALSE
California,627240,Newport-Mesa Unified School District,1052,10520,41.8,100,100,100,43.3,FALSE
Connecticut,900270,Bethel School District,153,1530,41.8,100,100,100,68,FALSE
Connecticut,904380,Stonington School District,91,910,41.8,100,100,100,50.5,FALSE
Florida,1200330,Collier County School District,1904,19040,41.8,98.3,98,100,49.8,FALSE
Iowa,1908910,Denison Community School District,67,670,41.8,100,53.7,100,58.2,FALSE
Massachusetts,2510170,Rockland School District,158,1580,41.8,100,99.4,100,62.7,FALSE
Michigan,2614760,Frankenmuth School District,79,790,41.8,100,100,100,41.8,FALSE
Minnesota,2700231,Jackson County Central School District,55,550,41.8,100,100,72.7,83.6,FALSE
Pennsylvania,4218510,Parkland School District,464,4640,41.8,100,100,100,44,FALSE
Texas,4807800,Alice Independent School District,184,1840,41.8,100,100,100,83.2,FALSE
Texas,4817070,Dickinson Independent School District,558,5580,41.8,97.1,97.1,100,52.9,FALSE
Wisconsin,5509510,Middleton-Cross Plains School District,316,3160,41.8,100,100,98.1,43.7,FALSE
California,600044,Healdsburg Unified School District,84,840,41.7,100,100,100,41.7,FALSE
Connecticut,901260,East Hartford School District,427,4270,41.7,100,100,100,74.2,FALSE
Illinois,1734510,Rockford School District 205,1426,14260,41.7,100,91.7,100,99.7,FALSE
Iowa,1925410,Schleswig Community School District,24,240,41.7,100,100,100,41.7,FALSE
Michigan,2630990,Sault Ste. Marie Area Schools,84,840,41.7,82.1,100,66.7,58.3,FALSE
Michigan,2633720,Tecumseh Public Schools,115,1150,41.7,100,100,85.2,56.5,FALSE
Minnesota,2700007,Kingsland Public School District,24,240,41.7,100,100,41.7,100,FALSE
Minnesota,2700388,Round Lake-Brewster Public Schools,12,120,41.7,100,83.3,58.3,100,FALSE
Nebraska,3100189,Summerland Public Schools,12,120,41.7,100,91.7,50,91.7,FALSE
New Hampshire,3305730,Pittsfield School District,12,120,41.7,75,100,100,75,FALSE
New Jersey,3418090,Woodbine Borough School District,12,120,41.7,100,41.7,100,100,FALSE
New York,3615480,Island Park Union Free School District,48,480,41.7,100,100,100,68.8,FALSE
Ohio,3904414,Ironton City School District,60,600,41.7,76.7,93.3,100,86.7,FALSE
South Carolina,4502730,Lexington School District 2,484,4840,41.7,100,93,100,50.4,FALSE
Texas,4823730,Hubbard Independent School District,12,120,41.7,100,75,100,58.3,FALSE
Texas,4835370,Port Aransas Independent School District,12,120,41.7,100,50,100,41.7,FALSE
Texas,4841820,Sulphur Springs Independent School District,144,1440,41.7,100,80.6,100,41.7,FALSE
Wisconsin,5500030,Abbotsford School District,24,240,41.7,100,41.7,100,100,FALSE
Alabama,101320,Enterprise City School District,219,2190,41.6,100,100,100,47.5,FALSE
Colorado,805220,Lamar School District RE-2,89,890,41.6,100,100,100,100,FALSE
Illinois,1741580,Frankfort Community Unit School District 168,77,770,41.6,100,49.4,100,42.9,FALSE
Maryland,2400060,Anne Arundel County Public Schools,4260,42600,41.6,100,99.6,99.7,59.6,FALSE
New Jersey,3408190,Lakeland Regional School District,113,1130,41.6,96.5,100,100,47.8,FALSE
New York,3610560,Elmira City School District,233,2330,41.6,100,98.7,98.3,100,FALSE
Texas,4813290,Celina Independent School District,190,1900,41.6,100,90,98.9,43.2,FALSE
California,622800,Los Gatos-Saratoga Joint Union School District,236,2360,41.5,100,100,99.6,44.9,FALSE
Illinois,1717730,Bond County Community Unit School District 2,41,410,41.5,100,87.8,97.6,56.1,FALSE
Minnesota,2700128,Glencoe-Silver Lake School District,65,650,41.5,100,100,41.5,78.5,FALSE
Montana,3002030,Anaconda High School District,41,410,41.5,100,100,82.9,82.9,FALSE
New Jersey,3407410,Holmdel Township School District,65,650,41.5,100,95.4,100,49.2,FALSE
Pennsylvania,4208850,Easton Area School District,383,3830,41.5,100,100,100,41.5,FALSE
Vermont,5000402,Addison Central Unified School District,53,530,41.5,86.8,75.5,94.3,45.3,FALSE
California,684500,Irvine Unified School District,2087,20870,41.4,100,100,100,59.5,FALSE
Connecticut,901350,East Windsor School District,29,290,41.4,100,58.6,100,86.2,FALSE
Georgia,1300001,Troup County School District,503,5030,41.4,100,96.8,99.8,49.7,FALSE
Illinois,1716080,Galesburg Community Unit School District 205,174,1740,41.4,100,100,100,100,FALSE
New York,3623520,Port Jervis City School District,87,870,41.4,100,97.7,100,56.3,FALSE
New York,3630780,West Seneca Central School District,333,3330,41.4,100,100,100,61.6,FALSE
North Dakota,3803060,Bottineau Public School District 1,29,290,41.4,100,100,62.1,41.4,FALSE
Oregon,4101980,Bend-La Pine Administrative School District 1,724,7240,41.4,99.3,100,99.4,51.4,FALSE
Texas,4810890,Borger Independent School District,87,870,41.4,100,100,100,63.2,FALSE
Texas,4830640,Midway Independent School District,319,3190,41.4,100,100,100,53.3,FALSE
Alabama,100210,Auburn City School District,380,3800,41.3,100,100,100,42.6,FALSE
Florida,1200090,Bay County School District,1148,11480,41.3,100,96.7,100,45.6,FALSE
New York,3622380,Palmyra-Macedon Central School District,75,750,41.3,100,100,96,70.7,FALSE
Ohio,3904381,Conneaut Area City School District,92,920,41.3,100,70.7,100,83.7,FALSE
Oklahoma,4026910,Sapulpa Public Schools,143,1430,41.3,100,95.1,99.3,53.1,FALSE
South Carolina,4502820,Lexington School District 5,574,5740,41.3,100,92,100,49.8,FALSE
West Virginia,5400930,Monongalia School District,545,5450,41.3,98.2,93.6,92.5,57.4,FALSE
California,616325,Hacienda La Puente Unified School District,520,5200,41.2,100,100,100,68.5,FALSE
California,641190,Vista Unified School District,1225,12250,41.2,100,100,100,58.3,FALSE
Connecticut,903990,Seymour School District,68,680,41.2,100,100,100,54.4,FALSE
Florida,1201290,Martin County School District,723,7230,41.2,97,98.2,100,44.1,FALSE
Illinois,1712060,Delavan Community Unit School District 703,17,170,41.2,100,76.5,100,100,FALSE
Illinois,1724600,Marion Community Unit School District 2,165,1650,41.2,100,99.4,100,58.8,FALSE
Michigan,2620010,Kaleva Norman Dickson School District,17,170,41.2,76.5,100,100,64.7,FALSE
Michigan,2635460,Watervliet School District,51,510,41.2,96.1,100,100,98,FALSE
Minnesota,2702930,Albany Public School District,51,510,41.2,100,92.2,45.1,70.6,FALSE
Missouri,2921810,Neosho R-V School District,187,1870,41.2,98.9,95.2,100,82.9,FALSE
New Jersey,3416350,Union Beach Borough School District,34,340,41.2,100,100,100,94.1,FALSE
New York,3623640,Portville Central School District,17,170,41.2,100,58.8,94.1,100,FALSE
Ohio,3904491,Toronto City School District,34,340,41.2,100,58.8,100,100,FALSE
Oklahoma,4020100,Minco Public Schools,17,170,41.2,100,47.1,94.1,58.8,FALSE
Oklahoma,4023580,Pawhuska Public Schools,17,170,41.2,47.1,58.8,100,41.2,FALSE
Louisiana,2200270,Bossier Parish School District,946,9460,41.1,99.8,97.9,100,49,FALSE
Michigan,2636660,Zeeland Public Schools,258,2580,41.1,100,100,100,51.9,FALSE
Oregon,4113530,Woodburn School District 103,180,1800,41.1,100,100,100,100,FALSE
Texas,4808280,Andrews Independent School District,163,1630,41.1,100,100,100,49.7,FALSE
Texas,4838970,San Marcos Consolidated Independent School District,370,3700,41.1,100,83.2,100,54.1,FALSE
Vermont,5000399,Maple Run Unified School District,141,1410,41.1,100,85.8,100,56.7,FALSE
Michigan,2604530,Belding Area School District,83,830,41,91.6,100,97.6,43.4,FALSE
Michigan,2610050,Clinton Community Schools,39,390,41,100,100,100,41,FALSE
Missouri,2907380,Carrollton R-VII School District,39,390,41,100,100,100,46.2,FALSE
New York,3609420,Dunkirk City School District,83,830,41,97.6,100,100,62.7,FALSE
North Carolina,3704650,Vance County Schools,349,3490,41,100,100,96.6,45.6,FALSE
Ohio,3910026,Clay Local School District,39,390,41,100,100,100,61.5,FALSE
Oregon,4109330,Oregon City School District 62,317,3170,41,100,100,100,64.4,FALSE
Washington,5309690,West Valley School District (Spokane),78,780,41,100,100,100,56.4,FALSE
Minnesota,2704440,Bemidji Public School District,296,2960,40.9,97.6,96.3,56.1,76.4,FALSE
Minnesota,2721390,Monticello Public School District,171,1710,40.9,100,100,58.5,100,FALSE
Montana,3010530,Fergus High School District,44,440,40.9,95.5,100,100,68.2,FALSE
New Hampshire,3302130,Candia School District,22,220,40.9,100,100,100,40.9,FALSE
New York,3610980,Farmingdale Union Free School District,257,2570,40.9,100,100,100,74.3,FALSE
Wisconsin,5503030,Cuba City School District,22,220,40.9,100,59.1,100,45.5,FALSE
Connecticut,900210,Berlin School District,120,1200,40.8,100,100,100,60,FALSE
Delaware,1000680,Indian River School District,498,4980,40.8,100,98.4,100,47,FALSE
Iowa,1911850,Fort Madison Community School District,125,1250,40.8,100,99.2,96.8,44,FALSE
Michigan,2632280,South Redford School District,157,1570,40.8,100,100,100,74.5,FALSE
New York,3620640,Newark Central School District,98,980,40.8,100,100,100,49,FALSE
Ohio,3904472,St. Marys City School District,98,980,40.8,100,100,100,40.8,FALSE
Ohio,3910020,Clyde-Green Springs Exempted Village School District,76,760,40.8,100,69.7,98.7,90.8,FALSE
Wisconsin,5507050,Jefferson School District,49,490,40.8,98,95.9,100,46.9,FALSE
Arkansas,500012,Riverside School District,27,270,40.7,100,100,81.5,44.4,FALSE
California,602850,Antioch Unified School District,755,7550,40.7,100,100,100,91.4,FALSE
Illinois,1700217,Christopher Community Unit School District 99,27,270,40.7,85.2,48.1,100,40.7,FALSE
Iowa,1906750,Centerville Community School District,27,270,40.7,92.6,74.1,81.5,74.1,FALSE
Iowa,1931800,Wilton Community School District,27,270,40.7,100,81.5,100,40.7,FALSE
Michigan,2618390,Hillsdale Community Schools,59,590,40.7,100,100,98.3,61,FALSE
Minnesota,2744070,Winona Area Public School District,172,1720,40.7,100,99.4,54.1,60.5,FALSE
Ohio,3904492,Troy City School District,226,2260,40.7,100,100,100,48.2,FALSE
Pennsylvania,4205190,Centennial School District,302,3020,40.7,100,100,100,44.4,FALSE
South Dakota,4654300,Parkston School District 33-3,27,270,40.7,100,81.5,100,59.3,FALSE
California,643080,Woodland Joint Unified School District,552,5520,40.6,97.5,100,100,91.3,FALSE
Colorado,805130,East Otero School District R-1,69,690,40.6,53.6,100,100,88.4,FALSE
Florida,1200300,Clay County School District,1368,13680,40.6,100,98.3,100,44.7,FALSE
Illinois,1713970,Elmhurst School District 205,318,3180,40.6,100,100,100,89,FALSE
Massachusetts,2507770,Middleborough School District,155,1550,40.6,100,100,99.4,44.5,FALSE
Minnesota,2700108,Pipestone Area School District,69,690,40.6,100,100,44.9,100,FALSE
Missouri,2908760,Chillicothe R-II School District,69,690,40.6,100,71,100,40.6,FALSE
Montana,3007320,Conrad High School District,32,320,40.6,100,100,100,100,FALSE
New Jersey,3408610,Linden City School District,350,3500,40.6,100,100,100,83.1,FALSE
New Jersey,3408640,Lindenwold Borough School District,202,2020,40.6,100,100,100,66.8,FALSE
New Mexico,3500300,Carlsbad Municipal Schools,325,3250,40.6,100,100,100,65.2,FALSE
North Carolina,3700480,Burke County Schools,498,4980,40.6,99.4,100,100,46.2,FALSE
Oklahoma,4015720,Jenks Public Schools,524,5240,40.6,100,93.7,100,71.8,FALSE
Oregon,4108040,Medford School District 549,577,5770,40.6,100,100,100,68.5,FALSE
Iowa,1907170,Cherokee Community School District,42,420,40.5,100,69,81,64.3,FALSE
Maine,2313860,Winslow,42,420,40.5,100,100,92.9,54.8,FALSE
Maryland,2400660,Washington County Public Schools,1017,10170,40.5,100,96.4,98.5,83.2,FALSE
Missouri,2906510,Moniteau County R-I School District,37,370,40.5,100,100,59.5,43.2,FALSE
New York,3609090,Jamesville-DeWitt Central School District,111,1110,40.5,99.1,100,100,49.5,FALSE
New York,3622710,Penfield Central School District,168,1680,40.5,100,100,100,42.9,FALSE
North Dakota,3800053,Carrington Public School District 49,37,370,40.5,100,100,100,40.5,FALSE
Oregon,4111220,Sheridan School District 48J,42,420,40.5,100,100,100,45.2,FALSE
Pennsylvania,4210740,Girard School District,42,420,40.5,100,100,100,42.9,FALSE
Rhode Island,4401020,South Kingstown School District,148,1480,40.5,100,100,98.6,58.8,FALSE
Rhode Island,4401140,West Warwick School District,148,1480,40.5,100,100,100,59.5,FALSE
Wyoming,5605220,Fremont County School District 25,126,1260,40.5,100,100,96,43.7,FALSE
Colorado,806690,Valley School District RE-1,94,940,40.4,96.8,95.7,100,100,FALSE
Georgia,1300440,Bleckley County School District,57,570,40.4,100,54.4,100,40.4,FALSE
Illinois,1704710,Aurora West Unit School District 129,562,5620,40.4,100,100,100,81.5,FALSE
Illinois,1726800,Morton Community Unit School District 709,114,1140,40.4,100,100,99.1,57.9,FALSE
Maine,2310590,School Administrative District 11,57,570,40.4,100,93,98.2,73.7,FALSE
Michigan,2632880,St. Louis Public Schools,57,570,40.4,100,100,40.4,100,FALSE
Mississippi,2803450,Oxford School District,193,1930,40.4,100,80.8,100,40.4,FALSE
Nebraska,3170440,Fairbury Public Schools,52,520,40.4,61.5,57.7,57.7,61.5,FALSE
New Jersey,3406330,Haddon Heights Borough School District,52,520,40.4,100,100,100,76.9,FALSE
New Jersey,3406930,Hasbrouck Heights Borough School District,52,520,40.4,100,100,100,61.5,FALSE
Pennsylvania,4204890,Canon-McMillan School District,302,3020,40.4,100,100,100,43,FALSE
Arizona,408170,Sunnyside Unified District,762,7620,40.3,99.7,100,100,99.1,FALSE
California,618060,Huntington Beach Union High School District,1798,17980,40.3,100,100,100,60.9,FALSE
California,630250,Petaluma Joint Union High School District,434,4340,40.3,100,100,100,57.8,FALSE
Illinois,1739870,United Township High School District 30,290,2900,40.3,100,100,100,87.2,FALSE
Massachusetts,2506480,Ipswich School District,67,670,40.3,100,100,100,43.3,FALSE
Michigan,2635910,West Ottawa Public School District,298,2980,40.3,100,100,100,71.5,FALSE
New Jersey,3402910,Central Regional School District,196,1960,40.3,100,79.1,100,68.4,FALSE
New York,3606330,Canandaigua City School District,139,1390,40.3,100,100,98.6,48.9,FALSE
Wisconsin,5515330,Verona Area School District,313,3130,40.3,100,88.2,100,62.3,FALSE
Wyoming,5605160,Park County School District 1,62,620,40.3,100,100,98.4,62.9,FALSE
Massachusetts,2510830,Silver Lake School District,122,1220,40.2,100,95.1,100,48.4,FALSE
Michigan,2606870,Brighton Area Schools,179,1790,40.2,100,100,100,40.2,FALSE
Mississippi,2801260,Corinth School District,97,970,40.2,100,56.7,100,40.2,FALSE
Missouri,2909860,Clinton School District,87,870,40.2,100,83.9,100,58.6,FALSE
Missouri,2913830,Hazelwood School District,888,8880,40.2,100,100,100,54.7,FALSE
Nebraska,3100088,Norris School District 160,102,1020,40.2,100,95.1,91.2,58.8,FALSE
New York,3611670,Frontier Central School District,189,1890,40.2,100,97.9,100,52.9,FALSE
New York,3620190,Nanuet Union Free School District,102,1020,40.2,100,100,100,40.2,FALSE
Oklahoma,4021510,Newcastle Public Schools,92,920,40.2,100,84.8,100,52.2,FALSE
Florida,1200780,Hendry County School District,337,3370,40.1,99.1,89.9,100,73.3,FALSE
Louisiana,2201110,Morehouse Parish School District,187,1870,40.1,100,100,100,72.2,FALSE
Mississippi,2803630,Picayune School District,142,1420,40.1,57.7,66.2,100,53.5,FALSE
Missouri,2926890,Rolla 31 School District,182,1820,40.1,100,92.3,100,50,FALSE
New York,3608160,Connetquot Central School District,274,2740,40.1,100,100,100,65,FALSE
Pennsylvania,4208550,East Penn School District,357,3570,40.1,100,100,100,40.3,FALSE
South Dakota,4608520,Brookings School District 05-1,157,1570,40.1,100,100,100,41.4,FALSE
Wisconsin,5514550,Stoughton Area School District,137,1370,40.1,100,98.5,100,55.5,FALSE
Arizona,406850,Ray Unified District,15,150,40,100,100,100,46.7,FALSE
Arkansas,503480,Bradford School District,5,50,40,100,100,100,40,FALSE
Connecticut,904980,Westbrook School District,5,50,40,100,60,100,60,FALSE
Illinois,1712000,DeKalb Community Unit School District 428,300,3000,40,100,81.7,100,70.3,FALSE
Illinois,1712480,Dongola School Unit District 66,10,100,40,60,50,100,100,FALSE
Illinois,1735310,Sandoval Community Unit School District 501,10,100,40,100,50,100,40,FALSE
Maine,2305310,Easton,10,100,40,100,90,90,100,FALSE
Michigan,2607690,Calumet Public Schools,45,450,40,80,100,100,57.8,FALSE
Missouri,2913650,Hannibal 60 School District,175,1750,40,100,100,100,52.6,FALSE
Missouri,2919890,Malden R-I School District,40,400,40,100,92.5,100,80,FALSE
Nebraska,3100157,Perkins County Schools,10,100,40,100,50,80,50,FALSE
Nebraska,3173050,Louisville Public Schools,25,250,40,100,60,56,48,FALSE
Nebraska,3174160,Nebraska City Public Schools,55,550,40,100,61.8,100,43.6,FALSE
Nebraska,3175000,Osceola Public Schools,5,50,40,100,60,40,100,FALSE
Nebraska,3178450,Wausa Public Schools,5,50,40,100,40,60,40,FALSE
New Hampshire,.,.,5,50,40,100,100,100,40,FALSE
New Mexico,3500270,Capitan Municipal Schools,10,100,40,40,40,100,100,FALSE
New Mexico,3501620,Lordsburg Municipal Schools,25,250,40,100,100,100,100,FALSE
New York,3605280,Brentwood Union Free School District,205,2050,40,100,100,60,64.4,FALSE
North Carolina,3701380,Elkin City Schools,25,250,40,72,100,100,76,FALSE
North Dakota,3800059,New Rockford-Sheyenne Public School District 2,10,100,40,100,40,40,40,FALSE
North Dakota,3819290,Washburn Public School District 4,25,250,40,100,48,100,48,FALSE
Ohio,3904578,Perry Local School District,15,150,40,86.7,100,100,80,FALSE
Ohio,3904592,Trimble Local School District,25,250,40,100,60,80,100,FALSE
Ohio,3904597,Waynesfield-Goshen Local School District,5,50,40,100,40,100,40,FALSE
Oklahoma,4032880,Wilson Public Schools,10,100,40,100,40,100,100,FALSE
Pennsylvania,4219560,Portage Area School District,50,500,40,100,100,100,40,FALSE
Pennsylvania,4222530,Spring Cove School District,70,700,40,100,100,97.1,40,FALSE
South Carolina,4545013,Beaufort County School District within Beaufort Marine Corps Air Station,5,50,40,100,100,100,40,FALSE
South Dakota,4635480,Huron School District 02-2,175,1750,40,100,100,100,100,FALSE
Texas,4811220,Breckenridge Independent School District,50,500,40,100,86,100,40,FALSE
Texas,4831970,Munday Consolidated Independent School District,20,200,40,100,40,100,100,FALSE
Texas,4845040,West Independent School District,55,550,40,100,58.2,100,47.3,FALSE
Wisconsin,5501110,Benton School District,10,100,40,100,40,100,100,FALSE
Illinois,1721780,Lake Forest Community High School District 115,163,1630,39.9,100,100,100,52.8,FALSE
Illinois,1742310,Sterling Community Unit District 5,128,1280,39.8,99.2,98.4,100,100,FALSE
Indiana,1808910,Pike Township Metropolitan School District,520,5200,39.8,100,100,100,66.5,FALSE
Missouri,2921120,Monett R-I School District,113,1130,39.8,100,100,100,48.7,FALSE
South Carolina,4502190,Florence School District 3,88,880,39.8,96.6,81.8,90.9,58,FALSE
California,627060,Newark Unified School District,363,3630,39.7,100,100,100,56.7,FALSE
Iowa,1907080,Charles City Community School District,78,780,39.7,100,100,71.8,39.7,FALSE
Iowa,1914580,Independence Community School District,73,730,39.7,100,100,100,41.1,FALSE
Massachusetts,2505370,Grafton School District,156,1560,39.7,100,97.4,100,57.1,FALSE
Minnesota,2723910,Central Public School District,68,680,39.7,100,100,92.6,48.5,FALSE
Ohio,3904798,Johnstown-Monroe Local School District,68,680,39.7,100,98.5,100,39.7,FALSE
Oregon,4103480,Corvallis School District 509J,295,2950,39.7,100,100,100,50.2,FALSE
Pennsylvania,4216530,New Brighton Area School District,68,680,39.7,100,100,100,42.6,FALSE
West Virginia,5401200,Putnam County School District,297,2970,39.7,98.7,88.9,84.2,65.7,FALSE
Iowa,1919650,Monticello Community School District,53,530,39.6,100,100,77.4,56.6,FALSE
Minnesota,2723880,Northfield Public School District,144,1440,39.6,100,100,95.8,56.9,FALSE
New York,3630210,Watervliet City School District,53,530,39.6,100,100,100,58.5,FALSE
Pennsylvania,4224960,Warwick School District,217,2170,39.6,100,100,100,41.5,FALSE
Arkansas,513110,Texarkana School District,271,2710,39.5,100,100,100,52.4,FALSE
Connecticut,901110,Derby School District,43,430,39.5,100,100,100,74.4,FALSE
North Carolina,3701260,Durham Public Schools,2376,23760,39.5,100,100,100,66.5,FALSE
Ohio,3904556,Newton Falls Exempted Village School District,43,430,39.5,100,100,100,39.5,FALSE
Ohio,3904663,Arcanum-Butler Local School District,38,380,39.5,100,52.6,100,39.5,FALSE
Ohio,3905018,Lakeview Local School District,43,430,39.5,100,100,100,51.2,FALSE
Oregon,4109000,Nyssa School District 26,43,430,39.5,44.2,100,100,100,FALSE
Pennsylvania,4211610,Hatboro-Horsham School District,205,2050,39.5,100,100,100,40.5,FALSE
Texas,4817730,Eagle Pass Independent School District,613,6130,39.5,96.9,99.3,100,70.8,FALSE
Texas,4824420,Irving Independent School District,1849,18490,39.5,100,100,100,86.4,FALSE
Washington,5300030,Aberdeen School District,129,1290,39.5,100,100,100,39.5,FALSE
Florida,1201740,St. Johns County School District,1649,16490,39.4,99.9,98.3,99.8,41.5,FALSE
Georgia,1302220,Forsyth County School District,1716,17160,39.4,100,100,100,42.2,FALSE
Georgia,1302880,Houston County School District,1265,12650,39.4,100,97.6,100,49.4,FALSE
Indiana,1801440,Center Grove Community School Corporation,388,3880,39.4,100,99.7,100,48.7,FALSE
Louisiana,2200870,Lafayette Parish School District,1943,19430,39.4,100,99.8,100,42.5,FALSE
New Hampshire,3304350,Litchfield School District,33,330,39.4,100,100,100,57.6,FALSE
New York,3605850,Buffalo City School District,2038,20380,39.4,100,100,100,89.6,FALSE
North Carolina,3703360,Newton-Conover City Schools,109,1090,39.4,100,100,100,93.6,FALSE
Ohio,3904453,North Ridgeville City School District,279,2790,39.4,100,100,100,39.8,FALSE
Ohio,3910007,Leetonia Exempted Village School District,33,330,39.4,100,100,100,39.4,FALSE
Texas,4808340,Anna Independent School District,241,2410,39.4,100,92.5,100,53.9,FALSE
Connecticut,902220,Litchfield School District,28,280,39.3,100,92.9,100,46.4,FALSE
Georgia,1302400,Glynn County School District,539,5390,39.3,100,95.5,100,53.2,FALSE
Illinois,1737590,Staunton Community Unit School District 6,28,280,39.3,100,78.6,100,96.4,FALSE
Michigan,2622410,Manistee Area Schools,56,560,39.3,100,100,91.1,48.2,FALSE
Nebraska,3173890,Mitchell Public Schools,28,280,39.3,100,60.7,100,100,FALSE
New Hampshire,3303900,Hopkinton School District,28,280,39.3,100,67.9,100,71.4,FALSE
New York,3609540,East Aurora Union Free School District,56,560,39.3,100,100,100,39.3,FALSE
New York,3610710,Union-Endicott Central School District,168,1680,39.3,100,100,99.4,50,FALSE
Ohio,3904888,West Muskingum Local School District,107,1070,39.3,100,96.3,97.2,43,FALSE
South Dakota,4648390,Mitchell School District 17-2,196,1960,39.3,100,100,100,68.4,FALSE
Virginia,5103000,Portsmouth City Public Schools,771,7710,39.3,100,100,100,87,FALSE
Arkansas,511970,Rogers Public Schools,824,8240,39.2,100,100,99.8,40.5,FALSE
Massachusetts,2504620,Easton School District,102,1020,39.2,100,88.2,100,48,FALSE
New Jersey,3416560,Upper Freehold Regional School District,51,510,39.2,100,98,100,41.2,FALSE
New York,3620040,Mount Sinai Union Free School District,51,510,39.2,100,100,100,41.2,FALSE
Ohio,3904577,Elida Local School District,120,1200,39.2,100,100,100,39.2,FALSE
Texas,4826610,Lamesa Independent School District,74,740,39.2,43.2,100,100,100,FALSE
Arkansas,504890,Danville School District,23,230,39.1,47.8,100,43.5,47.8,FALSE
Illinois,1732910,Proviso Township High School District 209,937,9370,39.1,100,100,100,89.3,FALSE
North Carolina,3701920,Guilford County Schools,3648,36480,39.1,99.2,100,100,58.8,FALSE
Texas,4814580,Collinsville Independent School District,23,230,39.1,100,78.3,100,47.8,FALSE
Texas,4816710,Denison Independent School District,317,3170,39.1,100,100,100,63.7,FALSE
Texas,4827390,Liberty-Eylau Independent School District,110,1100,39.1,100,89.1,100,46.4,FALSE
Wisconsin,5507590,Ladysmith School District,23,230,39.1,100,73.9,100,73.9,FALSE
Wisconsin,5516320,West De Pere School District,207,2070,39.1,98.6,89.4,100,59.4,FALSE
Wyoming,5603170,Big Horn County School District 3,23,230,39.1,91.3,100,100,91.3,FALSE
Georgia,1304980,Tift County School District,315,3150,39,100,97.8,100,54.9,FALSE
Illinois,1726180,Fairfield Community High School District 225,41,410,39,95.1,65.9,100,39,FALSE
Indiana,1800213,Silver Creek School Corporation,136,1360,39,100,100,100,41.2,FALSE
Michigan,2614280,Ferndale Public Schools,159,1590,39,100,100,100,42.8,FALSE
Oklahoma,4023280,Owasso Public Schools,387,3870,39,100,99.5,100,54.3,FALSE
Texas,4840680,South San Antonio Independent School District,500,5000,39,100,100,100,99.8,FALSE
Washington,5306220,Omak School District,59,590,39,89.8,55.9,100,100,FALSE
California,600047,Tracy Unified School District,712,7120,38.9,100,100,100,87.5,FALSE
California,611110,Desert Sands Unified School District,884,8840,38.9,100,100,97.7,77.3,FALSE
Iowa,1931920,Woodbine Community School District,18,180,38.9,100,50,55.6,50,FALSE
Maine,2303930,Cape Elizabeth,54,540,38.9,100,100,100,42.6,FALSE
New Jersey,3401860,Bloomingdale Borough School District,36,360,38.9,100,63.9,100,50,FALSE
New York,3617160,Levittown Union Free School District,319,3190,38.9,100,100,100,70.5,FALSE
New York,3621270,Northport-East Northport Union Free School District,257,2570,38.9,100,100,100,42.4,FALSE
New York,3626070,Schodack Central School District,36,360,38.9,100,100,100,38.9,FALSE
Oklahoma,4014970,Hominy Public Schools,18,180,38.9,100,100,100,44.4,FALSE
Oklahoma,4025230,Purcell Public Schools,72,720,38.9,100,91.7,100,45.8,FALSE
Wisconsin,.,.,18,180,38.9,100,61.1,100,44.4,FALSE
Michigan,2636630,Ypsilanti Community Schools,384,3840,38.8,100,100,100,58.6,FALSE
New Mexico,3500120,Artesia Public Schools,188,1880,38.8,88.8,100,100,100,FALSE
Rhode Island,4400270,Cumberland School District,160,1600,38.8,100,94.4,100,69.4,FALSE
Tennessee,4700360,Bristol City School District,147,1470,38.8,100,100,100,42.2,FALSE
Virginia,5101980,Hopewell City Public Schools,232,2320,38.8,100,99.6,100,79.3,FALSE
California,640150,Tustin Unified School District,973,9730,38.7,100,100,100,63,FALSE
Ohio,3904526,Carey Exempted Village School District,31,310,38.7,100,100,100,38.7,FALSE
South Carolina,4503390,Richland School District 2,1062,10620,38.7,100,98.3,100,48.5,FALSE
Michigan,2636420,Williamston Community Schools,57,570,38.6,100,100,91.2,63.2,FALSE
New Jersey,3403210,Clearview Regional School District,158,1580,38.6,100,98.1,100,46.2,FALSE
Oklahoma,4007620,Choctaw/Nicoma Park Schools,220,2200,38.6,100,100,100,60.5,FALSE
Pennsylvania,4221200,Shaler Area School District,184,1840,38.6,100,100,100,40.8,FALSE
Texas,4816200,Dalhart Independent School District,101,1010,38.6,100,100,100,100,FALSE
Wisconsin,5515150,Union Grove Union High School District,57,570,38.6,100,89.5,100,66.7,FALSE
Idaho,1603330,Weiser School District 431,39,390,38.5,100,100,100,89.7,FALSE
Iowa,1917550,Lone Tree Community School District,13,130,38.5,100,53.8,84.6,100,FALSE
Michigan,2600017,Bad Axe Public Schools,39,390,38.5,61.5,100,92.3,38.5,FALSE
Michigan,2605780,Big Rapids Public Schools,65,650,38.5,89.2,100,78.5,49.2,FALSE
New Hampshire,3302460,Concord School District,205,2050,38.5,97.6,100,100,41,FALSE
New Jersey,3403150,Clark Township School District,78,780,38.5,100,100,100,48.7,FALSE
New Jersey,3415360,South Plainfield Borough School District,218,2180,38.5,100,100,100,49.1,FALSE
New Mexico,3502610,Truth or Consequences Schools,52,520,38.5,100,73.1,100,65.4,FALSE
New York,3614010,Haverstraw-Stony Point Central School District (North Rockland),374,3740,38.5,100,100,100,84.5,FALSE
North Dakota,3800406,Grafton Public School District 18,26,260,38.5,84.6,76.9,65.4,50,FALSE
Ohio,3904413,Huron City School District,39,390,38.5,100,100,100,38.5,FALSE
Pennsylvania,4204590,Butler Area School District,257,2570,38.5,98.4,100,100,42,FALSE
Texas,4825140,Karnes City Independent School District,13,130,38.5,76.9,46.2,100,46.2,FALSE
Texas,4835070,Plainview Independent School District,208,2080,38.5,90.9,100,100,100,FALSE
California,603300,Atascadero Unified School District,185,1850,38.4,100,100,82.7,50.8,FALSE
Connecticut,904950,West Haven School District,344,3440,38.4,100,100,100,84.3,FALSE
Minnesota,2738850,Thief River Falls School District,99,990,38.4,100,100,38.4,100,FALSE
Tennessee,4700149,Collierville School District,292,2920,38.4,100,100,100,40.4,FALSE
Tennessee,4702190,Kingsport City School District,336,3360,38.4,100,99.7,100,49.4,FALSE
Wisconsin,5500960,Beaver Dam School District,99,990,38.4,100,73.7,98,67.7,FALSE
Illinois,1733000,Quincy School District 172,326,3260,38.3,100,100,98.2,57.1,FALSE
Iowa,1920250,Nevada Community School District,47,470,38.3,100,63.8,74.5,59.6,FALSE
Massachusetts,2510050,Revere School District,423,4230,38.3,100,100,100,100,FALSE
New Mexico,3501080,Gadsden Independent Schools,494,4940,38.3,97.8,89.5,48.4,71.5,FALSE
New York,3609990,East Syracuse-Minoa Central School District,133,1330,38.3,100,100,100,66.2,FALSE
New York,3631470,Williamsville Central School District,496,4960,38.3,100,100,100,47,FALSE
Ohio,3904521,Bluffton Exempted Village School District,47,470,38.3,100,100,100,38.3,FALSE
South Carolina,4503902,Sumter County Consolidated School District,844,8440,38.3,93.4,96.7,99.9,42.2,FALSE
Massachusetts,2500542,Ayer-Shirley School District,68,680,38.2,100,94.1,92.6,47.1,FALSE
New York,3608430,Cornwall Central School District,102,1020,38.2,100,100,100,40.2,FALSE
New York,3626370,North Shore Central School District,76,760,38.2,100,100,100,65.8,FALSE
New York,3626840,Shoreham-Wading River Central School District,34,340,38.2,100,100,100,61.8,FALSE
Rhode Island,4400780,North Providence School District,191,1910,38.2,100,100,100,88,FALSE
Tennessee,4702790,McKenzie Special School District,34,340,38.2,76.5,79.4,85.3,38.2,FALSE
Georgia,1305340,Vidalia City School District,97,970,38.1,100,77.3,100,53.6,FALSE
Iowa,1927000,Spirit Lake Community School District,42,420,38.1,100,69,95.2,42.9,FALSE
Mississippi,2800187,Sunflower County Consolidated School District,139,1390,38.1,60.4,94.2,100,47.5,FALSE
New Mexico,3500990,Farmington Municipal Schools,388,3880,38.1,100,97.2,100,40.7,FALSE
Oklahoma,4015210,Hugo Public Schools,63,630,38.1,54,85.7,100,39.7,FALSE
Wyoming,5605830,Teton County School District 1,105,1050,38.1,100,100,98.1,38.1,FALSE
Alabama,101730,Hartselle City School District,79,790,38,100,77.2,100,58.2,FALSE
Michigan,2633840,Three Rivers Community Schools,100,1000,38,100,100,94,72,FALSE
Minnesota,2700130,Blue Earth Area Public Schools,50,500,38,98,100,72,68,FALSE
Mississippi,2801170,Columbia School District,79,790,38,97.5,97.5,100,38,FALSE
New Jersey,3402160,Branchburg Township School District,50,500,38,100,98,100,48,FALSE
New Mexico,3502100,Portales Municipal Schools,163,1630,38,100,100,100,46,FALSE
North Dakota,3800038,Dickinson Public School District 1,271,2710,38,100,100,99.6,42.8,FALSE
Tennessee,4704100,Trenton Special School District,50,500,38,100,100,100,86,FALSE
Texas,4845380,Wharton Independent School District,121,1210,38,100,100,100,38,FALSE
Alabama,103430,Vestavia Hills City School District,214,2140,37.9,100,100,100,45.3,FALSE
New Jersey,3417460,West Essex Regional School District,174,1740,37.9,100,100,100,42.5,FALSE
Pennsylvania,4207980,Dunmore School District,66,660,37.9,100,100,100,39.4,FALSE
Texas,4823310,Hitchcock Independent School District,103,1030,37.9,67,61.2,100,63.1,FALSE
Indiana,1800390,Batesville Community School Corporation,74,740,37.8,100,100,100,40.5,FALSE
Michigan,2600015,Wayne-Westland Community School District,677,6770,37.8,100,100,100,53.3,FALSE
Minnesota,2706150,Breckenridge Public School District,37,370,37.8,100,100,37.8,37.8,FALSE
Missouri,2913080,Grain Valley R-V School District,135,1350,37.8,100,100,100,42.2,FALSE
New Mexico,3502190,Raton Public Schools,37,370,37.8,100,100,94.6,100,FALSE
Oregon,4111670,Springfield School District 19,471,4710,37.8,99.2,100,98.9,94.9,FALSE
Pennsylvania,4213500,Lehighton Area School District,90,900,37.8,61.1,100,100,44.4,FALSE
Wisconsin,5502520,Chilton School District,37,370,37.8,100,83.8,100,40.5,FALSE
California,620130,La CaÃ±ada Unified School District,69,690,37.7,100,100,100,42,FALSE
California,642000,West Covina Unified School District,363,3630,37.7,100,100,100,66.4,FALSE
Delaware,1000810,Laurel School District,130,1300,37.7,83.8,100,97.7,88.5,FALSE
Georgia,1304220,Pulaski County School District,77,770,37.7,49.4,66.2,100,100,FALSE
Massachusetts,2504020,Dartmouth School District,122,1220,37.7,100,100,100,41.8,FALSE
New Jersey,3404020,Dunellen Borough School District,53,530,37.7,100,100,100,69.8,FALSE
New York,3618570,Marlboro Central School District,106,1060,37.7,100,100,99.1,40.6,FALSE
New York,3629520,Valley Stream Central High School District,358,3580,37.7,100,100,99.2,80.7,FALSE
New York,3629880,Wappingers Central School District,430,4300,37.7,100,100,98.6,56.3,FALSE
Ohio,3904366,Brunswick City School District,302,3020,37.7,100,100,100,42.1,FALSE
Oklahoma,4010710,Elgin Public Schools,53,530,37.7,100,64.2,98.1,52.8,FALSE
Texas,4825680,Kingsville Independent School District,175,1750,37.7,100,100,100,40.6,FALSE
California,631530,Poway Unified School District,1499,14990,37.6,100,100,100,51.9,FALSE
Delaware,1001620,Smyrna School District,330,3300,37.6,100,100,100,51.8,FALSE
Massachusetts,2507140,Lynnfield School District,117,1170,37.6,100,100,100,56.4,FALSE
Michigan,2607560,Byron Center Public Schools,165,1650,37.6,100,100,100,41.2,FALSE
New Jersey,3418120,Woodbridge Township School District,780,7800,37.6,100,99.9,100,49.1,FALSE
New York,3608130,Commack Union Free School District,197,1970,37.6,100,100,99.5,40.1,FALSE
Pennsylvania,4202340,Altoona Area School District,396,3960,37.6,100,100,100,47,FALSE
Texas,4818180,Edinburg Consolidated Independent School District,1850,18500,37.6,99.6,79.6,100,64.6,FALSE
Wisconsin,5501770,Elmbrook School District,303,3030,37.6,100,98.7,100,64.7,FALSE
Wisconsin,5504740,Fort Atkinson School District,85,850,37.6,92.9,100,100,51.8,FALSE
Arkansas,507320,Harmony Grove School District,16,160,37.5,100,100,100,43.8,FALSE
California,613890,Folsom-Cordova Unified School District,1050,10500,37.5,100,100,99.5,59.7,FALSE
Florida,1200030,Alachua County School District,1638,16380,37.5,100,99.2,100,41,FALSE
Michigan,2626760,Orchard View Schools,64,640,37.5,100,100,100,100,FALSE
Missouri,2905940,Brookfield R-III School District,32,320,37.5,100,93.8,100,40.6,FALSE
Nebraska,3100089,Palmer Public Schools,8,80,37.5,100,62.5,50,50,FALSE
New Hampshire,3303420,Greenland School District,16,160,37.5,100,100,100,37.5,FALSE
New York,3602310,Glens Falls Common School District,8,80,37.5,100,100,100,100,FALSE
New York,3616290,Kingston City School District,315,3150,37.5,100,100,99.7,82.5,FALSE
Ohio,3905062,Edon Northwest Local School District,16,160,37.5,100,50,100,93.8,FALSE
Oklahoma,4032190,Welch Public Schools,8,80,37.5,100,37.5,100,37.5,FALSE
Texas,4827960,Lometa Independent School District,8,80,37.5,100,37.5,100,100,FALSE
Texas,4831950,Mumford Independent School District,8,80,37.5,100,37.5,100,100,FALSE
Vermont,5099004,North Country Junior/Senior UHSD 22 (7-12),72,720,37.5,86.1,68.1,48.6,83.3,FALSE
Wisconsin,5505880,Green Lake School District,8,80,37.5,100,37.5,100,100,FALSE
Georgia,1300600,Buford City School District,214,2140,37.4,100,100,100,40.2,FALSE
Massachusetts,2507410,Masconomet School District,115,1150,37.4,100,88.7,100,46.1,FALSE
Virginia,5100960,Colonial Heights City Public Schools,139,1390,37.4,100,88.5,100,43.9,FALSE
Florida,1201110,Leon County School District,1781,17810,37.3,100,99.8,100,40,FALSE
Georgia,1302310,Gainesville City School District,362,3620,37.3,99.7,99.4,100,51.9,FALSE
Illinois,1703600,Alton Community Unit School District 11,276,2760,37.3,100,92.4,100,62.3,FALSE
Minnesota,2717250,La Crescent-Hokah School District,51,510,37.3,100,100,88.2,39.2,FALSE
New York,3604080,Bay Shore Union Free School District,236,2360,37.3,100,100,99.6,96.2,FALSE
Oklahoma,4014790,Holdenville Public Schools,51,510,37.3,100,100,100,47.1,FALSE
Arkansas,514140,White Hall School District,94,940,37.2,100,100,100,37.2,FALSE
Iowa,1906330,Carroll Community School District,78,780,37.2,84.6,79.5,85.9,44.9,FALSE
Ohio,3904463,Parma City School District,710,7100,37.2,100,97.9,100,44.2,FALSE
Ohio,3904523,Bridgeport Exempted Village School District,43,430,37.2,100,100,86,51.2,FALSE
California,625190,Modoc Joint Unified School District,35,350,37.1,57.1,100,37.1,100,FALSE
Delaware,1000190,Capital School District,385,3850,37.1,100,100,97.7,40.3,FALSE
Iowa,1927390,Storm Lake Community School District,105,1050,37.1,100,100,100,48.6,FALSE
Michigan,2609570,Chippewa Valley Schools,615,6150,37.1,100,100,100,47.3,FALSE
Michigan,2636300,Whitehall School District,70,700,37.1,100,100,91.4,50,FALSE
Minnesota,2713560,Hawley Public School District,35,350,37.1,100,77.1,37.1,100,FALSE
Nebraska,3174760,Ogallala Public Schools,35,350,37.1,100,97.1,68.6,40,FALSE
New York,3625170,Rush-Henrietta Central School District,221,2210,37.1,100,100,100,51.6,FALSE
South Carolina,4502310,Greenville County School District,4272,42720,37.1,100,97.1,100,41.3,FALSE
Alabama,100120,Athens City School District,227,2270,37,100,100,100,44.5,FALSE
Arkansas,500026,Pine Bluff School District,235,2350,37,100,100,100,43.8,FALSE
Connecticut,900900,Columbia School District,27,270,37,100,70.4,100,48.1,FALSE
Connecticut,901710,Greenwich School District,454,4540,37,100,100,100,37.7,FALSE
Florida,1201530,Pasco County School District,3519,35190,37,99.8,99.2,100,41.9,FALSE
Louisiana,2200090,Ascension Parish School District,1044,10440,37,99.8,99.9,100,47.5,FALSE
Missouri,2921100,Moberly School District,92,920,37,100,62,100,56.5,FALSE
Missouri,2926850,Rockwood R-VI School District,872,8720,37,100,89.4,100,38.8,FALSE
New York,3621330,Norwich City School District,73,730,37,100,100,98.6,100,FALSE
New York,3622470,Patchogue-Medford Union Free School District,292,2920,37,100,100,100,68.5,FALSE
Ohio,3904465,Port Clinton City School District,46,460,37,54.3,67.4,100,37,FALSE
Texas,4828550,Lufkin Independent School District,370,3700,37,100,90.5,100,40.8,FALSE
Wyoming,5601030,Carbon County School District 1,54,540,37,100,100,100,68.5,FALSE
Massachusetts,2503780,Cohasset School District,65,650,36.9,100,100,100,47.7,FALSE
New York,3618660,Massena Central School District,65,650,36.9,100,100,100,100,FALSE
Pennsylvania,4220580,South Fayette Township School District,111,1110,36.9,100,100,100,36.9,FALSE
Texas,4812810,Canyon Independent School District,488,4880,36.9,100,99.6,100,49.4,FALSE
Washington,5304260,Lakewood School District,141,1410,36.9,100,100,100,42.6,FALSE
California,628050,Oakland Unified School District,3033,30330,36.8,100,100,100,62.3,FALSE
Indiana,1809690,Merrillville Community School,277,2770,36.8,98.2,96,100,47.7,FALSE
Iowa,1922110,Ottumwa Community School District,209,2090,36.8,100,75.6,99.5,79.4,FALSE
Mississippi,2802670,Long Beach School District,133,1330,36.8,100,100,100,39.1,FALSE
Mississippi,2803030,Natchez-Adams School District,204,2040,36.8,78.4,98,100,43.6,FALSE
Nebraska,3178210,Wahoo Public Schools,57,570,36.8,100,96.5,100,49.1,FALSE
New York,3616680,Lancaster Central School District,239,2390,36.8,100,100,100,41,FALSE
New York,3627210,South Colonie Central School District,242,2420,36.8,100,100,100,62,FALSE
Ohio,3904518,Ada Exempted Village School District,19,190,36.8,100,100,100,36.8,FALSE
Ohio,3904674,Big Walnut Local School District,185,1850,36.8,100,92.4,100,36.8,FALSE
Oklahoma,4013230,Grand View Public School,19,190,36.8,78.9,100,100,52.6,FALSE
Pennsylvania,4206810,Cornell School District,38,380,36.8,100,100,100,50,FALSE
Texas,4812120,Burkburnett Independent School District,133,1330,36.8,100,80.5,100,60.2,FALSE
Texas,4819440,Floydada Collegiate Independent School District,38,380,36.8,44.7,57.9,100,36.8,FALSE
Vermont,5000431,Windham Southeast Unified Union School District 96,106,1060,36.8,100,91.5,92.5,46.2,FALSE
Washington,5308250,Spokane Public Schools,1507,15070,36.8,100,100,100,57.4,FALSE
California,636840,Simi Valley Unified School District,648,6480,36.7,100,100,100,47.4,FALSE
Indiana,1804560,Highland School Town,180,1800,36.7,100,100,100,58.9,FALSE
Michigan,2616410,Grand Ledge Public Schools,207,2070,36.7,100,100,98.6,39.6,FALSE
Minnesota,2713530,Hastings Public School District,210,2100,36.7,100,100,85.2,53.3,FALSE
Missouri,2918480,Lexington R-V School District,30,300,36.7,100,100,100,66.7,FALSE
New York,3630660,West Hempstead Union Free School District,158,1580,36.7,100,100,100,100,FALSE
Ohio,3904718,Chardon Local School District,98,980,36.7,100,87.8,100,41.8,FALSE
Texas,4808580,Aransas Pass Independent School District,79,790,36.7,100,100,100,100,FALSE
California,601620,ABC Unified School District,620,6200,36.6,100,100,100,93.2,FALSE
Colorado,805190,Lake County School District R-1,41,410,36.6,100,63.4,100,100,FALSE
Minnesota,2711190,Eden Valley-Watkins School District,41,410,36.6,100,100,39,100,FALSE
Texas,4821150,Goose Creek Consolidated Independent School District,1000,10000,36.6,100,94.7,99.9,61.9,FALSE
Connecticut,901620,Glastonbury School District,170,1700,36.5,100,100,100,37.1,FALSE
Connecticut,901800,Guilford School District,96,960,36.5,100,90.6,100,46.9,FALSE
Florida,1201920,Volusia County School District,2979,29790,36.5,99.5,99.7,99.8,42.2,FALSE
Illinois,1723050,Lincoln Community High School District 404,104,1040,36.5,100,100,99,100,FALSE
Massachusetts,2503750,Clinton School District,96,960,36.5,100,100,100,100,FALSE
Massachusetts,2506330,Hopkinton School District,137,1370,36.5,100,97.8,99.3,42.3,FALSE
Minnesota,2700182,Redwood Area School District,74,740,36.5,95.9,100,40.5,50,FALSE
Ohio,3910014,Riverside Local School District,263,2630,36.5,100,100,100,42.6,FALSE
Arkansas,507680,Helena-West Helena School District,110,1100,36.4,81.8,81.8,99.1,70.9,FALSE
California,620640,Lake Tahoe Unified School District,151,1510,36.4,100,100,100,37.7,FALSE
Kansas,2007260,Graham County Unified School District 281,11,110,36.4,36.4,36.4,100,100,FALSE
Maryland,2400330,Frederick County Public Schools,1953,19530,36.4,100,99.2,98.2,71.1,FALSE
Minnesota,2700379,Tri-City United School District,107,1070,36.4,100,100,39.3,100,FALSE
Minnesota,2711370,Elk River School District,693,6930,36.4,100,90.8,78.5,49.9,FALSE
Missouri,2908460,Chaffee R-II School District,33,330,36.4,87.9,100,100,36.4,FALSE
Nebraska,3176590,Shelby-Rising City Public Schools,11,110,36.4,100,45.5,54.5,90.9,FALSE
New Hampshire,3307300,Winnisquam Regional School District,44,440,36.4,100,100,100,36.4,FALSE
New York,3607770,Clinton Central School District,44,440,36.4,100,100,97.7,38.6,FALSE
Oklahoma,4002790,Allen-Bowden Public School,11,110,36.4,100,100,100,81.8,FALSE
Texas,4811110,Brady Independent School District,44,440,36.4,100,100,100,77.3,FALSE
Texas,4832640,New Waverly Independent School District,22,220,36.4,100,63.6,86.4,36.4,FALSE
California,609070,Coachella Valley Unified School District,444,4440,36.3,95.3,100,58.3,94.8,FALSE
Florida,1201440,Orange County School District,9874,98740,36.3,99.9,99.6,100,41.5,FALSE
Maryland,2400390,Harford County Public Schools,1721,17210,36.3,100,98.7,99.4,64.9,FALSE
Minnesota,2733510,St. Cloud Public School District,813,8130,36.3,100,93.1,92,70.4,FALSE
New York,3621240,North Tonawanda City School District,193,1930,36.3,100,100,100,68.9,FALSE
Oklahoma,4007740,Claremore Public Schools,171,1710,36.3,100,100,100,58.5,FALSE
Texas,4825660,Killeen Independent School District,2479,24790,36.3,100,96.7,100,55.9,FALSE
Missouri,2921510,Mountain Grove R-III School District,58,580,36.2,100,89.7,100,37.9,FALSE
New Hampshire,3303480,Hampstead School District,80,800,36.2,100,100,100,37.5,FALSE
New York,3602920,Amherst Central School District,199,1990,36.2,100,100,100,72.4,FALSE
Ohio,3904594,Minster Local School District,47,470,36.2,100,100,100,36.2,FALSE
Ohio,3904635,West Clermont Local School District,556,5560,36.2,100,95.7,100,47.1,FALSE
Oklahoma,4020250,Moore Public Schools,1063,10630,36.2,100,100,100,45.3,FALSE
Wisconsin,5503180,DeForest Area School District,188,1880,36.2,100,78.7,100,69.1,FALSE
California,626370,Mount Diablo Unified School District,2045,20450,36.1,100,100,100,54.9,FALSE
Illinois,1709300,Centralia High School District 200,166,1660,36.1,75.3,100,97.6,71.1,FALSE
Ohio,3904461,Orrville City School District,72,720,36.1,100,100,100,43.1,FALSE
Ohio,3904480,South-Western City School District,1354,13540,36.1,100,100,100,41.4,FALSE
Ohio,3904547,Marysville Exempted Village School District,208,2080,36.1,100,100,100,36.5,FALSE
Pennsylvania,4205400,Central Dauphin School District,601,6010,36.1,100,100,100,41.9,FALSE
Alabama,100008,Madison City School District,342,3420,36,100,100,100,42.7,FALSE
California,630330,Piedmont City Unified School District,75,750,36,100,100,100,98.7,FALSE
Georgia,1302550,Gwinnett County School District,7030,70300,36,100,100,100,40,FALSE
Illinois,1709930,Chicago Public School District 299,18044,180440,36,100,100,100,94.3,FALSE
Iowa,1924660,Rock Valley Community School District,25,250,36,100,52,100,36,FALSE
Kentucky,2102010,Franklin County School District,283,2830,36,100,100,100,65.7,FALSE
Maine,.,.,50,500,36,96,98,100,36,FALSE
Maine,2303510,Brewer,50,500,36,100,100,100,44,FALSE
Maine,2310380,Saco Public Schools,111,1110,36,100,91,93.7,41.4,FALSE
New Jersey,3412600,Passaic County Manchester Regional School District,139,1390,36,100,100,100,46,FALSE
Virginia,5101890,Henrico County Public Schools,2258,22580,36,100,98,100,43.7,FALSE
Massachusetts,2508730,North Attleborough School District,153,1530,35.9,100,100,100,43.8,FALSE
Massachusetts,2511880,Wachusett School District,276,2760,35.9,100,93.1,98.9,43.1,FALSE
Michigan,2618420,Holland City School District,217,2170,35.9,100,100,100,37.3,FALSE
New York,3620460,New Paltz Central School District,92,920,35.9,100,100,90.2,42.4,FALSE
Ohio,3904402,Galion City School District,64,640,35.9,100,100,100,46.9,FALSE
Oregon,4103940,David Douglas School District 40,390,3900,35.9,100,100,100,91.5,FALSE
Vermont,5004590,Hartford School District,64,640,35.9,100,84.4,82.8,35.9,FALSE
Iowa,1921870,Oskaloosa Community School District,123,1230,35.8,100,78,99.2,74.8,FALSE
Massachusetts,2501650,Abington School District,123,1230,35.8,100,100,100,48.8,FALSE
Massachusetts,2506090,Hingham School District,134,1340,35.8,100,100,100,44,FALSE
Missouri,2918540,Liberty 53 School District,413,4130,35.8,100,100,99.5,40.2,FALSE
New York,3618150,Maine-Endwell Central School District,109,1090,35.8,100,93.6,99.1,53.2,FALSE
New York,3623190,Plainedge Union Free School District,179,1790,35.8,100,100,100,74.9,FALSE
Pennsylvania,4214760,Marple Newtown School District,316,3160,35.8,100,100,100,35.8,FALSE
Pennsylvania,4222410,Southmoreland School District,67,670,35.8,94,100,100,41.8,FALSE
Utah,4901110,Wasatch School District,260,2600,35.8,100,100,100,98.8,FALSE
Wisconsin,5508850,Mauston School District,53,530,35.8,100,66,98.1,43.4,FALSE
Arkansas,505500,Dumas School District,42,420,35.7,100,100,100,42.9,FALSE
Arkansas,512960,Stuttgart School District,84,840,35.7,100,100,100,35.7,FALSE
Illinois,1705050,Barrington Community Unit School District 220,249,2490,35.7,100,94,100,38.2,FALSE
Iowa,1904680,Belmond-Klemme Community School District,28,280,35.7,100,78.6,100,35.7,FALSE
Iowa,1930750,West Branch Community School District,28,280,35.7,100,100,60.7,35.7,FALSE
New Hampshire,3305580,Pembroke School District,28,280,35.7,100,100,100,35.7,FALSE
New Mexico,3501500,Las Cruces Public Schools,1011,10110,35.7,99.2,98.6,99.8,51,FALSE
New Mexico,3501650,Los Alamos Public Schools,70,700,35.7,100,100,100,38.6,FALSE
Oklahoma,4008490,Commerce Public Schools,42,420,35.7,100,100,100,40.5,FALSE
Oklahoma,4011970,Fort Gibson Public Schools,70,700,35.7,100,100,100,68.6,FALSE
Texas,4815000,Conroe Independent School District,2891,28910,35.7,99.9,97.1,100,47.9,FALSE
Texas,4843720,Uvalde Consolidated Independent School District,185,1850,35.7,100,86.5,100,48.6,FALSE
Connecticut,902160,Ledyard School District,104,1040,35.6,100,87.5,100,45.2,FALSE
Connecticut,905280,Wolcott School District,101,1010,35.6,100,100,96,56.4,FALSE
Indiana,1810650,Hamilton Southeastern Schools,872,8720,35.6,100,100,100,38.6,FALSE
Missouri,2928950,Francis Howell R-III School District,710,7100,35.6,100,96.9,100,42,FALSE
New York,3623280,Plattsburgh City School District,73,730,35.6,100,100,72.6,72.6,FALSE
North Dakota,3813660,Nedrose Public School District 4,45,450,35.6,100,100,95.6,86.7,FALSE
Ohio,3910019,Marietta City School District,104,1040,35.6,100,100,99,35.6,FALSE
South Carolina,4503900,York School District 4,585,5850,35.6,100,100,100,38.3,FALSE
South Dakota,4676620,Watertown School District 14-4,163,1630,35.6,100,100,100,52.1,FALSE
Washington,5310110,Yakima School District,772,7720,35.6,100,100,100,51.3,FALSE
Arizona,408800,Tucson Unified District,2696,26960,35.5,99,99.8,99.9,47.6,FALSE
Indiana,1810290,South Bend Community School Corporation,1136,11360,35.5,100,100,100,61.8,FALSE
Minnesota,2711820,Farmington Public School District,389,3890,35.5,100,100,96.7,70.2,FALSE
Missouri,2923010,Oak Grove R-VI School District,62,620,35.5,100,100,100,37.1,FALSE
Ohio,3904505,West Carrollton City School District,110,1100,35.5,100,89.1,100,50,FALSE
Texas,4808090,Alvin Independent School District,1281,12810,35.5,100,97.2,99.8,38.4,FALSE
Texas,4836630,Red Lick Independent School District,31,310,35.5,100,100,100,35.5,FALSE
California,601650,Acalanes Union High School District,638,6380,35.4,100,100,100,37.5,FALSE
Massachusetts,2511740,Triton School District,82,820,35.4,100,90.2,100,63.4,FALSE
Minnesota,2713920,Hermantown Public School District,65,650,35.4,100,100,93.8,44.6,FALSE
Minnesota,2715750,Jordan Public School District,65,650,35.4,100,100,46.2,73.8,FALSE
Oklahoma,4008070,Clinton Public Schools,82,820,35.4,85.4,97.6,100,100,FALSE
Oregon,4102840,Central School District 13J,181,1810,35.4,100,100,95,99.4,FALSE
Texas,4815930,Crystal City Independent School District,48,480,35.4,79.2,41.7,100,35.4,FALSE
Illinois,1723920,Macomb Community Unit School District 185,68,680,35.3,100,69.1,100,45.6,FALSE
Illinois,1727710,Naperville Community Unit District 203,629,6290,35.3,100,97.5,100,50.6,FALSE
New Jersey,3405970,Glen Rock Borough School District,102,1020,35.3,100,100,100,35.3,FALSE
Oregon,4109270,Ontario School District 8,133,1330,35.3,88,100,100,38.3,FALSE
Texas,4832790,Nocona Independent School District,17,170,35.3,100,100,100,82.4,FALSE
Texas,4840710,Socorro Independent School District,2018,20180,35.3,99.7,99,100,79.9,FALSE
Arkansas,500044,Magnolia School District,128,1280,35.2,99.2,75,100,35.9,FALSE
California,600051,Gridley Unified School District,71,710,35.2,97.2,100,100,85.9,FALSE
Colorado,803990,Poudre School District R-1,1172,11720,35.2,100,99.9,99.4,48.5,FALSE
Iowa,1922470,Pella Community School District,91,910,35.2,100,80.2,100,35.2,FALSE
Louisiana,2201410,St. Bernard Parish School District,352,3520,35.2,99.7,98,100,60.2,FALSE
Michigan,2602550,Allendale Public School District,162,1620,35.2,100,100,98.8,38.3,FALSE
Pennsylvania,4217770,Northgate School District,88,880,35.2,100,100,100,63.6,FALSE
California,613800,Fillmore Unified School District,114,1140,35.1,100,100,100,42.1,FALSE
Indiana,1804770,Indianapolis Public Schools,2595,25950,35.1,100,100,100,50.8,FALSE
Iowa,1930900,West Delaware County Community School District,57,570,35.1,100,100,100,35.1,FALSE
Massachusetts,2512240,Webster School District,111,1110,35.1,100,100,92.8,52.3,FALSE
New York,3610590,Elmira Heights Central School District,57,570,35.1,100,100,100,100,FALSE
Ohio,3910009,Shelby City School District,94,940,35.1,100,100,100,36.2,FALSE
Ohio,3910030,Celina City School District,148,1480,35.1,85.8,100,100,38.5,FALSE
Oklahoma,4032790,Wilburton Public Schools,37,370,35.1,100,100,100,100,FALSE
California,635110,San Rafael City High School District,366,3660,35,99.7,100,82.2,52.7,FALSE
Florida,1201230,Manatee County School District,2195,21950,35,99.9,98.1,100,44.3,FALSE
Georgia,1304050,Peach County School District,180,1800,35,85.6,96.1,100,55,FALSE
Iowa,1904380,Baxter Community School District,20,200,35,100,100,100,35,FALSE
Iowa,1918720,Marshalltown Community School District,200,2000,35,100,100,100,51,FALSE
Kansas,2009240,Marion-Florence Unified School District 408,20,200,35,100,100,100,100,FALSE
Kansas,2012030,Sterling Unified School District 376,20,200,35,100,100,100,100,FALSE
Michigan,2604800,Bentley Community Schools,40,400,35,100,100,100,45,FALSE
Missouri,2931020,Warrensburg R-VI School District,120,1200,35,100,100,98.3,47.5,FALSE
New York,3608310,Copiague Union Free School District,283,2830,35,100,100,100,100,FALSE
Ohio,3904814,Columbia Local School District,20,200,35,100,80,100,35,FALSE
Tennessee,4700060,Alcoa City School District,120,1200,35,100,100,100,64.2,FALSE
Texas,4809630,Bay City Independent School District,226,2260,35,100,100,100,35,FALSE
Michigan,2627210,Owosso Public Schools,172,1720,34.9,100,100,100,42.4,FALSE
Ohio,3904917,Aurora City School District,146,1460,34.9,100,100,100,34.9,FALSE
Texas,4821780,Gregory-Portland Independent School District,189,1890,34.9,100,100,100,47.6,FALSE
Arkansas,510950,Osceola School District,46,460,34.8,80.4,87,100,100,FALSE
California,600159,Scott Valley Unified School District,23,230,34.8,100,100,69.6,100,FALSE
Illinois,1700110,North Chicago School District 187,187,1870,34.8,100,100,100,84,FALSE
Missouri,2926670,Riverview Gardens School District,296,2960,34.8,100,100,100,40.9,FALSE
New Hampshire,3303240,Goffstown School District,89,890,34.8,100,95.5,100,38.2,FALSE
New York,3618600,Cheektowaga-Maryvale Union Free School District,69,690,34.8,100,100,100,78.3,FALSE
Oklahoma,4019080,Marlow Public Schools,46,460,34.8,100,65.2,100,34.8,FALSE
Texas,4811790,Bryan Independent School District,843,8430,34.8,100,100,100,53.9,FALSE
Texas,4844890,Wellington Independent School District,23,230,34.8,100,69.6,100,52.2,FALSE
Alabama,102580,Opelika City School District,202,2020,34.7,100,100,100,35.1,FALSE
Massachusetts,2508700,North Andover School District,199,1990,34.7,100,100,100,51.3,FALSE
Missouri,2931680,West Plains R-VII School District,101,1010,34.7,100,71.3,99,48.5,FALSE
Ohio,3904449,Niles City School District,75,750,34.7,89.3,100,100,58.7,FALSE
Ohio,3904550,Milford Exempted Village School District,300,3000,34.7,100,100,100,36,FALSE
Oklahoma,4031350,Wagoner Public Schools,72,720,34.7,100,80.6,100,48.6,FALSE
California,609640,Conejo Valley Unified School District,789,7890,34.6,100,100,100,36,FALSE
Minnesota,2709510,Columbia Heights Public School District,240,2400,34.6,100,100,100,100,FALSE
New York,3626850,Sidney Central School District,81,810,34.6,97.5,97.5,97.5,37,FALSE
Ohio,3904349,Alliance City School District,153,1530,34.6,100,100,100,52.3,FALSE
Oregon,4103860,Dallas School District 2,159,1590,34.6,100,100,100,44.7,FALSE
Washington,5308670,Sunnyside School District,260,2600,34.6,95.8,100,100,45,FALSE
Wisconsin,5506660,Howards Grove School District,26,260,34.6,100,84.6,100,42.3,FALSE
Wyoming,5605695,Sheridan County School District 2,156,1560,34.6,100,100,100,37.2,FALSE
Massachusetts,2507530,Medfield School District,110,1100,34.5,100,100,100,34.5,FALSE
Massachusetts,2507920,Millis School District,55,550,34.5,100,100,100,58.2,FALSE
Mississippi,2800820,Booneville School District,29,290,34.5,51.7,100,100,34.5,FALSE
New York,3620160,Mount Pleasant Central School District,116,1160,34.5,100,100,100,36.2,FALSE
Pennsylvania,4210620,Gateway School District,226,2260,34.5,100,100,100,39.8,FALSE
South Dakota,4680441,Mobridge-Pollock School District 62-6,29,290,34.5,100,100,100,55.2,FALSE
Illinois,1740980,Washington Community High School District 308,128,1280,34.4,100,100,100,43,FALSE
Maryland,2400690,Wicomico County Public Schools,687,6870,34.4,99.9,97.2,96.1,49.5,FALSE
Michigan,2621840,Livonia Public Schools,709,7090,34.4,100,100,100,41.9,FALSE
New York,3631920,Yonkers City School District,1432,14320,34.4,100,100,100,99.4,FALSE
Ohio,3904361,Belpre City School District,32,320,34.4,100,100,100,37.5,FALSE
Ohio,3904425,London City School District,93,930,34.4,98.9,98.9,100,35.5,FALSE
Pennsylvania,4208580,East Pennsboro Area School District,125,1250,34.4,100,100,100,34.4,FALSE
Texas,4844150,Victoria Independent School District,697,6970,34.4,98,98.4,99.9,43.2,FALSE
Utah,4900720,Ogden School District,659,6590,34.4,100,100,100,67.1,FALSE
Alabama,101620,Gadsden City School District,233,2330,34.3,91.8,99.6,100,57.1,FALSE
Connecticut,900540,Brookfield School District,70,700,34.3,100,100,100,38.6,FALSE
Connecticut,903810,Ridgefield School District,143,1430,34.3,100,96.5,100,37.8,FALSE
Minnesota,2700022,Wadena-Deer Creek School District,70,700,34.3,100,100,55.7,100,FALSE
Missouri,2907120,Cape Girardeau 63 School District,271,2710,34.3,100,100,100,37.3,FALSE
Missouri,2923160,Orchard Farm R-V School District,99,990,34.3,100,69.7,100,55.6,FALSE
North Dakota,3817570,Stanley Public School District 2,35,350,34.3,100,100,65.7,65.7,FALSE
Texas,4831760,Mount Pleasant Independent School District,242,2420,34.3,100,61.6,100,63.6,FALSE
Illinois,1722830,Libertyville Community High School District 128,284,2840,34.2,100,100,100,37.3,FALSE
Massachusetts,2501800,Agawam School District,155,1550,34.2,100,100,100,91,FALSE
Mississippi,2803520,Pearl Public School District,190,1900,34.2,92.1,98.4,100,36.8,FALSE
New York,3631980,Yorktown Central School District,114,1140,34.2,100,100,100,36,FALSE
Texas,4836660,Red Oak Independent School District,231,2310,34.2,100,100,100,43.7,FALSE
Virginia,5100120,Alexandria City Public Schools,1253,12530,34.2,100,100,100,73.4,FALSE
California,629700,Palos Verdes Peninsula Unified School District,276,2760,34.1,100,100,100,34.8,FALSE
California,637500,South Pasadena Unified School District,167,1670,34.1,100,100,100,38.3,FALSE
Michigan,2618810,Hudson Area Schools,44,440,34.1,100,100,90.9,65.9,FALSE
Minnesota,2703450,Austin Public School District,252,2520,34.1,100,100,100,54.8,FALSE
Missouri,2928260,Sikeston R-VI School District,123,1230,34.1,100,100,95.9,87.8,FALSE
New York,3617730,Long Beach City School District,173,1730,34.1,100,100,100,97.1,FALSE
Ohio,3904352,Athens City School District,91,910,34.1,100,98.9,100,34.1,FALSE
South Carolina,4502340,Greenwood School District 50,352,3520,34.1,98,91.8,100,40.1,FALSE
Tennessee,4703240,Oak Ridge City School District,176,1760,34.1,96,82.4,100,41.5,FALSE
Connecticut,905130,Wilton School District,94,940,34,100,100,100,35.1,FALSE
Mississippi,2802340,Kosciusko School District,53,530,34,83,100,100,35.8,FALSE
Oregon,4106510,Hood River County School District 1,156,1560,34,85.3,100,100,41.7,FALSE
Illinois,1701413,Abingdon-Avon Community Unit School District 276,56,560,33.9,100,85.7,100,100,FALSE
Missouri,2923730,Raymore-Peculiar R-II School District,280,2800,33.9,100,92.5,99.6,51.8,FALSE
New Hampshire,3304410,Londonderry School District,171,1710,33.9,100,90.1,100,36.3,FALSE
Pennsylvania,4222770,State College Area School District,392,3920,33.9,100,90.6,100,40.8,FALSE
Connecticut,902550,Monroe School District,157,1570,33.8,100,100,100,33.8,FALSE
Minnesota,2733840,St. Paul Public School District,2367,23670,33.8,100,97.5,100,62.2,FALSE
North Dakota,3813030,Minot Public School District 1,438,4380,33.8,100,100,88.1,53.9,FALSE
Ohio,3904722,West Geauga Local School District,130,1300,33.8,100,100,100,34.6,FALSE
Ohio,3904990,Northwest Local School District,65,650,33.8,100,100,100,33.8,FALSE
Pennsylvania,4208010,Duquesne City School District,65,650,33.8,100,100,100,100,FALSE
Texas,4821360,Graham Independent School District,80,800,33.8,100,100,100,33.8,FALSE
Utah,4900142,Canyons School District,1712,17120,33.8,100,99.9,100,48.1,FALSE
Wisconsin,5507470,Kimberly Area School District,133,1330,33.8,100,81.2,100,72.9,FALSE
Louisiana,2200300,Caddo Parish School District,1759,17590,33.7,92,99.5,100,49.3,FALSE
New Jersey,3416740,Verona Borough School District,95,950,33.7,100,100,100,37.9,FALSE
Ohio,3904367,Bryan City School District,89,890,33.7,100,100,100,33.7,FALSE
Oregon,4106000,Gresham-Barlow School District 1J,569,5690,33.7,100,100,99.6,91.2,FALSE
California,637050,Soledad Unified School District,125,1250,33.6,100,100,100,100,FALSE
Illinois,1708370,Carbondale Community High School District 165,143,1430,33.6,87.4,78.3,100,53.8,FALSE
Illinois,1731110,Pekin Community High School District 303,265,2650,33.6,100,100,100,86.4,FALSE
Missouri,2901000,Columbia 93 School District,1007,10070,33.6,100,92.3,99.5,43.8,FALSE
New York,3602970,Amsterdam City School District,143,1430,33.6,83.2,99.3,100,51.7,FALSE
New York,3603930,Ballston Spa Central School District,122,1220,33.6,100,100,98.4,52.5,FALSE
New York,3604140,Beacon City School District,134,1340,33.6,100,100,100,67.9,FALSE
New York,3612720,Greenburgh Central School District,131,1310,33.6,100,100,100,56.5,FALSE
Ohio,3904734,Forest Hills Local School District,357,3570,33.6,100,93.6,100,36.1,FALSE
South Carolina,4503870,York School District 3,815,8150,33.6,99.1,98.8,99.9,36.2,FALSE
Texas,4827240,Levelland Independent School District,113,1130,33.6,83.2,79.6,100,100,FALSE
Arkansas,504590,Conway Public Schools,502,5020,33.5,100,100,100,34.3,FALSE
Illinois,1734990,Round Lake Community Unit School District 116,281,2810,33.5,100,100,100,59.4,FALSE
California,610860,Delano Joint Union High School District,458,4580,33.4,95.6,100,75.5,97.8,FALSE
Arizona,403730,Hayden-Winkelman Unified District,6,60,33.3,100,33.3,100,100,FALSE
California,639840,Trona Joint Unified School District,9,90,33.3,100,100,100,33.3,FALSE
Illinois,1710980,Coulterville Unit School District 1,6,60,33.3,33.3,100,66.7,100,FALSE
Illinois,1719320,Hinsdale Township High School District 86,504,5040,33.3,100,100,100,52.6,FALSE
Illinois,1722150,Lawrence County Community Unit District 20,33,330,33.3,100,100,100,100,FALSE
Illinois,1730870,Patoka Community Unit School District 100,3,30,33.3,100,33.3,100,100,TRUE
Iowa,1900026,South O'Brien Community School District,33,330,33.3,100,72.7,87.9,51.5,FALSE
Iowa,1919440,Missouri Valley Community School District,30,300,33.3,100,60,100,100,FALSE
Kansas,2004670,Cheney Unified School District 268,27,270,33.3,100,40.7,100,96.3,FALSE
Kansas,2007290,Durham-Hillsboro-Lehigh Unified School District 410,27,270,33.3,100,81.5,100,100,FALSE
Maine,2309330,Orrington,18,180,33.3,100,55.6,100,77.8,FALSE
Maine,2309630,Penobscot,3,30,33.3,100,100,100,33.3,TRUE
Massachusetts,2501920,Amherst-Pelham School District,111,1110,33.3,100,91,98.2,47.7,FALSE
Massachusetts,2504800,Fairhaven School District,54,540,33.3,100,100,100,38.9,FALSE
Massachusetts,2511460,Swansea School District,111,1110,33.3,100,95.5,100,43.2,FALSE
Michigan,2607890,Carman-Ainsworth Community School District,255,2550,33.3,98.4,100,100,53.3,FALSE
Michigan,2608010,Carney-Nadeau Public Schools,3,30,33.3,100,100,33.3,100,TRUE
Michigan,2615970,Gladstone Area Schools,69,690,33.3,100,100,100,43.5,FALSE
Minnesota,2791446,Tri-County School District,9,90,33.3,33.3,100,33.3,100,FALSE
Minnesota,2799997,School District Not Defined,3,30,33.3,100,100,100,66.7,TRUE
Nebraska,3179050,York Public Schools,42,420,33.3,100,57.1,100,100,FALSE
New Hampshire,3301350,Albany School District,3,30,33.3,100,100,100,33.3,TRUE
New Jersey,3404770,Englewood Cliffs Borough School District,24,240,33.3,100,100,100,33.3,FALSE
New Jersey,3410770,Morris Plains Borough School District,39,390,33.3,100,100,100,35.9,FALSE
New Jersey,3410860,Mount Arlington Borough School District,33,330,33.3,100,81.8,100,33.3,FALSE
New Jersey,3414730,Sea Girt Borough School District,3,30,33.3,100,100,100,33.3,TRUE
New Jersey,3415240,South Hackensack Township School District,12,120,33.3,100,100,100,100,FALSE
New Jersey,3415540,Spotswood Borough School District,90,900,33.3,100,100,100,34.4,FALSE
New Jersey,3417850,Weymouth Township School District,3,30,33.3,100,33.3,100,100,TRUE
New York,3602880,Amagansett Union Free School District,3,30,33.3,100,33.3,100,100,TRUE
New York,3617380,Lindenhurst Union Free School District,300,3000,33.3,100,100,100,100,FALSE
New York,3626670,Shenendehowa Central School District,381,3810,33.3,100,100,100,35.4,FALSE
North Dakota,3817170,South Prairie Public School District 70,3,30,33.3,100,66.7,100,100,TRUE
North Dakota,3818600,Twin Buttes Public School District 37,3,30,33.3,33.3,100,100,100,TRUE
Ohio,3904406,Girard City School District,66,660,33.3,100,100,100,34.8,FALSE
Ohio,3904617,Brown Local School District,12,120,33.3,100,100,91.7,41.7,FALSE
Ohio,3904947,Ontario Local School District,51,510,33.3,100,76.5,100,60.8,FALSE
Oklahoma,4009810,Dewey Public Schools,12,120,33.3,91.7,33.3,100,33.3,FALSE
Oklahoma,4011760,Flower Mound Public School,3,30,33.3,100,100,100,33.3,TRUE
Oklahoma,4017310,Leach Public School,3,30,33.3,66.7,33.3,66.7,100,TRUE
Oklahoma,4027420,Shady Grove Public School,6,60,33.3,50,100,100,100,FALSE
Oklahoma,4032970,Wister Public Schools,3,30,33.3,100,66.7,66.7,66.7,TRUE
Pennsylvania,4204230,Bristol Township School District,348,3480,33.3,100,100,100,36.2,FALSE
Pennsylvania,4214310,Loyalsock Township School District,45,450,33.3,100,100,100,33.3,FALSE
South Dakota,4606960,Big Stone City School District 25-1,3,30,33.3,100,33.3,33.3,33.3,TRUE
Tennessee,4799997,School District Not Defined,9,90,33.3,100,66.7,100,44.4,FALSE
Texas,4800006,Aspermont Independent School District,6,60,33.3,100,100,100,33.3,FALSE
Texas,4816980,Dew Independent School District,3,30,33.3,100,33.3,100,100,TRUE
Texas,4818390,Elkhart Independent School District,24,240,33.3,45.8,45.8,95.8,37.5,FALSE
Texas,4829700,McCamey Independent School District,3,30,33.3,66.7,33.3,100,100,TRUE
Texas,4832970,North Hopkins Independent School District,3,30,33.3,100,100,66.7,100,TRUE
Texas,4839300,Santa Gertrudis Independent School District,6,60,33.3,100,100,100,100,FALSE
Texas,4845330,Westphalia Independent School District,3,30,33.3,100,100,100,33.3,TRUE
Vermont,5000419,Mettawee School District,3,30,33.3,100,33.3,33.3,100,TRUE
Vermont,5002850,Cabot School District,3,30,33.3,100,66.7,66.7,66.7,TRUE
Washington,5303180,Granger School District,39,390,33.3,53.8,100,100,35.9,FALSE
Washington,5308100,South Bend School District,9,90,33.3,100,33.3,100,33.3,FALSE
California,632550,West Contra Costa Unified School District,1513,15130,33.2,100,100,99.7,88.1,FALSE
Florida,1201500,Palm Beach County School District,8969,89690,33.2,99,99.7,100,39.9,FALSE
New Jersey,3417610,West Orange Town School District,286,2860,33.2,100,100,100,39.5,FALSE
North Carolina,3700240,Asheboro City Schools,247,2470,33.2,100,100,100,42.9,FALSE
Georgia,1301740,DeKalb County School District,5414,54140,33.1,100,99.6,100,45.5,FALSE
Mississippi,2801090,Clinton Public School District,263,2630,33.1,97.7,100,100,36.9,FALSE
Ohio,3904695,Hamilton Local School District,139,1390,33.1,100,85.6,100,56.8,FALSE
Pennsylvania,4219650,Pottsgrove School District,124,1240,33.1,100,100,100,41.9,FALSE
Delaware,1000080,Appoquinimink School District,433,4330,33,100,93.8,98.4,38.6,FALSE
Oklahoma,4022800,Okmulgee Public Schools,94,940,33,89.4,100,96.8,40.4,FALSE
Pennsylvania,4224480,Upper Merion Area School District,336,3360,33,100,100,100,43.5,FALSE
New York,3604050,Bath Central School District,70,700,32.9,100,100,100,100,FALSE
Texas,4814850,Community Independent School District,173,1730,32.9,100,84.4,100,35.3,FALSE
Texas,4820250,Galena Park Independent School District,773,7730,32.9,100,100,100,64.8,FALSE
Illinois,1739960,Urbana School District 116,235,2350,32.8,100,92.8,100,49.8,FALSE
Connecticut,901230,East Hampton School District,104,1040,32.7,100,93.3,94.2,37.5,FALSE
Maine,2314787,Regional School Unit 13,49,490,32.7,87.8,100,100,34.7,FALSE
Mississippi,2801050,Clarksdale Municipal School District,113,1130,32.7,87.6,100,100,32.7,FALSE
North Dakota,3819020,Wahpeton Public School District 37,55,550,32.7,100,100,49.1,43.6,FALSE
Ohio,3904448,New Philadelphia City School District,165,1650,32.7,100,93.9,100,38.8,FALSE
Ohio,3904515,Xenia Community City School District,217,2170,32.7,100,85.7,100,33.2,FALSE
Ohio,3904993,Plain Local School District,281,2810,32.7,100,100,100,36.3,FALSE
Texas,4824060,Hurst-Euless-Bedford Independent School District,1249,12490,32.7,100,100,100,48.8,FALSE
Minnesota,2728170,Pelican Rapids Public School District,43,430,32.6,100,100,65.1,100,FALSE
New Jersey,3406390,Haddonfield Borough School District,135,1350,32.6,100,100,100,52.6,FALSE
New York,3617670,Lockport City School District,181,1810,32.6,100,100,100,70.7,FALSE
North Dakota,3800014,Bismarck Public School District 1,669,6690,32.6,100,100,99.3,37.4,FALSE
Georgia,1303870,Muscogee County School District,1546,15460,32.5,100,100,100,45.5,FALSE
Pennsylvania,4223640,Tredyffrin-Easttown School District,231,2310,32.5,100,100,100,32.5,FALSE
South Carolina,4501440,Charleston County School District,2690,26900,32.5,99.7,95.5,100,38.2,FALSE
Wisconsin,5507530,La Crosse School District,329,3290,32.5,97,98.8,99.4,63.2,FALSE
Illinois,1712870,Dwight Township High School District 230,37,370,32.4,100,37.8,100,100,FALSE
Louisiana,2201530,St. John the Baptist Parish School District,287,2870,32.4,97.6,97.6,100,35.5,FALSE
Michigan,2622200,Ludington Area School District,108,1080,32.4,100,100,66.7,83.3,FALSE
New Jersey,3413800,Ridgefield Park Township School District,136,1360,32.4,100,100,100,47.8,FALSE
California,601409,Bishop Unified School District,62,620,32.3,100,100,100,53.2,FALSE
Connecticut,901290,East Haven School District,155,1550,32.3,100,100,100,89,FALSE
Ohio,3904811,Avon Local School District,167,1670,32.3,100,100,100,40.7,FALSE
Arizona,400001,Cave Creek Unified District,208,2080,32.2,100,100,100,33.7,FALSE
California,600045,Orland Joint Unified School District,152,1520,32.2,100,100,32.2,100,FALSE
Colorado,803450,Douglas County School District RE-1,2342,23420,32.2,100,98.8,99.7,42.1,FALSE
Louisiana,2201170,Orleans Parish School District,2419,24190,32.2,100,99.5,100,54.7,FALSE
Massachusetts,2506780,Leominster School District,289,2890,32.2,100,100,100,90,FALSE
Ohio,3904564,Wauseon Exempted Village School District,59,590,32.2,100,100,100,40.7,FALSE
Oklahoma,4010590,Edmond Public Schools,1130,11300,32.2,100,99.8,100,45.1,FALSE
Oklahoma,4030600,Union Public Schools,702,7020,32.2,100,100,100,84.2,FALSE
Illinois,1732100,Polo Community Unit School District 222,28,280,32.1,100,32.1,100,100,FALSE
New Hampshire,3302340,Claremont School District,81,810,32.1,100,100,100,67.9,FALSE
New York,3620820,Niagara Falls City School District,296,2960,32.1,100,100,100,99.3,FALSE
Ohio,3905002,Hudson City School District,221,2210,32.1,100,95,100,32.1,FALSE
Oklahoma,4004680,Blanchard Public Schools,56,560,32.1,100,60.7,100,51.8,FALSE
Oregon,4105610,Gladstone School District 115,28,280,32.1,100,100,100,96.4,FALSE
Pennsylvania,4205010,Carlisle Area School District,187,1870,32.1,100,100,98.9,34.8,FALSE
Texas,4841430,Stanton Independent School District,28,280,32.1,100,100,100,78.6,FALSE
Wisconsin,5515120,Two Rivers School District,78,780,32.1,100,62.8,100,37.2,FALSE
California,633860,Saddleback Valley Unified School District,1386,13860,32,100,100,100,40,FALSE
Indiana,1813080,Westfield-Washington Schools,413,4130,32,100,98.5,100,33.7,FALSE
Michigan,2619470,Ironwood Area Schools,25,250,32,100,96,92,52,FALSE
Minnesota,2716980,Kasson-Mantorville School District,122,1220,32,100,100,68,54.1,FALSE
Missouri,2916190,Jefferson City Public Schools,459,4590,32,100,99.8,100,32.7,FALSE
New Hampshire,3304980,Nashua School District,653,6530,32,100,99.5,100,35.2,FALSE
New Hampshire,3307170,Windham School District,100,1000,32,100,93,100,42,FALSE
New Jersey,3412570,Passaic Valley Regional School District,181,1810,32,100,100,100,64.1,FALSE
Pennsylvania,4219710,Pottsville Area School District,147,1470,32,100,100,100,70.1,FALSE
Pennsylvania,4224060,Union Area School District,25,250,32,100,100,100,32,FALSE
Texas,4820600,Georgetown Independent School District,591,5910,32,100,100,100,39.8,FALSE
Arizona,405930,Paradise Valley Unified District,1695,16950,31.9,100,100,100,38.4,FALSE
California,609570,Colusa Unified School District,47,470,31.9,100,100,36.2,100,FALSE
California,637530,South San Francisco Unified School District,423,4230,31.9,100,100,100,38.3,FALSE
North Dakota,3818850,Valley City Public School District 2,47,470,31.9,100,100,100,31.9,FALSE
Ohio,3904382,Coshocton City School District,69,690,31.9,100,100,100,31.9,FALSE
Pennsylvania,4222050,South Middleton School District,113,1130,31.9,100,100,100,34.5,FALSE
Rhode Island,4400330,East Providence School District,342,3420,31.9,100,100,100,60.2,FALSE
Utah,4900360,Granite School District,3358,33580,31.9,100,100,100,74.8,FALSE
Alabama,102550,Oneonta City School District,22,220,31.8,95.5,100,100,31.8,FALSE
Alabama,103581,Orange Beach City School District,22,220,31.8,100,68.2,100,36.4,FALSE
Arizona,404970,Mesa Unified District,3545,35450,31.8,99.8,100,100,55.5,FALSE
California,629490,Pajaro Valley Joint Unified School District,768,7680,31.8,98.7,100,53.8,96.5,FALSE
Indiana,1805400,Lafayette School Corporation,469,4690,31.8,100,100,100,39.9,FALSE
Massachusetts,2506240,Holliston School District,66,660,31.8,100,89.4,100,37.9,FALSE
Nebraska,3100132,Thayer Central Community Schools,22,220,31.8,100,40.9,100,31.8,FALSE
Ohio,3904364,Brecksville-Broadview Heights City School District,195,1950,31.8,100,99.5,100,36.4,FALSE
Ohio,3904483,Stow-Munroe Falls City School District,305,3050,31.8,100,100,100,35.7,FALSE
Washington,5307710,Seattle Public Schools,3746,37460,31.8,100,99.6,100,49.8,FALSE
Massachusetts,2502310,Barnstable School District,249,2490,31.7,100,100,72.7,76.3,FALSE
Massachusetts,2509030,Norwell School District,104,1040,31.7,100,100,100,34.6,FALSE
Minnesota,2714970,Hutchinson Public School District,123,1230,31.7,100,100,68.3,36.6,FALSE
New Jersey,3408100,Lacey Township School District,189,1890,31.7,100,97.4,100,33.3,FALSE
New Jersey,3414400,Rumson-Fair Haven Regional School District,82,820,31.7,100,100,100,73.2,FALSE
New York,3631710,Hewlett-Woodmere Union Free School District,126,1260,31.7,100,100,100,69,FALSE
Pennsylvania,4225950,Wyoming Valley West School District,328,3280,31.7,100,100,100,32.3,FALSE
Texas,4824100,Hutto Independent School District,479,4790,31.7,100,100,100,43,FALSE
California,601339,Hamilton Unified School District,19,190,31.6,31.6,100,31.6,100,FALSE
Illinois,1741690,Indian Prairie Community Unit School District 204,964,9640,31.6,100,97.1,100,44.4,FALSE
New Jersey,3414550,Salem City School District,76,760,31.6,100,97.4,100,100,FALSE
Ohio,3904660,Solon City School District,152,1520,31.6,100,99.3,100,32.2,FALSE
Virginia,5103930,Waynesboro City Public Schools,171,1710,31.6,100,100,100,70.2,FALSE
Alabama,100194,Pelham City School District,111,1110,31.5,100,93.7,100,38.7,FALSE
Georgia,1301170,Clarke County School District,730,7300,31.5,100,99.6,100,47.9,FALSE
Massachusetts,2510770,Shrewsbury School District,222,2220,31.5,100,100,100,54.5,FALSE
Michigan,2609900,Clarkston Community School District,248,2480,31.5,100,100,99.2,33.5,FALSE
New Jersey,3414340,Roxbury Township School District,130,1300,31.5,100,100,100,32.3,FALSE
New York,3611760,Garden City Union Free School District,111,1110,31.5,100,100,100,86.5,FALSE
New York,3622680,Pelham Union Free School District,92,920,31.5,100,100,100,92.4,FALSE
Oklahoma,4020970,Muskogee Public Schools,276,2760,31.5,100,90.2,100,63.8,FALSE
Texas,4830420,Mexia Independent School District,73,730,31.5,100,100,100,31.5,FALSE
Indiana,1808850,Peru Community Schools,51,510,31.4,88.2,100,100,43.1,FALSE
Michigan,2603900,Bangor Township Schools,70,700,31.4,100,100,98.6,65.7,FALSE
Michigan,2625020,Negaunee Public Schools,51,510,31.4,100,100,100,68.6,FALSE
Nebraska,3103810,Bellevue Public Schools,392,3920,31.4,100,93.6,99.7,61.5,FALSE
Tennessee,4700690,Cleveland City School District,338,3380,31.4,100,99.7,100,43.2,FALSE
Texas,4808670,Argyle Independent School District,175,1750,31.4,100,100,100,37.7,FALSE
Texas,4809720,Beeville Independent School District,121,1210,31.4,100,100,100,33.9,FALSE
Virginia,5101860,Harrisonburg City Public Schools,341,3410,31.4,100,92.1,100,49,FALSE
Wyoming,5604510,Natrona County School District 1,579,5790,31.4,100,98.3,99.7,42.8,FALSE
Illinois,1715900,Freeport School District 145,179,1790,31.3,100,100,99.4,100,FALSE
Maine,2303780,Brunswick,150,1500,31.3,100,98,100,35.3,FALSE
Massachusetts,2501780,Hoosac Valley School District,67,670,31.3,100,100,49.3,91,FALSE
New Jersey,3406540,Hamilton Township School District,662,6620,31.3,100,100,100,46.7,FALSE
Oklahoma,4030240,Tulsa Public Schools,2406,24060,31.3,100,97.5,99.9,81.5,FALSE
South Carolina,4502130,Florence School District 1,763,7630,31.3,99.5,94.1,99.7,36.4,FALSE
Texas,4826580,Lamar Consolidated Independent School District,1770,17700,31.3,100,95,100,39.7,FALSE
Colorado,803060,Colorado Springs School District 11,1438,14380,31.2,100,100,100,47.6,FALSE
Nebraska,3176450,Schuyler Community Schools,80,800,31.2,100,56.2,100,52.5,FALSE
New Jersey,3405820,Gateway Regional School District,138,1380,31.2,100,88.4,100,90.6,FALSE
New Jersey,3409270,Old Bridge Township School District,356,3560,31.2,100,97.8,100,43.8,FALSE
New York,3614970,Hudson Falls Central School District,109,1090,31.2,100,100,97.2,91.7,FALSE
Pennsylvania,4219890,Quakertown Community School District,240,2400,31.2,100,100,100,31.7,FALSE
Pennsylvania,4222560,Spring-Ford Area School District,311,3110,31.2,100,100,100,32.2,FALSE
Illinois,1705640,Belleville Township High School District 201,627,6270,31.1,100,94.1,99.5,78,FALSE
Maine,2302640,Augusta,135,1350,31.1,100,100,99.3,34.1,FALSE
Minnesota,2702970,Albert Lea Public School District,122,1220,31.1,100,86.1,59,100,FALSE
New Jersey,3407530,Hopewell Valley Regional School District,135,1350,31.1,100,95.6,100,34.8,FALSE
Arkansas,502430,Arkadelphia School District,87,870,31,100,100,100,31,FALSE
California,634380,San Dieguito Union High School District,1189,11890,31,100,100,100,32.9,FALSE
Michigan,2604470,Bedford Public Schools,213,2130,31,100,100,100,37.1,FALSE
Michigan,2611610,Dearborn Heights School District 7,100,1000,31,100,100,100,50,FALSE
New Hampshire,3304830,Milford School District,142,1420,31,100,97.9,100,33.8,FALSE
New Jersey,3404320,East Windsor Regional School District,258,2580,31,100,100,100,32.2,FALSE
Tennessee,4702700,Maryville City School District,155,1550,31,100,98.1,100,32.9,FALSE
Texas,4828680,Mabank Independent School District,113,1130,31,81.4,74.3,100,33.6,FALSE
Connecticut,902280,Madison School District,68,680,30.9,100,100,100,36.8,FALSE
Michigan,2611550,DeWitt Public Schools,123,1230,30.9,100,100,100,30.9,FALSE
Minnesota,2703060,Alexandria Public School District,207,2070,30.9,100,94.2,40.6,66.2,FALSE
Pennsylvania,4226300,Wilkes-Barre Area School District,388,3880,30.9,100,100,100,31.7,FALSE
Tennessee,4702130,Johnson City School District,363,3630,30.9,100,100,100,44.1,FALSE
Texas,4811310,Bridge City Independent School District,110,1100,30.9,100,100,100,30.9,FALSE
Kansas,2008100,Kinsley-Offerle Unified School District 347,13,130,30.8,100,100,30.8,100,FALSE
Massachusetts,2507050,Ludlow School District,65,650,30.8,100,100,100,41.5,FALSE
Massachusetts,2513050,Wilmington School District,159,1590,30.8,100,100,100,56,FALSE
Minnesota,2718940,Marshall Public School District,120,1200,30.8,100,100,53.3,60,FALSE
New Jersey,3400840,Alpha Borough School District,13,130,30.8,100,100,100,92.3,FALSE
Oregon,4105910,Grants Pass School District 7,260,2600,30.8,98.1,100,100,49.2,FALSE
Rhode Island,4400030,Barrington School District,117,1170,30.8,100,100,100,59,FALSE
Texas,4841580,Plemons-Stinnett-Phillips Consolidated Independent School District,26,260,30.8,100,80.8,100,61.5,FALSE
Alabama,101800,Huntsville City School District,1485,14850,30.7,100,100,100,37.7,FALSE
Colorado,802910,Cherry Creek School District 5,2115,21150,30.7,100,99.9,100,59.7,FALSE
Michigan,2630450,Saginaw Township Community Schools,254,2540,30.7,100,100,100,47.6,FALSE
Minnesota,2700124,Fairmont Area School District,75,750,30.7,100,69.3,34.7,69.3,FALSE
New Jersey,3408940,Long Branch City School District,228,2280,30.7,100,63.2,100,100,FALSE
Ohio,3904657,Olmsted Falls City School District,140,1400,30.7,100,100,100,31.4,FALSE
Alabama,102640,Ozark City School District,62,620,30.6,91.9,82.3,100,30.6,FALSE
California,638790,Tamalpais Union High School District,677,6770,30.6,100,100,98.7,40.3,FALSE
New Jersey,3401320,Bedminster Township School District,36,360,30.6,100,100,100,30.6,FALSE
Georgia,1304410,Rockdale County School District,591,5910,30.5,99.2,99.3,100,33.7,FALSE
Massachusetts,2501860,Amesbury School District,95,950,30.5,100,100,100,41.1,FALSE
Massachusetts,2506930,Lincoln-Sudbury School District,203,2030,30.5,100,98.5,100,36.5,FALSE
Massachusetts,2507230,Mansfield School District,177,1770,30.5,100,100,100,40.7,FALSE
Massachusetts,2510620,Sharon School District,128,1280,30.5,100,100,100,38.3,FALSE
Ohio,3905042,Springboro Community City School District,275,2750,30.5,100,99.3,100,30.5,FALSE
Alabama,101980,Lanett City School District,46,460,30.4,71.7,100,100,32.6,FALSE
California,601331,Trinity Alps Unified School District,23,230,30.4,100,100,39.1,39.1,FALSE
California,618930,Jefferson Union High School District,744,7440,30.4,100,100,100,53.1,FALSE
Florida,1200150,Brevard County School District,3248,32480,30.4,99.8,99,100,36.1,FALSE
Illinois,1737980,Stockton Community Unit School District 206,23,230,30.4,100,30.4,100,100,FALSE
Illinois,1742060,Wethersfield Community Unit School District 230,23,230,30.4,100,56.5,100,100,FALSE
Missouri,2908370,Fort Zumwalt R-II School District,830,8300,30.4,100,99.8,100,32.8,FALSE
New Jersey,3418330,Woodstown-Pilesgrove Regional School District,46,460,30.4,100,37,100,41.3,FALSE
Ohio,3904694,Canal Winchester Local School District,224,2240,30.4,100,100,100,30.8,FALSE
Pennsylvania,4204830,Cameron County School District,23,230,30.4,100,100,100,30.4,FALSE
Colorado,802850,Center School District 26-JT,33,330,30.3,30.3,100,100,100,FALSE
Iowa,1920460,New London Community School District,33,330,30.3,100,100,100,30.3,FALSE
Michigan,2632340,Southgate Community School District,195,1950,30.3,100,100,100,30.3,FALSE
Ohio,3904468,Ravenna City School District,109,1090,30.3,100,100,100,47.7,FALSE
Pennsylvania,4215510,Minersville Area School District,33,330,30.3,100,100,100,30.3,FALSE
Texas,4810910,Bosqueville Independent School District,33,330,30.3,100,97,100,30.3,FALSE
Virginia,5101510,Fredericksburg City Public Schools,218,2180,30.3,100,99.1,100,59.6,FALSE
Indiana,1801200,Carmel Clay Schools,609,6090,30.2,100,100,100,34.2,FALSE
Michigan,2632250,South Lyon Community Schools,374,3740,30.2,100,100,100,30.7,FALSE
New Jersey,3404440,Edgewater Borough School District,96,960,30.2,100,100,100,60.4,FALSE
Ohio,.,.,43,430,30.2,100,100,100,53.5,FALSE
Ohio,3904399,Fostoria City School District,106,1060,30.2,100,100,100,100,FALSE
Ohio,3904858,St. Henry Consolidated Local School District,63,630,30.2,100,100,100,92.1,FALSE
Ohio,3904986,Lake Local School District,106,1060,30.2,100,100,100,30.2,FALSE
Florida,1200480,Duval County School District,7532,75320,30.1,99.9,99.8,100,33.9,FALSE
New Hampshire,3303930,Hudson School District,113,1130,30.1,100,88.5,98.2,55.8,FALSE
Oklahoma,4033480,Yukon Public Schools,399,3990,30.1,100,97.2,100,58.4,FALSE
Oregon,4111720,St. Helens School District 502,146,1460,30.1,100,100,100,38.4,FALSE
Arkansas,509840,Monticello School District,60,600,30,100,95,100,30,FALSE
Iowa,1920830,North Kossuth Community School District,10,100,30,100,40,100,30,FALSE
Massachusetts,2509000,Norton School District,90,900,30,93.3,100,100,41.1,FALSE
Massachusetts,2525013,Mount Greylock/New Lebanon (NY) School Districts in Hancock (7-12),10,100,30,100,40,80,100,FALSE
Michigan,2624570,Morenci Area Schools,20,200,30,100,100,100,60,FALSE
Minnesota,2705660,Bird Island-Olivia-Lake Lillian Public School District,30,300,30,93.3,100,43.3,80,FALSE
Missouri,2912780,Gideon 37 School District,10,100,30,100,100,30,100,FALSE
Nebraska,3173830,Minden Public Schools,30,300,30,100,100,46.7,63.3,FALSE
Nebraska,3174850,O'Neill Public Schools,30,300,30,100,66.7,63.3,33.3,FALSE
New Jersey,3408340,Lawnside Borough School District,10,100,30,100,100,100,50,FALSE
Ohio,3904393,Eaton Community City School District,80,800,30,100,100,100,30,FALSE
Oklahoma,4003630,Bartlesville Public Schools,320,3200,30,100,99.7,100,48.1,FALSE
Oklahoma,4032040,Waynoka Public Schools,20,200,30,100,100,100,30,FALSE
Oregon,4104740,Eugene School District 4J,811,8110,30,99.3,100,100,47.6,FALSE
Texas,4821000,Goldthwaite Consolidated Independent School District,10,100,30,100,100,100,30,FALSE
Texas,4823850,Hughes Springs Independent School District,30,300,30,100,80,100,66.7,FALSE
Texas,4826130,La Joya Independent School District,929,9290,30,96.1,70.1,100,57.4,FALSE
Texas,4843470,Tyler Independent School District,1061,10610,30,100,99.9,100,35.6,FALSE
Colorado,805400,Thompson School District R-2J,772,7720,29.9,100,99.2,99.9,53.1,FALSE
Connecticut,904740,Wallingford School District,274,2740,29.9,100,100,100,40.9,FALSE
Florida,1200420,DeSoto County School District,214,2140,29.9,100,100,100,71,FALSE
Georgia,1304380,Richmond County School District,1688,16880,29.9,100,98.7,100,41.9,FALSE
Kentucky,2102990,Jefferson County School District,5716,57160,29.9,100,99.9,100,36.3,FALSE
Kentucky,2105700,Walton-Verona Independent School District,77,770,29.9,100,100,100,29.9,FALSE
New Jersey,3416870,Wallkill Valley Regional School District,107,1070,29.9,100,83.2,100,57,FALSE
New York,3615570,Ithaca City School District,204,2040,29.9,98.5,97.5,96.1,48,FALSE
New York,3628200,Three Village Central School District,231,2310,29.9,100,100,100,33.8,FALSE
Ohio,3904460,Oregon City School District,107,1070,29.9,100,100,100,43,FALSE
Oregon,4111290,Sherwood School District 88J,204,2040,29.9,100,100,100,35.8,FALSE
Texas,4824260,Iowa Park Consolidated Independent School District,77,770,29.9,100,100,100,31.2,FALSE
California,610350,Cutler-Orosi Joint Unified School District,124,1240,29.8,100,100,100,100,FALSE
Massachusetts,2513170,Winthrop School District,94,940,29.8,100,100,100,100,FALSE
Ohio,3904488,Tallmadge City School District,124,1240,29.8,100,100,100,40.3,FALSE
Texas,4822970,Henderson Independent School District,104,1040,29.8,94.2,78.8,100,38.5,FALSE
California,630660,Placentia-Yorba Linda Unified School District,1041,10410,29.7,100,100,100,39.1,FALSE
Massachusetts,2502400,Bedford School District,101,1010,29.7,100,98,100,29.7,FALSE
New Jersey,3403240,Clementon Borough School District,37,370,29.7,100,100,100,56.8,FALSE
New York,3612180,Glen Cove City School District,195,1950,29.7,100,100,100,57.4,FALSE
North Carolina,3702430,Kannapolis City Schools,232,2320,29.7,100,100,100,54.7,FALSE
Ohio,3904438,Medina City School District,256,2560,29.7,100,100,100,32.4,FALSE
Arkansas,502960,Benton School District,196,1960,29.6,100,100,100,31.1,FALSE
California,627720,Novato Unified School District,291,2910,29.6,100,100,95.2,44,FALSE
Connecticut,904170,South Windsor School District,189,1890,29.6,100,100,100,39.2,FALSE
Iowa,1931950,Woodbury Central Community School District,27,270,29.6,100,100,100,100,FALSE
Kentucky,2104980,Raceland-Worthington Independent School District,27,270,29.6,100,85.2,100,29.6,FALSE
Minnesota,2700466,Rock Ridge Public Schools,98,980,29.6,100,98,89.8,40.8,FALSE
New York,3603480,Auburn City School District,226,2260,29.6,100,100,100,43.8,FALSE
New York,3621480,Nyack Union Free School District,108,1080,29.6,100,100,100,59.3,FALSE
Ohio,3904700,Reynoldsburg City School District,378,3780,29.6,100,100,100,32.3,FALSE
Oklahoma,4005520,Broken Bow Public Schools,54,540,29.6,55.6,50,100,46.3,FALSE
South Dakota,4680430,Yankton School District 63-3,125,1250,29.6,100,100,97.6,40.8,FALSE
Texas,4816770,Denver City Independent School District,27,270,29.6,100,88.9,100,100,FALSE
Texas,4818300,El Paso Independent School District,2529,25290,29.6,97.3,98.5,100,64.3,FALSE
Texas,4840440,Slaton Independent School District,54,540,29.6,100,100,100,92.6,FALSE
Arizona,403040,Fountain Hills Unified District,61,610,29.5,100,100,100,34.4,FALSE
Michigan,2610080,Clintondale Community Schools,95,950,29.5,100,100,100,69.5,FALSE
Ohio,3904351,Ashtabula Area City School District,166,1660,29.5,100,81.3,100,29.5,FALSE
South Carolina,4503360,Richland School District 1,1347,13470,29.5,99.8,98.7,100,38.9,FALSE
Alabama,103420,Tuscumbia City School District,34,340,29.4,100,100,100,32.4,FALSE
Missouri,2913140,Grandview C-4 School District,231,2310,29.4,100,100,100,33.8,FALSE
Nebraska,3178810,Winnebago Public Schools,17,170,29.4,29.4,29.4,100,29.4,FALSE
New York,3619020,Bellmore-Merrick Central High School District,490,4900,29.4,100,100,98.8,75.7,FALSE
Oklahoma,4004020,Berryhill Public Schools,17,170,29.4,100,47.1,100,100,FALSE
Oregon,4108010,McMinnville School District 40,197,1970,29.4,98,100,100,39.1,FALSE
Pennsylvania,4214250,Methacton School District,201,2010,29.4,100,100,100,29.4,FALSE
Texas,4809280,Baird Independent School District,17,170,29.4,100,29.4,100,29.4,FALSE
Virginia,5103300,Roanoke City Public Schools,748,7480,29.4,100,99.5,100,59.4,FALSE
California,634860,San Marino Unified School District,75,750,29.3,100,100,100,42.7,FALSE
Connecticut,901170,East Granby School District,41,410,29.3,100,95.1,100,39,FALSE
Louisiana,2200540,East Baton Rouge Parish School District,2815,28150,29.3,99.7,99.9,100,41,FALSE
Michigan,2615450,Galesburg-Augusta Community School District,41,410,29.3,100,100,100,34.1,FALSE
Ohio,3904787,Kirtland Local School District,41,410,29.3,100,100,100,29.3,FALSE
Texas,4821720,Greenville Independent School District,225,2250,29.3,100,76,100,42.7,FALSE
Texas,4841190,Spring Hill Independent School District,41,410,29.3,100,100,100,34.1,FALSE
Alabama,102430,Montgomery County School District,1838,18380,29.2,98.1,98.8,100,34.4,FALSE
Colorado,806960,Trinidad School District 1,65,650,29.2,69.2,100,100,72.3,FALSE
Illinois,1740800,Warren Township High School District 121,274,2740,29.2,100,100,99.6,46.4,FALSE
Ohio,3904387,Delaware City School District,260,2600,29.2,100,100,100,38.1,FALSE
Pennsylvania,4221330,Sharon City School District,89,890,29.2,100,100,100,85.4,FALSE
Texas,4813230,Cedar Hill Independent School District,319,3190,29.2,100,99.7,100,38.2,FALSE
Texas,4830120,Melissa Independent School District,154,1540,29.2,100,95.5,100,29.9,FALSE
Washington,5304980,Mercer Island School District,96,960,29.2,100,100,100,33.3,FALSE
Wisconsin,5508700,Marinette School District,72,720,29.2,100,77.8,100,83.3,FALSE
California,634590,San Jose Unified School District,1688,16880,29.1,100,100,100,63.9,FALSE
Iowa,1908730,Decorah Community School District,55,550,29.1,100,100,94.5,38.2,FALSE
Iowa,1930240,Washington Community School District,86,860,29.1,100,100,100,39.5,FALSE
Kentucky,2101860,Fayette County School District,2189,21890,29.1,100,100,100,34.2,FALSE
Rhode Island,4400240,Cranston School District,522,5220,29.1,100,100,100,71.6,FALSE
Virginia,5102340,Lynchburg City Public Schools,574,5740,29.1,100,99.7,100,39.5,FALSE
Illinois,1711850,Decatur School District 61,420,4200,29,100,89.5,100,80.7,FALSE
Iowa,1907350,Clarinda Community School District,31,310,29,100,100,100,48.4,FALSE
Massachusetts,2505490,Greenfield School District,100,1000,29,100,100,100,58,FALSE
Minnesota,2709420,Cloquet Public School District,107,1070,29,90.7,90.7,57.9,45.8,FALSE
New Hampshire,3305310,Newport School District,31,310,29,100,100,93.5,51.6,FALSE
New York,3619410,Miller Place Union Free School District,31,310,29,100,100,100,29,FALSE
Pennsylvania,4203480,Berwick Area School District,124,1240,29,100,100,100,30.6,FALSE
Pennsylvania,4218590,Penn Hills School District,255,2550,29,100,100,100,38.8,FALSE
Massachusetts,2509270,Oxford School District,45,450,28.9,100,100,75.6,68.9,FALSE
New Jersey,3408760,Little Ferry Borough School District,45,450,28.9,100,100,100,100,FALSE
New Jersey,3417430,West Deptford Township School District,97,970,28.9,100,81.4,100,90.7,FALSE
New Mexico,3502250,Roswell Independent Schools,429,4290,28.9,100,100,99.5,37.5,FALSE
New York,3615090,Huntington Union Free School District,142,1420,28.9,100,100,100,37.3,FALSE
New York,3615810,Jericho Union Free School District,83,830,28.9,100,100,100,42.2,FALSE
New York,3628950,Troy City School District,190,1900,28.9,100,100,100,58.4,FALSE
Utah,4900510,Logan School District,443,4430,28.9,100,100,100,100,FALSE
Wyoming,5601980,Laramie County School District 1,612,6120,28.9,100,100,100,40.8,FALSE
California,600052,Eureka City Unified School District,208,2080,28.8,100,100,91.8,82.2,FALSE
California,609940,Cotati-Rohnert Park Unified School District,340,3400,28.8,100,100,99.1,42.4,FALSE
New Jersey,3414940,Shore Regional School District,132,1320,28.8,100,94.7,100,73.5,FALSE
Ohio,3904869,Trotwood-Madison City School District,132,1320,28.8,100,100,100,38.6,FALSE
Texas,4831890,Muleshoe Independent School District,66,660,28.8,100,100,100,100,FALSE
California,640980,Ventura Unified School District,704,7040,28.7,100,100,100,40.2,FALSE
Massachusetts,2512930,Whitman-Hanson School District,157,1570,28.7,100,96.2,100,63.7,FALSE
New Jersey,3418060,Winslow Township School District,258,2580,28.7,100,93.8,100,40.7,FALSE
Ohio,3904416,Kent City School District,136,1360,28.7,100,100,100,52.2,FALSE
Kansas,2003570,Attica Unified School District 511,7,70,28.6,100,28.6,42.9,100,FALSE
Michigan,2606900,Brimley Area Schools,35,350,28.6,40,100,91.4,91.4,FALSE
Michigan,2618480,Holt Public Schools,220,2200,28.6,100,100,99.5,38.2,FALSE
Michigan,2628740,Pontiac City School District,597,5970,28.6,100,100,100,46.1,FALSE
Minnesota,2704470,Benson Public School District,42,420,28.6,100,100,42.9,100,FALSE
Missouri,2928140,North Shelby School District,14,140,28.6,100,42.9,42.9,100,FALSE
Nebraska,3100034,Ashland-Greenwood Public Schools,21,210,28.6,100,47.6,38.1,33.3,FALSE
Nebraska,3105520,Crawford Public Schools,7,70,28.6,100,28.6,28.6,100,FALSE
New Hampshire,3304260,Lincoln-Woodstock School District,7,70,28.6,100,100,42.9,28.6,FALSE
New Jersey,3401410,Belmar Borough School District,7,70,28.6,100,100,100,57.1,FALSE
New York,3609960,East Rockaway Union Free School District,49,490,28.6,100,100,100,36.7,FALSE
Oklahoma,4031770,Watonga Public Schools,14,140,28.6,42.9,42.9,100,100,FALSE
South Dakota,4680190,Woonsocket School District 55-4,14,140,28.6,100,71.4,100,50,FALSE
Texas,4820190,Fort Stockton Independent School District,84,840,28.6,100,100,100,28.6,FALSE
Connecticut,904620,Trumbull School District,326,3260,28.5,100,100,100,35.9,FALSE
Illinois,1740440,Community High School District 94,267,2670,28.5,100,83.9,100,67.4,FALSE
Ohio,3910017,Bedford City School District,144,1440,28.5,100,100,100,38.9,FALSE
California,620670,Lakeport Unified School District,74,740,28.4,100,100,100,100,FALSE
California,636270,Selma Unified School District,222,2220,28.4,100,100,100,100,FALSE
Mississippi,2800570,Bay St. Louis-Waveland School District,67,670,28.4,79.1,100,100,41.8,FALSE
Ohio,3904923,Streetsboro City School District,102,1020,28.4,100,98,100,28.4,FALSE
Texas,4822530,Harlingen Consolidated Independent School District,782,7820,28.4,100,100,100,51.9,FALSE
Wisconsin,5515810,Waunakee Community School District,134,1340,28.4,100,82.1,100,35.1,FALSE
New Jersey,3409000,Lopatcong Township School District,53,530,28.3,100,100,100,41.5,FALSE
New York,3607980,Cohoes City School District,92,920,28.3,100,100,100,90.2,FALSE
New York,3609840,East Meadow Union Free School District,279,2790,28.3,100,100,98.9,83.9,FALSE
Ohio,3904599,St. Clairsville-Richland City School District,60,600,28.3,95,98.3,100,35,FALSE
Wisconsin,5509810,Monona Grove School District,152,1520,28.3,100,88.8,100,55.9,FALSE
Wisconsin,5512000,Port Washington-Saukville School District,113,1130,28.3,100,100,100,62.8,FALSE
Connecticut,904920,West Hartford School District,401,4010,28.2,100,99.3,100,34.2,FALSE
Massachusetts,2504440,East Bridgewater School District,71,710,28.2,100,100,100,42.3,FALSE
Michigan,2603690,Avondale School District,174,1740,28.2,100,100,100,29.9,FALSE
New Mexico,3500030,Alamogordo Public Schools,393,3930,28.2,99,100,99,31.8,FALSE
New York,3610680,Elwood Union Free School District,110,1100,28.2,100,100,100,32.7,FALSE
Ohio,3904795,South Point Local School District,71,710,28.2,98.6,98.6,100,78.9,FALSE
Texas,4817640,Duncanville Independent School District,698,6980,28.2,100,100,100,46.6,FALSE
Arizona,407750,Deer Valley Unified District,1885,18850,28.1,100,100,100,32.3,FALSE
Iowa,1907590,Clear Creek-Amana Community School District,167,1670,28.1,100,91.6,89.8,48.5,FALSE
Massachusetts,2512630,Westfield School District,203,2030,28.1,100,100,98,47.8,FALSE
Michigan,2619620,Jackson Public Schools,423,4230,28.1,100,100,100,41.8,FALSE
Minnesota,2732880,Sauk Rapids-Rice Public Schools,185,1850,28.1,100,100,47.6,73,FALSE
Minnesota,2738160,Stewartville Public School District,64,640,28.1,100,100,35.9,60.9,FALSE
New York,3613230,Haldane Central School District,32,320,28.1,100,100,100,31.2,FALSE
South Carolina,4500900,Anderson School District 5,516,5160,28.1,100,95.3,100,35.5,FALSE
South Dakota,4636990,Dakota Valley School District 61-8,32,320,28.1,81.2,100,100,31.2,FALSE
Tennessee,4700152,Arlington Community School District,114,1140,28.1,100,99.1,100,28.9,FALSE
Texas,4829280,Mason Independent School District,32,320,28.1,100,100,100,40.6,FALSE
Alabama,100011,Leeds City School District,82,820,28,100,75.6,100,79.3,FALSE
California,637830,St. Helena Unified School District,25,250,28,100,100,100,28,FALSE
Maine,2314100,Yarmouth,50,500,28,100,100,100,38,FALSE
Michigan,2619530,Ishpeming Public School District,50,500,28,100,100,100,100,FALSE
Nebraska,3178520,Wayne Community Schools,50,500,28,100,100,58,100,FALSE
Texas,4835760,Premont Independent School District,25,250,28,100,52,100,100,FALSE
Nebraska,3100098,Gering Public Schools,68,680,27.9,100,55.9,100,48.5,FALSE
New Jersey,3413350,Pompton Lakes Borough School District,61,610,27.9,100,100,100,41,FALSE
Tennessee,4700151,Germantown Municipal School District,340,3400,27.9,100,100,100,31.5,FALSE
Texas,4829820,McGregor Independent School District,43,430,27.9,100,72.1,100,34.9,FALSE
Washington,5304230,Lake Washington School District,1587,15870,27.9,100,99.9,100,32.7,FALSE
Connecticut,905040,Westport School District,212,2120,27.8,100,100,100,28.3,FALSE
Illinois,1720760,Kankakee School District 111,209,2090,27.8,100,82.8,100,98.1,FALSE
Iowa,1905790,Burlington Community School District,158,1580,27.8,100,100,44.9,49.4,FALSE
Iowa,1920910,North Polk Community School District,36,360,27.8,100,75,100,33.3,FALSE
Massachusetts,2506690,Lee School District,18,180,27.8,100,94.4,77.8,38.9,FALSE
Missouri,2929170,Central R-III School District,90,900,27.8,100,100,100,27.8,FALSE
Nebraska,3171940,Holdrege Public Schools,54,540,27.8,100,100,100,33.3,FALSE
New Jersey,3412210,Oldmans Township School District,18,180,27.8,100,100,100,38.9,FALSE
North Carolina,3703210,Mount Airy City Schools,72,720,27.8,100,100,100,27.8,FALSE
Texas,4822740,Haskell Consolidated Independent School District,18,180,27.8,100,50,100,27.8,FALSE
California,601410,Lammersville Joint Unified School District,195,1950,27.7,100,100,72.3,100,FALSE
Massachusetts,2502460,Bellingham School District,94,940,27.7,100,100,100,53.2,FALSE
Massachusetts,2505730,Hampden-Wilbraham School District,83,830,27.7,100,90.4,100,37.3,FALSE
Michigan,2602520,Allen Park Public Schools,83,830,27.7,100,100,100,30.1,FALSE
New York,3611970,Geneva City School District,119,1190,27.7,100,100,100,63.9,FALSE
California,600013,Rocklin Unified School District,434,4340,27.6,100,100,100,37.6,FALSE
Massachusetts,2502670,Billerica School District,185,1850,27.6,100,100,100,37.3,FALSE
New Jersey,3405610,Freehold Regional School District,1063,10630,27.6,100,96.6,100,33.6,FALSE
New York,3613740,Harrison Central School District,163,1630,27.6,100,100,100,42.9,FALSE
North Carolina,3702640,Lexington City Schools,174,1740,27.6,99.4,100,100,32.2,FALSE
Ohio,3904350,Ashland City School District,127,1270,27.6,100,97.6,100,29.9,FALSE
Oregon,4107280,Lakeview School District 7,29,290,27.6,100,100,100,100,FALSE
Texas,4815180,Lubbock-Cooper Independent School District,323,3230,27.6,100,98.8,100,31.3,FALSE
Texas,4841520,Stephenville Independent School District,185,1850,27.6,100,98.9,99.5,30.3,FALSE
West Virginia,5400180,Cabell County School District,597,5970,27.6,99.2,98,86.4,54.6,FALSE
Alabama,102490,Mountain Brook City School District,207,2070,27.5,100,100,100,33.3,FALSE
Connecticut,902400,Meriden School District,426,4260,27.5,100,100,100,58.2,FALSE
Illinois,1709420,Champaign Community Unit School District 4,612,6120,27.5,100,100,100,59.6,FALSE
Illinois,1737080,Springfield School District 186,764,7640,27.5,100,87.6,100,60.1,FALSE
Minnesota,2728050,Owatonna Public School District,193,1930,27.5,100,100,45.1,71,FALSE
Ohio,3904464,Piqua City School District,120,1200,27.5,100,100,100,35,FALSE
California,699011,Santa Cruz City High School District (6-12),234,2340,27.4,100,100,100,41,FALSE
Indiana,1800450,Beech Grove City Schools,113,1130,27.4,100,100,100,54,FALSE
Michigan,2604830,Benton Harbor Area Schools,230,2300,27.4,97.4,100,99.6,66.1,FALSE
New York,3618270,Manhasset Union Free School District,62,620,27.4,100,100,100,37.1,FALSE
Ohio,3904439,Miamisburg City School District,339,3390,27.4,99.7,94.4,100,36.3,FALSE
California,600049,Coast Unified School District,22,220,27.3,100,100,100,100,FALSE
Indiana,1807320,Muncie Community Schools,337,3370,27.3,100,100,100,34.1,FALSE
Iowa,1909540,Dunkerton Community School District,11,110,27.3,100,36.4,36.4,100,FALSE
Iowa,1911070,Estherville Lincoln Central Community School District,33,330,27.3,100,81.8,81.8,27.3,FALSE
Iowa,1912330,Garner-Hayfield-Ventura Community School District,44,440,27.3,100,97.7,43.2,81.8,FALSE
Michigan,2629520,Reese Public Schools,22,220,27.3,100,100,86.4,27.3,FALSE
Nebraska,3100118,Fillmore Central Public Schools,33,330,27.3,100,57.6,100,48.5,FALSE
New Hampshire,3302670,Dresden School District,33,330,27.3,100,90.9,100,27.3,FALSE
New Jersey,3403900,Deptford Township School District,216,2160,27.3,100,93.1,100,89.4,FALSE
New Jersey,3407230,Hillsborough Township School District,242,2420,27.3,100,97.9,100,31,FALSE
New York,3631800,Wyandanch Union Free School District,11,110,27.3,100,100,100,100,FALSE
Texas,4821590,Granger Independent School District,11,110,27.3,100,27.3,100,100,FALSE
Wisconsin,5514640,Sun Prairie Area School District,286,2860,27.3,100,82.9,100,40.6,FALSE
Maine,2311370,School Administrative District 35,92,920,27.2,100,87,96.7,54.3,FALSE
Massachusetts,2511010,Southbridge School District,103,1030,27.2,100,100,86.4,62.1,FALSE
Minnesota,2733790,St. Michael-Albertville School District,217,2170,27.2,100,100,75.1,41.9,FALSE
New York,3620700,Newburgh City School District,360,3600,27.2,100,100,99.4,60,FALSE
Texas,4819830,Frenship Independent School District,486,4860,27.2,100,98.1,100,45.3,FALSE
Wisconsin,5508520,Madison Metropolitan School District,1509,15090,27.2,100,94,100,54.3,FALSE
Georgia,1301290,Cobb County School District,4824,48240,27.1,100,100,100,30.6,FALSE
Iowa,1908520,Dallas Center-Grimes Community School District,107,1070,27.1,100,82.2,100,30.8,FALSE
New Hampshire,3306060,Salem School District,144,1440,27.1,100,100,100,31.9,FALSE
New Jersey,3404560,Egg Harbor Township School District,339,3390,27.1,100,92.9,100,36.9,FALSE
Washington,5301320,Clarkston School District,144,1440,27.1,100,100,100,50,FALSE
Wisconsin,5505610,Grafton School District,70,700,27.1,100,85.7,100,65.7,FALSE
Arkansas,505680,El Dorado School District,185,1850,27,100,100,100,27,FALSE
Illinois,1708280,Canton Union School District 66,74,740,27,100,67.6,98.6,28.4,FALSE
Minnesota,2709720,Crookston Public School District,63,630,27,100,100,30.2,85.7,FALSE
New York,3620490,New Rochelle City School District,433,4330,27,100,100,100,47.1,FALSE
Ohio,3904560,Rossford Exempted Village School District,89,890,27,100,98.9,100,30.3,FALSE
Arkansas,503320,Blytheville School District,119,1190,26.9,100,100,100,71.4,FALSE
Georgia,1305070,Towns County School District,52,520,26.9,84.6,51.9,100,75,FALSE
Illinois,1708580,Carrier Mills-Stonefort Community Unit School District,26,260,26.9,100,100,100,42.3,FALSE
Illinois,1719560,Homewood-Flossmoor Community High School District 233,260,2600,26.9,100,100,100,66.5,FALSE
Massachusetts,2504500,East Longmeadow School District,93,930,26.9,100,100,100,35.5,FALSE
Michigan,2604260,Bay City School District,368,3680,26.9,100,100,95.7,34.8,FALSE
Michigan,2624690,Mount Clemens Community School District,119,1190,26.9,100,100,100,36.1,FALSE
Missouri,2904620,Belton 124 School District,219,2190,26.9,100,100,99.1,48.4,FALSE
New Hampshire,3301380,Allenstown School District,26,260,26.9,100,100,100,26.9,FALSE
New Jersey,3405490,Franklin Township School District,476,4760,26.9,100,100,100,38.4,FALSE
Ohio,3904727,Bellbrook-Sugarcreek Local School District,93,930,26.9,100,100,100,26.9,FALSE
Texas,4811700,Brownwood Independent School District,134,1340,26.9,100,96.3,100,51.5,FALSE
Texas,4812420,Calallen Independent School District,182,1820,26.9,100,100,100,34.6,FALSE
Texas,4823010,Hereford Independent School District,182,1820,26.9,100,96.2,100,100,FALSE
Colorado,804800,Jefferson County School District R-1,3343,33430,26.8,100,99,99.8,47.8,FALSE
Nebraska,3176470,Scottsbluff Public Schools,138,1380,26.8,100,62.3,100,34.1,FALSE
New Hampshire,3303090,Franklin School District,41,410,26.8,97.6,87.8,97.6,39,FALSE
Ohio,3904561,Tipp City Exempted Village School District,82,820,26.8,100,100,100,26.8,FALSE
Texas,4837650,Rockwall Independent School District,679,6790,26.8,100,100,100,32.3,FALSE
Arkansas,506120,Fayetteville School District,670,6700,26.7,100,100,100,28.4,FALSE
Illinois,1712090,Depue Community Unit School District 103,15,150,26.7,100,26.7,100,100,FALSE
Iowa,1918510,Maquoketa Community School District,60,600,26.7,100,100,100,26.7,FALSE
Iowa,1931110,West Monona Community School District,30,300,26.7,100,100,96.7,30,FALSE
Minnesota,2742160,Wayzata Public School District,682,6820,26.7,100,100,100,31.4,FALSE
Mississippi,2800198,Greenwood-Leflore Consolidated School District,255,2550,26.7,49.8,100,100,34.9,FALSE
Ohio,3905025,Weathersfield Local School District,15,150,26.7,86.7,93.3,100,40,FALSE
Texas,4814070,Cisco Independent School District,30,300,26.7,100,100,100,73.3,FALSE
Texas,4836180,Quanah Independent School District,15,150,26.7,26.7,26.7,100,100,FALSE
Texas,4838820,San Diego Independent School District,30,300,26.7,100,26.7,100,100,FALSE
Wisconsin,5502430,Cedar Grove-Belgium Area School District,30,300,26.7,100,100,100,26.7,FALSE
Georgia,1301230,Clayton County School District,2558,25580,26.6,100,99.6,100,33.8,FALSE
Maryland,2400120,Baltimore County Public Schools,5814,58140,26.6,100,100,100,57.7,FALSE
Michigan,2635520,Waverly Community Schools,128,1280,26.6,100,100,100,28.1,FALSE
Missouri,2927830,Sedalia 200 School District,286,2860,26.6,87.4,100,100,30.8,FALSE
New York,3612510,Great Neck Union Free School District,319,3190,26.6,100,100,100,54.2,FALSE
Ohio,3905004,Nordonia Hills City School District,173,1730,26.6,100,100,100,26.6,FALSE
Florida,1200870,Hillsborough County School District,10268,102680,26.5,99.3,99.9,98.3,36.2,FALSE
Iowa,1914640,Indianola Community School District,136,1360,26.5,100,100,99.3,33.1,FALSE
Kentucky,2100150,Ashland Independent School District,132,1320,26.5,100,91.7,100,31.8,FALSE
Maine,2310500,Sanford,162,1620,26.5,100,100,97.5,29,FALSE
Michigan,2620280,Kenowa Hills Public Schools,196,1960,26.5,100,100,98,31.6,FALSE
Oklahoma,4010740,Elk City Public Schools,102,1020,26.5,100,75.5,100,30.4,FALSE
Pennsylvania,4222800,Steelton-Highspire School District,49,490,26.5,100,100,100,26.5,FALSE
California,628270,Ojai Unified School District,110,1100,26.4,100,100,100,63.6,FALSE
Georgia,1301830,Dougherty School District,647,6470,26.4,98.9,97.5,99.8,34.9,FALSE
Illinois,1727570,Mundelein Consolidated High School District 120,307,3070,26.4,100,95.1,100,44.3,FALSE
Iowa,1909480,Dubuque Community School District,598,5980,26.4,100,100,99.7,30.4,FALSE
Michigan,2629460,Redford Union School District,140,1400,26.4,100,100,100,48.6,FALSE
Nebraska,3176560,Seward Public Schools,87,870,26.4,100,100,100,32.2,FALSE
Pennsylvania,4209780,Fleetwood Area School District,72,720,26.4,100,100,100,31.9,FALSE
Iowa,1926820,Southeast Polk Community School District,316,3160,26.3,100,99.1,100,38.9,FALSE
New Jersey,3417700,West Windsor-Plainsboro Regional School District,297,2970,26.3,100,100,100,33,FALSE
North Carolina,3702190,Hickory City Schools,190,1900,26.3,95.3,100,100,53.2,FALSE
North Dakota,3808890,Harvey Public School District 38,19,190,26.3,100,100,73.7,47.4,FALSE
Connecticut,902700,New Canaan School District,145,1450,26.2,100,100,100,26.2,FALSE
Mississippi,2802610,Leland School District,42,420,26.2,100,100,100,26.2,FALSE
Pennsylvania,4226250,Whitehall-Coplay School District,221,2210,26.2,100,100,100,37.6,FALSE
Virginia,5103460,Salem City Public Schools,149,1490,26.2,100,100,100,28.9,FALSE
Illinois,1711370,Community High School District 155,629,6290,26.1,100,100,100,33.5,FALSE
Michigan,2614610,Forest Hills Public Schools,337,3370,26.1,100,100,100,28.8,FALSE
New York,3620850,Niagara-Wheatfield Central School District,138,1380,26.1,100,100,100,37.7,FALSE
Ohio,3905019,Liberty Local School District,134,1340,26.1,100,100,100,36.6,FALSE
Oklahoma,4026880,Sand Springs Public Schools,161,1610,26.1,100,73.3,100,46,FALSE
Oklahoma,4029380,Tahlequah Public Schools,115,1150,26.1,54.8,94.8,100,31.3,FALSE
Texas,4824600,Jarrell Independent School District,142,1420,26.1,100,96.5,100,29.6,FALSE
Texas,4842960,Tomball Independent School District,852,8520,26.1,100,95.5,100,28.6,FALSE
Indiana,1805670,Lawrence Township Metropolitan School District,860,8600,26,100,93.4,100,28.1,FALSE
Nebraska,3103600,Beatrice Public Schools,96,960,26,95.8,94.8,53.1,34.4,FALSE
New Jersey,3401050,Audubon Borough School District,77,770,26,100,100,100,63.6,FALSE
North Dakota,3800021,Jamestown Public School District 1,104,1040,26,100,100,45.2,41.3,FALSE
Arkansas,508040,West Memphis School District,232,2320,25.9,100,100,100,31.9,FALSE
California,635130,San Ramon Valley Unified School District,910,9100,25.9,100,100,98.9,32.5,FALSE
Georgia,1302280,Fulton County School District,4167,41670,25.9,100,99.6,100,28.9,FALSE
Massachusetts,2505220,Georgetown School District,58,580,25.9,100,100,100,65.5,FALSE
North Dakota,3816130,Rugby Public School District 5,27,270,25.9,100,100,55.6,25.9,FALSE
Tennessee,4701500,Greeneville City School District,112,1120,25.9,100,78.6,100,33,FALSE
Texas,4816230,Dallas Independent School District,9078,90780,25.9,100,94.7,100,61.7,FALSE
Wisconsin,5507320,Kenosha School District,817,8170,25.9,100,99.8,100,58.8,FALSE
Illinois,1731230,Peoria School District 150,745,7450,25.8,99.2,100,100,59.5,FALSE
Iowa,1906510,Cedar Falls Community School District,236,2360,25.8,100,100,99.2,28.8,FALSE
Missouri,2918690,Lindbergh School District,283,2830,25.8,100,83,100,36.4,FALSE
North Carolina,3700930,Clinton City Schools,120,1200,25.8,71.7,100,100,33.3,FALSE
Vermont,5007530,Springfield School District,31,310,25.8,100,32.3,87.1,25.8,FALSE
California,633750,Rowland Unified School District,599,5990,25.7,100,100,100,56.1,FALSE
Iowa,1914340,Hudson Community School District,35,350,25.7,100,54.3,100,57.1,FALSE
Michigan,2600005,Battle Creek Public Schools,334,3340,25.7,100,100,100,28.4,FALSE
Minnesota,2703180,Anoka-Hennepin Public School District,1828,18280,25.7,100,91.8,94.4,55.4,FALSE
Texas,4819560,Forney Independent School District,642,6420,25.7,100,98.9,100,34.7,FALSE
California,601414,Santa Barbara Unified School District,496,4960,25.6,100,100,100,45.4,FALSE
New Hampshire,3302640,Dover School District,160,1600,25.6,100,100,100,25.6,FALSE
New Jersey,3400009,Somerset Hills Regional School District,78,780,25.6,100,100,100,26.9,FALSE
New Jersey,3415480,Southern Regional School District,176,1760,25.6,100,76.1,100,49.4,FALSE
New York,3616830,Lawrence Union Free School District,363,3630,25.6,100,100,100,100,FALSE
North Carolina,3700270,Asheville City Schools,207,2070,25.6,91.8,100,100,34.8,FALSE
Wisconsin,5500270,Altoona School District,82,820,25.6,100,84.1,100,75.6,FALSE
Massachusetts,2501710,Acton-Boxborough Regional School District,102,1020,25.5,100,100,100,29.4,FALSE
Minnesota,2732820,Sartell-St. Stephen School District,184,1840,25.5,100,100,54.9,73.9,FALSE
New Jersey,3402460,Burlington Township School District,145,1450,25.5,100,79.3,100,80,FALSE
Ohio,3904997,Woodridge Local School District,102,1020,25.5,100,100,100,25.5,FALSE
Wisconsin,5504050,Eau Claire Area School District,466,4660,25.5,100,74,100,42.9,FALSE
Alabama,101230,Dothan City School District,535,5350,25.4,100,100,100,31.4,FALSE
Alabama,101760,Homewood City School District,272,2720,25.4,100,100,100,41.9,FALSE
Illinois,1705310,Beardstown Community Unit School District 15,59,590,25.4,100,62.7,100,100,FALSE
Texas,4812180,Burleson Independent School District,456,4560,25.4,100,100,100,33.3,FALSE
Alabama,102700,Phenix City City School District,277,2770,25.3,100,99.6,100,27.4,FALSE
Delaware,1001080,Milford School District,253,2530,25.3,100,100,99.6,34.8,FALSE
Indiana,1805370,Kokomo-Center Township Consolidated School Corporation,304,3040,25.3,100,99.7,100,59.5,FALSE
Massachusetts,2505790,Hanover School District,75,750,25.3,100,88,100,34.7,FALSE
Ohio,3904360,Berea City School District,360,3600,25.3,100,100,100,45,FALSE
Ohio,3910029,Wadsworth City School District,150,1500,25.3,100,100,100,31.3,FALSE
Texas,4836540,Raymondville Independent School District,95,950,25.3,100,54.7,100,25.3,FALSE
Wyoming,5600730,Albany County School District 1,190,1900,25.3,100,100,100,33.7,FALSE
Arizona,403400,Gilbert Unified District,1705,17050,25.2,100,100,100,35,FALSE
Pennsylvania,4226850,York Suburban School District,127,1270,25.2,100,100,100,29.1,FALSE
Texas,4832370,New Braunfels Independent School District,428,4280,25.2,100,100,100,25.7,FALSE
Massachusetts,2508910,Northborough-Southborough School District,167,1670,25.1,100,92.8,100,38.3,FALSE
Minnesota,2741460,Waconia Public School District,175,1750,25.1,100,100,69.7,33.1,FALSE
Texas,4840080,Sherman Independent School District,446,4460,25.1,98.2,96.9,100,41,FALSE
Arkansas,512540,Southside School District,32,320,25,100,53.1,100,71.9,FALSE
Connecticut,904110,Simsbury School District,152,1520,25,100,95.4,100,30.9,FALSE
Illinois,1733420,Rich Township High School District 227,436,4360,25,99.8,100,100,59.6,FALSE
Iowa,1920610,Newton Community School District,112,1120,25,100,100,100,58,FALSE
Kentucky,2100180,Augusta Independent School District,8,80,25,100,100,100,25,FALSE
Kentucky,2105940,Williamstown Independent School District,32,320,25,46.9,34.4,100,71.9,FALSE
Massachusetts,2500067,Manchester Essex Regional School District,48,480,25,100,100,100,27.1,FALSE
Massachusetts,2502220,Auburn School District,100,1000,25,100,100,100,46,FALSE
Michigan,2600010,Sigel Township School District 3F,4,40,25,100,100,100,25,TRUE
Missouri,2905280,Blue Eye R-V School District,8,80,25,100,37.5,100,87.5,FALSE
Nebraska,3100097,Morrill Public Schools,8,80,25,100,62.5,100,100,FALSE
Nebraska,3105460,Cozad Community Schools,24,240,25,100,66.7,66.7,54.2,FALSE
New Jersey,3402880,Sterling High School School District,152,1520,25,100,100,100,34.9,FALSE
New York,3613950,Hastings-on-Hudson Union Free School District,60,600,25,100,100,100,33.3,FALSE
North Dakota,3812930,Milnor Public School District 2,8,80,25,100,100,100,25,FALSE
Ohio,3904370,Campbell City School District,68,680,25,100,100,100,97.1,FALSE
Ohio,3904476,Sheffield-Sheffield Lake City School District,48,480,25,100,100,100,45.8,FALSE
Ohio,3910011,Washington Court House City School District,44,440,25,100,100,100,31.8,FALSE
Oklahoma,4009780,Dewar Public Schools,4,40,25,25,100,100,100,TRUE
Oklahoma,4019290,Maud Public Schools,8,80,25,50,75,100,100,FALSE
Pennsylvania,4213470,Leechburg Area School District,44,440,25,100,100,100,25,FALSE
Pennsylvania,4214430,Mahanoy Area School District,40,400,25,100,100,100,92.5,FALSE
South Dakota,4626490,Gayville-Volin School District 63-1,4,40,25,100,50,75,50,TRUE
Texas,4819280,Flatonia Independent School District,12,120,25,100,25,100,25,FALSE
Texas,4841670,Stratford Independent School District,20,200,25,100,25,100,25,FALSE
Texas,4846260,Winters Independent School District,16,160,25,100,25,100,100,FALSE
Colorado,803360,Denver County School District 1,4655,46550,24.9,100,100,100,56.1,FALSE
Connecticut,901020,Danbury School District,469,4690,24.9,100,100,100,42.6,FALSE
Michigan,2629940,Rochester Community School District,630,6300,24.9,100,100,100,26.5,FALSE
Arizona,401460,Sierra Vista Unified District,331,3310,24.8,100,100,100,39.3,FALSE
Minnesota,2718780,Mankato Public School District,408,4080,24.8,100,100,96.8,36.3,FALSE
Nebraska,3170710,Fremont Public Schools,238,2380,24.8,100,100,100,35.7,FALSE
Arkansas,508280,Jonesboro Public Schools,263,2630,24.7,100,100,100,31.6,FALSE
Maine,2306060,Gorham,81,810,24.7,100,77.8,88.9,40.7,FALSE
Massachusetts,2505280,Gloucester School District,174,1740,24.7,100,100,100,37.4,FALSE
Minnesota,2711040,Duluth Public School District,603,6030,24.7,100,100,98.5,49.1,FALSE
Pennsylvania,4224510,Upper Moreland Township School District,158,1580,24.7,100,100,100,27.2,FALSE
Texas,4810200,Big Spring Independent School District,178,1780,24.7,100,100,100,34.3,FALSE
Connecticut,902670,New Britain School District,544,5440,24.6,100,100,100,61.4,FALSE
Massachusetts,2510560,Scituate School District,122,1220,24.6,100,100,100,59.8,FALSE
Missouri,2916350,Joplin School District,410,4100,24.6,99.8,100,100,34.9,FALSE
New Jersey,3416970,Warren Hills Regional School District,130,1300,24.6,100,93.8,100,33.1,FALSE
Ohio,3904484,Strongsville City School District,297,2970,24.6,100,100,100,27.6,FALSE
Ohio,3904611,Lakota Local School District,817,8170,24.6,100,100,100,28.4,FALSE
Texas,4815330,Corsicana Independent School District,232,2320,24.6,100,81.9,99.6,30.2,FALSE
Alabama,103360,Tuscaloosa City School District,616,6160,24.5,100,100,100,34.7,FALSE
California,606015,Santa Cruz City High School District (9-12),245,2450,24.5,100,100,97.1,30.6,FALSE
New Jersey,3416500,Union Township School District,347,3470,24.5,100,90.2,100,50.1,FALSE
Oklahoma,4007560,Chickasha Public Schools,110,1100,24.5,100,100,100,78.2,FALSE
Oklahoma,4019860,Miami Public Schools,102,1020,24.5,100,100,100,31.4,FALSE
Ohio,3904696,Gahanna-Jefferson City School District,401,4010,24.4,100,100,100,29.9,FALSE
Ohio,3904697,Groveport Madison Local School District,389,3890,24.4,100,100,100,38,FALSE
Oregon,4100023,Hillsboro School District 1J,947,9470,24.4,100,100,99.9,54.3,FALSE
Oregon,4107200,La Grande School District 1,82,820,24.4,100,100,100,100,FALSE
Massachusetts,2512600,Westborough School District,148,1480,24.3,100,91.9,100,24.3,FALSE
Ohio,3904992,Perry Local School District,169,1690,24.3,100,88.8,100,45,FALSE
Iowa,1926910,Spencer Community School District,62,620,24.2,100,100,100,24.2,FALSE
Massachusetts,2505130,Gardner School District,120,1200,24.2,100,99.2,100,92.5,FALSE
Massachusetts,2507740,Methuen School District,281,2810,24.2,100,100,66.2,80.8,FALSE
Minnesota,2707350,Byron Public School District,91,910,24.2,100,100,60.4,33,FALSE
Minnesota,2723310,Nashwauk-Keewatin School District,33,330,24.2,100,100,72.7,100,FALSE
Minnesota,2733330,Spring Lake Park Public Schools,236,2360,24.2,100,100,100,55.5,FALSE
Ohio,3904454,North Royalton City School District,219,2190,24.2,100,99.5,100,36.1,FALSE
Connecticut,903030,North Haven School District,112,1120,24.1,100,95.5,100,35.7,FALSE
Connecticut,905220,Windsor School District,174,1740,24.1,100,92,100,43.1,FALSE
Illinois,1718270,Harrisburg Community Unit School District 3,112,1120,24.1,100,98.2,99.1,83,FALSE
New Jersey,3408500,Lenape Valley Regional School District,116,1160,24.1,100,95.7,100,25,FALSE
New York,3600004,Rotterdam-Mohonasen Central School District,133,1330,24.1,100,100,100,97,FALSE
Oklahoma,4010290,Duncan Public Schools,166,1660,24.1,100,100,100,27.1,FALSE
Texas,4817760,Eanes Independent School District,199,1990,24.1,100,100,100,25.1,FALSE
Wisconsin,5509600,Milwaukee School District,4707,47070,24.1,100,100,98.1,54.3,FALSE
Iowa,1916320,Lamoni Community School District,25,250,24,100,80,100,24,FALSE
Minnesota,2711130,East Grand Forks Public School District,75,750,24,100,100,68,77.3,FALSE
New Jersey,3408490,Lenape Regional School District,724,7240,24,100,95.7,100,29.1,FALSE
New Mexico,3500060,Albuquerque Public Schools,4076,40760,24,100,99.9,100,32.9,FALSE
Oregon,4112240,Tigard-Tualatin School District 23J,551,5510,24,100,100,100,41.2,FALSE
Connecticut,905190,Windham School District,109,1090,23.9,92.7,100,100,34.9,FALSE
Maine,2313560,Westbrook,142,1420,23.9,100,100,96.5,37.3,FALSE
New Jersey,3416470,Barnegat Township School District,88,880,23.9,100,38.6,100,52.3,FALSE
New York,3602940,Amityville Union Free School District,142,1420,23.9,100,100,100,100,FALSE
Pennsylvania,4212150,Indiana Area School District,134,1340,23.9,100,100,100,64.9,FALSE
Georgia,1300420,Bibb County School District,1234,12340,23.8,96.9,99.8,100,36.9,FALSE
Georgia,1300510,Bremen City School District,21,210,23.8,100,76.2,100,33.3,FALSE
Massachusetts,2508850,Northampton School District,126,1260,23.8,100,99.2,100,30.2,FALSE
Missouri,2928110,Shelby County R-IV School District,21,210,23.8,100,66.7,100,66.7,FALSE
New Jersey,3410290,Milltown Borough School District,63,630,23.8,100,100,100,39.7,FALSE
New Jersey,3416920,Wallington Borough School District,63,630,23.8,100,100,100,58.7,FALSE
New York,3609690,East Irondequoit Central School District,231,2310,23.8,100,100,99.1,99.6,FALSE
Ohio,3904474,Sandusky City School District,172,1720,23.8,100,99.4,100,24.4,FALSE
Ohio,3904689,Pickerington Local School District,454,4540,23.8,100,100,100,27.8,FALSE
Rhode Island,4400630,Middletown School District,84,840,23.8,100,100,100,26.2,FALSE
Alabama,100190,Alabaster City School District,156,1560,23.7,100,98.7,100,33.3,FALSE
Illinois,1717550,Grayslake Community High School District 127,346,3460,23.7,100,100,100,41.6,FALSE
Missouri,2913760,Harrisonville R-IX School District,97,970,23.7,100,100,100,74.2,FALSE
Oklahoma,4024690,Ponca City Public Schools,232,2320,23.7,99.6,100,100,60.3,FALSE
Texas,4837020,Richardson Independent School District,2211,22110,23.7,100,100,100,53.6,FALSE
Virginia,5104050,Winchester City Public Schools,198,1980,23.7,99,99,100,55.6,FALSE
Iowa,1923110,Pleasant Valley Community School District,174,1740,23.6,100,100,99.4,33.9,FALSE
New York,3609720,East Islip Union Free School District,106,1060,23.6,100,100,100,23.6,FALSE
Ohio,3904870,Mad River Local School District,242,2420,23.6,100,100,100,45.5,FALSE
Georgia,1305130,Trion City School District,17,170,23.5,100,88.2,100,94.1,FALSE
Illinois,1726880,J. Sterling Morton High School District 201,1066,10660,23.5,100,100,100,100,FALSE
Massachusetts,2512210,Wayland School District,85,850,23.5,100,100,100,27.1,FALSE
Mississippi,2801200,Columbus Municipal School District,221,2210,23.5,87.8,100,100,23.5,FALSE
Pennsylvania,4205700,Chartiers Valley School District,149,1490,23.5,100,100,100,23.5,FALSE
Texas,4816740,Denton Independent School District,1523,15230,23.5,100,95.6,100,36.4,FALSE
Texas,4826280,La Vega Independent School District,85,850,23.5,100,55.3,100,24.7,FALSE
Vermont,5007500,South Hero School District,17,170,23.5,100,41.2,64.7,29.4,FALSE
Virginia,5103950,West Point Town Public Schools,17,170,23.5,41.2,100,100,100,FALSE
Connecticut,902310,Manchester School District,441,4410,23.4,100,100,100,29,FALSE
Missouri,2912010,Ferguson-Florissant R-II School District,530,5300,23.4,100,100,100,40.6,FALSE
New Jersey,3407800,Jefferson Township School District,94,940,23.4,100,69.1,100,33,FALSE
Ohio,3904410,Hamilton City School District,440,4400,23.4,100,99.8,100,54.8,FALSE
Oregon,4106300,Hermiston School District 8,192,1920,23.4,65.1,100,100,39.1,FALSE
Iowa,1907710,Clinton Community School District,176,1760,23.3,100,100,100,43.2,FALSE
Massachusetts,2505670,Hamilton-Wenham School District,60,600,23.3,100,100,100,23.3,FALSE
Texas,4830390,Mesquite Independent School District,1536,15360,23.3,100,99.2,100,56,FALSE
Vermont,5099003,Mount Anthony UHSD 14 (6-12),73,730,23.3,97.3,56.2,63,42.5,FALSE
Illinois,1732580,Adlai E. Stevenson High School District 125,439,4390,23.2,100,100,100,30.3,FALSE
Massachusetts,2503510,Chelmsford School District,228,2280,23.2,100,100,100,35.5,FALSE
Texas,4819700,Fort Worth Independent School District,4116,41160,23.2,100,99.7,100,57.7,FALSE
Iowa,1903960,Audubon Community School District,26,260,23.1,100,100,53.8,30.8,FALSE
Maine,2310530,Scarborough,78,780,23.1,100,100,98.7,29.5,FALSE
New Jersey,3402280,Bridgewater-Raritan Regional School District,337,3370,23.1,100,100,100,29.4,FALSE
New Jersey,3407170,Highland Park Borough School District,78,780,23.1,100,100,100,23.1,FALSE
New York,3624630,Blind Brook-Rye Union Free School District,39,390,23.1,100,100,100,41,FALSE
Ohio,3904411,Heath City School District,52,520,23.1,100,100,100,26.9,FALSE
Ohio,3910008,Crestline Exempted Village School District,26,260,23.1,100,26.9,100,23.1,FALSE
Texas,4817830,East Bernard Independent School District,13,130,23.1,100,100,100,23.1,FALSE
Georgia,1303510,Marietta City School District,478,4780,23,100,100,100,29.1,FALSE
Michigan,2636570,Wyoming Public Schools,256,2560,23,100,100,100,50.8,FALSE
Minnesota,2722950,Mounds View Public School District,599,5990,23,100,100,100,64.4,FALSE
New Jersey,3412720,Paulsboro Borough School District,61,610,23,100,100,100,77,FALSE
Ohio,3904822,Springfield Local School District,196,1960,23,100,100,100,29.6,FALSE
Ohio,3904872,Northmont City School District,226,2260,23,100,96.5,100,29.2,FALSE
Ohio,3904875,Huber Heights City School District,291,2910,23,100,100,100,25.1,FALSE
Pennsylvania,4214190,Lower Moreland Township School District,87,870,23,100,100,100,23,FALSE
Tennessee,4747149,Rutherford County School District in Murfreesboro,985,9850,23,100,100,100,34.2,FALSE
Michigan,2628560,Plymouth-Canton Community Schools,909,9090,22.9,100,100,100,24.1,FALSE
Missouri,2930690,Valley Park School District,35,350,22.9,100,100,100,37.1,FALSE
Pennsylvania,4217280,North Penn School District,656,6560,22.9,100,100,100,26.7,FALSE
Texas,4825740,Klein Independent School District,2453,24530,22.9,100,98,100,38.7,FALSE
Michigan,2630390,Saginaw City School District,457,4570,22.8,100,100,100,84.7,FALSE
Mississippi,2800750,Cleveland School District,162,1620,22.8,56.8,99.4,100,31.5,FALSE
Ohio,3904987,Louisville City School District,123,1230,22.8,100,83.7,100,26,FALSE
Pennsylvania,4216200,Muhlenberg School District,189,1890,22.8,100,100,100,22.8,FALSE
Pennsylvania,4226460,Williamsport Area School District,259,2590,22.8,87.6,100,100,34.7,FALSE
Kansas,2007590,Humboldt Unified School District 258,22,220,22.7,100,100,100,54.5,FALSE
Kentucky,2102670,Hazard Independent School District,22,220,22.7,86.4,81.8,100,22.7,FALSE
Kentucky,2105130,Russell Independent School District,75,750,22.7,100,100,100,33.3,FALSE
Minnesota,2733600,St. James Public School District,44,440,22.7,100,100,93.2,100,FALSE
Missouri,2921960,New Haven School District,22,220,22.7,100,100,100,22.7,FALSE
Ohio,3904790,Perry Local School District,44,440,22.7,100,75,100,22.7,FALSE
California,600020,Pleasanton Unified School District,425,4250,22.6,100,100,99.3,22.6,FALSE
Illinois,1713660,Eldorado Community Unit School District 4,31,310,22.6,100,80.6,100,22.6,FALSE
New Jersey,3413050,Piscataway Township School District,283,2830,22.6,100,85.5,100,43.1,FALSE
New York,3609120,Dobbs Ferry Union Free School District,53,530,22.6,100,100,100,41.5,FALSE
Georgia,1304440,Rome City School District,267,2670,22.5,100,100,100,35.6,FALSE
Minnesota,2725200,Osseo Public School District,1223,12230,22.5,100,100,99.8,49.1,FALSE
Texas,4835430,Port Neches-Groves Independent School District,182,1820,22.5,100,100,100,28,FALSE
Kentucky,2101740,Erlanger-Elsmere Independent School District,147,1470,22.4,100,100,100,27.2,FALSE
Minnesota,2732430,Roseville Public School District,406,4060,22.4,100,100,100,44.3,FALSE
New York,3620100,Mount Vernon School District,490,4900,22.4,100,100,100,97.8,FALSE
Texas,4826670,Lancaster Independent School District,483,4830,22.4,100,100,100,30,FALSE
Alabama,100185,Saraland City School District,103,1030,22.3,100,98.1,100,24.3,FALSE
Connecticut,902490,Middletown School District,206,2060,22.3,100,100,100,28.2,FALSE
Massachusetts,2511970,Walpole School District,179,1790,22.3,100,100,100,38.5,FALSE
Michigan,2606090,Bloomfield Hills School District,220,2200,22.3,100,100,100,23.2,FALSE
Missouri,2918300,Lee's Summit R-VII School District,674,6740,22.3,100,96.1,100,22.8,FALSE
New York,3620340,Clarkstown Central School District,318,3180,22.3,100,100,100,28.3,FALSE
Wisconsin,5504680,Fond du Lac School District,403,4030,22.3,100,98.8,100,52.9,FALSE
Alabama,100202,Gulf Shores City School District,18,180,22.2,100,72.2,100,22.2,FALSE
California,617760,Howell Mountain Elementary School District,9,90,22.2,100,100,100,22.2,FALSE
Connecticut,900420,Branford School District,99,990,22.2,100,100,100,30.3,FALSE
Georgia,1304540,Social Circle City School District,18,180,22.2,100,33.3,100,38.9,FALSE
Illinois,1738070,Woodland Community Unit School District 5,9,90,22.2,100,88.9,100,100,FALSE
Louisiana,2201050,Madison Parish School District,81,810,22.2,100,100,100,100,FALSE
Maine,2308280,Millinocket,9,90,22.2,100,44.4,44.4,44.4,FALSE
Michigan,2601950,Adrian City School District,135,1350,22.2,100,100,98.5,31.1,FALSE
Michigan,2625800,North Muskegon Public Schools,18,180,22.2,100,100,72.2,50,FALSE
Mississippi,2803120,New Albany Public Schools,81,810,22.2,95.1,91.4,100,43.2,FALSE
New Jersey,3410110,Middletown Township School District,474,4740,22.2,100,100,100,30,FALSE
Ohio,3905003,Mogadore Local School District,9,90,22.2,100,100,100,22.2,FALSE
Oklahoma,4023550,Pauls Valley Public Schools,27,270,22.2,100,55.6,92.6,48.1,FALSE
Oklahoma,4030270,Tupelo Public Schools,9,90,22.2,33.3,33.3,88.9,100,FALSE
Texas,4814760,Comanche Independent School District,54,540,22.2,100,100,100,100,FALSE
Texas,4845420,Wheeler Independent School District,9,90,22.2,100,55.6,100,22.2,FALSE
California,600153,Alhambra Unified School District,607,6070,22.1,100,100,100,77.1,FALSE
Minnesota,2733810,South Washington County School District,759,7590,22.1,100,93.1,91,53.2,FALSE
New York,3628740,Tonawanda City School District,86,860,22.1,100,100,100,60.5,FALSE
Pennsylvania,4202040,Abington School District,398,3980,22.1,100,100,100,27.4,FALSE
Georgia,1301620,Dalton City School District,254,2540,22,100,87,100,46.9,FALSE
Iowa,1920130,Muscatine Community School District,245,2450,22,100,90.6,100,43.3,FALSE
Maryland,2400480,Montgomery County Public Schools,7363,73630,22,100,99.8,99.9,51,FALSE
Minnesota,2742360,White Bear Lake School District,437,4370,22,100,100,100,51.9,FALSE
Missouri,2917820,Ladue School District,182,1820,22,100,80.8,100,31.9,FALSE
New Jersey,3413530,Rahway City School District,296,2960,22,100,100,100,40.9,FALSE
Pennsylvania,4211400,Hampton Township School District,141,1410,22,100,100,100,23.4,FALSE
New Jersey,3404380,Eastern Camden County Regional School District,183,1830,21.9,100,100,100,28.4,FALSE
New Jersey,3404590,Elizabeth City School District,1178,11780,21.9,100,100,100,98.4,FALSE
Pennsylvania,4222600,Springfield School District,188,1880,21.8,100,100,100,21.8,FALSE
California,606900,Calexico Unified School District,318,3180,21.7,100,100,92.8,100,FALSE
Connecticut,901050,Darien School District,198,1980,21.7,100,100,100,28.8,FALSE
Indiana,1812150,Wabash City Schools,46,460,21.7,100,100,100,26.1,FALSE
Maryland,2400420,Howard County Public Schools,2283,22830,21.7,100,99.4,99.8,40.9,FALSE
Massachusetts,2502100,Ashland School District,115,1150,21.7,100,100,100,44.3,FALSE
Ohio,3904455,Norton City School District,46,460,21.7,100,84.8,100,28.3,FALSE
Tennessee,4747079,Henry County School District in Paris,60,600,21.7,100,83.3,100,31.7,FALSE
Texas,4814640,Colorado Independent School District,46,460,21.7,100,100,100,34.8,FALSE
Texas,4844820,Weimar Independent School District,46,460,21.7,100,65.2,100,65.2,FALSE
Alabama,101200,Demopolis City School District,37,370,21.6,100,64.9,100,21.6,FALSE
California,606019,Santa Barbara Unified School District (7-12),477,4770,21.6,100,100,100,24.1,FALSE
Ohio,3910023,Van Wert City School District,111,1110,21.6,100,82,100,21.6,FALSE
Pennsylvania,4216410,Neshaminy School District,422,4220,21.6,100,100,100,22.7,FALSE
Pennsylvania,4219050,Phoenixville Area School District,241,2410,21.6,100,100,100,21.6,FALSE
North Carolina,3704500,Thomasville City Schools,135,1350,21.5,100,100,100,31.9,FALSE
Ohio,3904369,Cambridge City School District,79,790,21.5,100,100,100,22.8,FALSE
Oklahoma,4024870,Poteau Public Schools,93,930,21.5,100,98.9,94.6,58.1,FALSE
Texas,4834830,Pflugerville Independent School District,1340,13400,21.5,100,100,100,36,FALSE
Illinois,1720170,Iroquois County Community Unit School District 9,42,420,21.4,100,100,100,100,FALSE
Maine,2308500,Mount Desert Community School District,28,280,21.4,100,46.4,75,50,FALSE
Nebraska,3100163,Chase County Schools,28,280,21.4,100,100,100,21.4,FALSE
New Jersey,3410810,Morris Township School District,299,2990,21.4,100,100,100,21.7,FALSE
New York,3611520,Fredonia Central School District,56,560,21.4,85.7,100,98.2,71.4,FALSE
Ohio,3904396,Fairborn City School District,276,2760,21.4,100,100,100,27.2,FALSE
Texas,4833120,Northside Independent School District,5304,53040,21.4,100,98.8,100,43.1,FALSE
Vermont,5007080,Rutland Town School District,14,140,21.4,100,92.9,100,35.7,FALSE
Illinois,1700320,Monmouth-Roseville Community Unit School District 238,47,470,21.3,100,87.2,53.2,91.5,FALSE
Maine,2302610,Auburn,127,1270,21.3,100,100,97.6,22.8,FALSE
New Hampshire,3301740,Bedford School District,127,1270,21.3,100,100,100,22,FALSE
Texas,4827030,Leander Independent School District,1708,17080,21.3,100,99.4,100,27.2,FALSE
Texas,4835400,Port Arthur Independent School District,479,4790,21.3,100,100,100,52.4,FALSE
Arkansas,506330,Fort Smith Public Schools,688,6880,21.2,100,99.4,100,31.8,FALSE
Massachusetts,2503870,Concord-Carlisle School District,104,1040,21.2,100,100,100,22.1,FALSE
Massachusetts,2508340,Natick School District,231,2310,21.2,100,100,100,30.3,FALSE
Missouri,2923580,Parkway C-2 School District,879,8790,21.2,100,93.3,100,27.1,FALSE
Ohio,3904966,Wheelersburg Local School District,33,330,21.2,100,100,100,21.2,FALSE
Ohio,3905007,Twinsburg City School District,193,1930,21.2,100,86.5,100,21.2,FALSE
Virginia,5102910,Petersburg City Public Schools,320,3200,21.2,100,78.8,100,33.8,FALSE
California,639000,Templeton Unified School District,38,380,21.1,100,100,100,23.7,FALSE
Iowa,1931830,Winfield-Mount Union Community School District,19,190,21.1,100,100,21.1,100,FALSE
Michigan,2614520,Flint City School District,598,5980,21.1,97,100,100,53.2,FALSE
Minnesota,2723850,North St. Paul-Maplewood-Oakdale School District,608,6080,21.1,100,100,100,67.9,FALSE
New York,3612240,Glens Falls City School District,90,900,21.1,100,100,100,43.3,FALSE
Ohio,3904659,Richmond Heights Local School District,76,760,21.1,100,100,100,28.9,FALSE
Oklahoma,4027570,Shawnee Public Schools,194,1940,21.1,100,97.4,100,82.5,FALSE
Virginia,5101290,Falls Church City Public Schools,95,950,21.1,100,100,100,98.9,FALSE
Connecticut,900750,Cheshire School District,124,1240,21,100,92.7,100,24.2,FALSE
Connecticut,903090,Norwalk School District,591,5910,21,100,100,100,52.5,FALSE
Kentucky,2101320,Corbin Independent School District,100,1000,21,100,63,100,79,FALSE
Massachusetts,2505010,Franklin School District,162,1620,21,100,100,100,37,FALSE
Michigan,2619830,Jenison Public Schools,219,2190,21,100,100,100,23.7,FALSE
Minnesota,2730060,Prior Lake-Savage Area Schools,315,3150,21,100,100,97.1,27.9,FALSE
New Mexico,3500570,Clovis Municipal Schools,390,3900,21,100,100,100,39.2,FALSE
Ohio,3904445,Newark City School District,306,3060,20.9,100,99.3,100,28.8,FALSE
Texas,4846680,Ysleta Independent School District,1444,14440,20.9,100,99.7,99.7,44.3,FALSE
Illinois,1708640,Carterville Community Unit School District 5,77,770,20.8,100,100,98.7,24.7,FALSE
Minnesota,2731800,Rochester Public School District,1049,10490,20.8,100,97.3,97.8,43.6,FALSE
Missouri,2928920,St. Charles R-VI School District,313,3130,20.8,100,100,100,28.4,FALSE
New Jersey,3400769,South Hunterdon Regional School District,24,240,20.8,100,100,100,29.2,FALSE
New Jersey,3410890,Mount Ephraim Borough School District,58,580,20.7,100,100,100,100,FALSE
Ohio,3904394,Elyria City School District,334,3340,20.7,100,95.5,100,22.5,FALSE
Ohio,3904420,Lancaster City School District,333,3330,20.7,100,100,99.4,23.7,FALSE
Oklahoma,4025200,Pryor Public Schools,121,1210,20.7,100,100,100,66.9,FALSE
Pennsylvania,4216740,New Kensington-Arnold School District,111,1110,20.7,100,100,100,28.8,FALSE
Washington,5300390,Bellevue School District,822,8220,20.7,100,100,100,24.7,FALSE
Wisconsin,5509060,Menomonee Falls School District,169,1690,20.7,100,88.2,100,27.8,FALSE
Pennsylvania,4221090,Scranton School District,413,4130,20.6,100,100,100,24.5,FALSE
Iowa,1930510,Waukee Community School District,527,5270,20.5,100,95.8,100,27.3,FALSE
Michigan,2623820,Midland Public Schools,366,3660,20.5,99.5,100,99.2,22.4,FALSE
Minnesota,2725080,Orono Public School District,78,780,20.5,100,100,100,44.9,FALSE
Minnesota,2731780,Robbinsdale Public School District,753,7530,20.5,100,100,100,55,FALSE
North Dakota,3805040,Devils Lake Public School District 1,112,1120,20.5,100,100,100,22.3,FALSE
Ohio,3904788,Madison Local School District,83,830,20.5,100,60.2,100,30.1,FALSE
Pennsylvania,4204200,Bristol Borough School District,83,830,20.5,100,100,100,42.2,FALSE
Pennsylvania,4205310,Central Bucks School District,644,6440,20.5,100,93.6,100,20.5,FALSE
Wisconsin,5501800,Brown Deer School District,78,780,20.5,100,100,100,47.4,FALSE
Michigan,2620340,Kentwood Public Schools,574,5740,20.4,100,100,100,33.8,FALSE
Michigan,2635160,Walled Lake Consolidated Schools,678,6780,20.4,100,100,100,24.5,FALSE
New Jersey,3412480,Parsippany-Troy Hills Township School District,279,2790,20.4,100,100,100,32.3,FALSE
Texas,4841220,Spring Independent School District,2077,20770,20.4,100,100,100,51.2,FALSE
Oklahoma,4019950,Midwest City-Del City Schools,601,6010,20.3,100,98.5,100,38.8,FALSE
Connecticut,901470,Enfield School District,292,2920,20.2,100,100,100,23.3,FALSE
Florida,1201710,Seminole County School District,2821,28210,20.2,100,99.7,100,24.2,FALSE
Michigan,2619950,Kalamazoo Public School District,747,7470,20.2,100,100,100,30.3,FALSE
Minnesota,2708190,Eastern Carver County Public Schools,440,4400,20.2,100,98.2,100,32,FALSE
New Hampshire,3302610,Derry School District,247,2470,20.2,100,100,100,20.2,FALSE
New York,3610080,Eastchester Union Free School District,129,1290,20.2,100,100,100,27.9,FALSE
Texas,4838700,San Angelo Independent School District,724,7240,20.2,100,100,100,35.2,FALSE
Iowa,1918780,Mason City Community School District,179,1790,20.1,100,100,100,20.1,FALSE
Minnesota,2717780,Lakeville Public School District,576,5760,20.1,100,100,98.6,27.6,FALSE
New York,3613290,Half Hollow Hills Central School District,259,2590,20.1,100,100,99.2,30.9,FALSE
Texas,4807440,Abilene Independent School District,819,8190,20.1,100,86.3,100,33.3,FALSE
Texas,4839930,Sharyland Independent School District,477,4770,20.1,100,99.6,100,51.4,FALSE
California,635430,Santa Clara Unified School District,1242,12420,20,100,100,100,33.1,FALSE
Colorado,802280,Aspen School District 1,55,550,20,100,100,100,20,FALSE
Florida,1200180,Broward County School District,12643,126430,20,100,100,100,27.5,FALSE
Kentucky,2101500,Dawson Springs Independent School District,10,100,20,100,20,100,20,FALSE
Massachusetts,2507590,Medway School District,115,1150,20,100,100,100,28.7,FALSE
Minnesota,2707110,Browns Valley Public School District,5,50,20,100,20,100,100,FALSE
Minnesota,2711220,Edgerton Public School District,15,150,20,100,86.7,20,100,FALSE
Minnesota,2741060,Wabasha-Kellogg Public School District,15,150,20,33.3,100,20,33.3,FALSE
Nebraska,3175660,Plattsmouth Community Schools,60,600,20,100,33.3,100,25,FALSE
New Hampshire,3306540,Sunapee School District,5,50,20,100,100,100,20,FALSE
New Jersey,3409420,Manasquan Borough School District,20,200,20,100,100,100,25,FALSE
Ohio,3904503,Wellsville Local School District,30,300,20,100,100,100,20,FALSE
Ohio,3904554,Newcomerstown Exempted Village School District,40,400,20,100,100,100,20,FALSE
Ohio,3905013,Champion Local School District,30,300,20,100,100,100,20,FALSE
Oklahoma,4003360,Atoka Public Schools,20,200,20,55,30,100,20,FALSE
Oklahoma,4027450,Shady Point Public School,5,50,20,100,80,100,100,FALSE
Pennsylvania,4220850,Sayre Area School District,15,150,20,100,73.3,100,20,FALSE
Tennessee,4703300,Oneida Special School District,15,150,20,100,26.7,100,100,FALSE
Texas,4837860,Roscoe Collegiate Independent School District,15,150,20,100,20,100,100,FALSE
Texas,4839480,Schertz-Cibolo-Universal City Independent School District,525,5250,20,100,98.1,99.2,23.8,FALSE
Washington,5304650,Mabton School District,30,300,20,46.7,100,100,36.7,FALSE
Michigan,2630660,Saline Area Schools,201,2010,19.9,100,100,99,21.4,FALSE
Ohio,3904401,Fremont City School District,206,2060,19.9,99.5,100,99.5,25.7,FALSE
Arizona,401870,Chandler Unified District,1580,15800,19.8,100,100,100,27.4,FALSE
Ohio,3904737,Oak Hills Local School District,469,4690,19.8,100,100,100,23.5,FALSE
Utah,4900600,Murray School District,242,2420,19.8,100,100,100,46.7,FALSE
Alabama,103120,Sylacauga City School District,66,660,19.7,100,87.9,100,28.8,FALSE
Connecticut,904500,Thomaston School District,61,610,19.7,100,91.8,100,21.3,FALSE
Illinois,1734410,Rock Island-Milan School District 41,295,2950,19.7,100,91.9,100,87.5,FALSE
Massachusetts,2507320,Marlborough School District,375,3750,19.7,100,100,100,45.3,FALSE
Missouri,2928860,Springfield R-XII School District,1302,13020,19.7,100,100,100,26.9,FALSE
New Jersey,3403000,Cherry Hill Township School District,548,5480,19.7,100,98.2,100,29.6,FALSE
New Jersey,3407290,Hillside Township School District,193,1930,19.7,100,100,100,100,FALSE
New Jersey,3410440,Monmouth Regional School District,142,1420,19.7,100,100,100,25.4,FALSE
Ohio,3904435,Massillon City School District,203,2030,19.7,100,100,100,25.6,FALSE
California,607500,Carlsbad Unified School District,414,4140,19.6,100,100,100,38.6,FALSE
Illinois,1739420,Wesclin Community Unit School District 3,51,510,19.6,100,100,100,25.5,FALSE
Pennsylvania,4212660,Kane Area School District,56,560,19.6,100,100,100,19.6,FALSE
Virginia,5100450,Bristol City Public Schools,102,1020,19.6,100,97.1,100,32.4,FALSE
Wisconsin,5509840,Monroe School District,97,970,19.6,100,72.2,100,32,FALSE
Alabama,101170,Decatur City School District,406,4060,19.5,100,100,100,28.3,FALSE
Iowa,1911820,Fort Dodge Community School District,205,2050,19.5,95.6,100,100,22.9,FALSE
Minnesota,2713980,Hibbing Public School District,77,770,19.5,100,100,97.4,37.7,FALSE
Missouri,2916290,Jennings School District,87,870,19.5,100,100,100,28.7,FALSE
New York,3627450,South Orangetown Central School District,77,770,19.5,100,100,100,24.7,FALSE
Ohio,3904363,Bowling Green City School District,159,1590,19.5,100,100,100,21.4,FALSE
Ohio,3904724,Beavercreek City School District,323,3230,19.5,100,93.5,100,22,FALSE
Texas,4845540,White Settlement Independent School District,262,2620,19.5,100,100,100,29.8,FALSE
Connecticut,904590,Torrington School District,170,1700,19.4,100,100,100,19.4,FALSE
Kentucky,2100420,Bellevue Independent School District,31,310,19.4,100,100,100,19.4,FALSE
Nebraska,3172390,Kearney Public Schools,252,2520,19.4,100,67.1,57.9,43.7,FALSE
New Jersey,3403180,Clayton Borough School District,31,310,19.4,100,48.4,100,96.8,FALSE
New York,3604870,Binghamton City School District,309,3090,19.4,100,100,100,82.5,FALSE
Ohio,3905043,Kings Local School District,227,2270,19.4,100,93.4,100,21.1,FALSE
Pennsylvania,4220460,Rochester Area School District,31,310,19.4,100,100,100,32.3,FALSE
South Dakota,4602070,Aberdeen School District 06-1,258,2580,19.4,100,100,100,20.2,FALSE
Tennessee,4700148,Shelby County School District,6262,62620,19.4,99.9,98.1,100,34.3,FALSE
Texas,4807350,College Station Independent School District,721,7210,19.4,100,100,100,22.9,FALSE
Iowa,1908220,Council Bluffs Community School District,404,4040,19.3,99.8,100,100,46,FALSE
Iowa,1921240,Norwalk Community School District,119,1190,19.3,100,100,89.1,21,FALSE
Maryland,2400090,Baltimore City Public Schools,4351,43510,19.3,100,100,100,88.2,FALSE
Pennsylvania,4210870,Great Valley School District,176,1760,19.3,100,100,100,19.9,FALSE
Tennessee,4747143,Rhea County School District in Dayton,57,570,19.3,84.2,100,100,70.2,FALSE
California,610260,Culver City Unified School District,318,3180,19.2,100,100,100,33.6,FALSE
Missouri,2905580,Boonville R-I School District,78,780,19.2,100,100,91,51.3,FALSE
Ohio,3904456,Norwalk City School District,120,1200,19.2,100,100,100,24.2,FALSE
Pennsylvania,4226760,Wyomissing Area School District,78,780,19.2,100,100,100,19.2,FALSE
Massachusetts,2504830,Fall River School District,601,6010,19.1,100,100,100,71.9,FALSE
Massachusetts,2508670,North Adams School District,47,470,19.1,97.9,66,83,53.2,FALSE
Minnesota,2733000,Shakopee Public School District,382,3820,19.1,100,96.6,72.5,35.3,FALSE
New Jersey,3417070,Washington Township School District,298,2980,19.1,100,100,100,22.8,FALSE
Oklahoma,4012720,Glenpool Public Schools,152,1520,19.1,100,100,100,53.9,FALSE
South Dakota,4600052,Tea Area School District 41-5,68,680,19.1,100,100,100,27.9,FALSE
California,607560,Carpinteria Unified School District,126,1260,19,100,100,100,27,FALSE
Massachusetts,2508940,Northbridge School District,79,790,19,100,82.3,100,36.7,FALSE
New Hampshire,3303150,Fremont School District,21,210,19,100,100,100,19,FALSE
New Jersey,3416680,Ventnor City School District,21,210,19,100,66.7,100,47.6,FALSE
Ohio,3904446,New Boston Local School District,21,210,19,100,100,100,19,FALSE
Ohio,3904481,Springfield City School District,506,5060,19,100,91.3,100,37.9,FALSE
Ohio,3910006,Salem City School District,58,580,19,100,100,100,19,FALSE
Texas,4819950,Friendswood Independent School District,221,2210,19,100,100,100,19.5,FALSE
California,610620,Davis Joint Unified School District,249,2490,18.9,100,100,100,19.3,FALSE
Illinois,1723250,Litchfield Community Unit School District 12,53,530,18.9,100,86.8,98.1,73.6,FALSE
Illinois,1729010,Northfield Township High School District 225,546,5460,18.9,100,100,100,30.2,FALSE
Mississippi,2802040,Humphreys County School District,53,530,18.9,73.6,100,100,24.5,FALSE
New Jersey,3402800,Carlstadt-East Rutherford School District,143,1430,18.9,100,100,100,21,FALSE
Ohio,3904558,Perrysburg Exempted Village School District,169,1690,18.9,100,100,100,24.3,FALSE
Ohio,3904793,Fairland Local School District,37,370,18.9,100,100,100,18.9,FALSE
Oklahoma,4021720,Norman Public Schools,599,5990,18.9,100,99,100,27.5,FALSE
Michigan,2608070,Carrollton School District,48,480,18.8,100,100,100,27.1,FALSE
Michigan,2624750,Mount Pleasant City School District,208,2080,18.8,97.1,100,94.2,54.8,FALSE
New Jersey,3411940,Oaklyn Borough School District,32,320,18.8,100,100,100,100,FALSE
New York,3610650,Elmsford Union Free School District,64,640,18.8,100,100,100,37.5,FALSE
Texas,4821420,Grand Prairie Independent School District,1122,11220,18.8,100,90.5,100,79.8,FALSE
Michigan,2625740,Grosse Pointe Public Schools,391,3910,18.7,100,100,100,27.1,FALSE
New Jersey,3403120,Cinnaminson Township School District,123,1230,18.7,100,100,100,26,FALSE
New Jersey,3409630,Manville Borough School District,75,750,18.7,100,100,100,18.7,FALSE
Texas,4818150,Edgewood Independent School District,550,5500,18.7,96.4,100,100,100,FALSE
Texas,4819650,Fort Bend Independent School District,3312,33120,18.7,100,98.9,99.9,33.5,FALSE
Massachusetts,2511220,Stoneham School District,204,2040,18.6,100,100,100,49,FALSE
New Jersey,3414670,Scotch Plains-Fanwood Regional School District,177,1770,18.6,100,100,100,24.3,FALSE
Ohio,3904494,Urbana City School District,113,1130,18.6,100,100,100,19.5,FALSE
Ohio,3904519,Amherst Exempted Village School District,145,1450,18.6,100,90.3,100,23.4,FALSE
Pennsylvania,4216980,Norristown Area School District,457,4570,18.6,100,100,100,25.4,FALSE
Texas,4828110,Longview Independent School District,397,3970,18.6,100,87.7,100,22.4,FALSE
Texas,4834650,Perryton Independent School District,97,970,18.6,100,100,100,100,FALSE
Massachusetts,2503090,Brockton School District,768,7680,18.5,100,100,100,84.5,FALSE
Ohio,3904376,Circleville City School District,130,1300,18.5,100,100,100,36.9,FALSE
Ohio,3904459,Oberlin City School District,27,270,18.5,100,77.8,100,37,FALSE
South Carolina,4503660,Spartanburg School District 7,416,4160,18.5,91.6,98.8,100,21.4,FALSE
New Jersey,3402850,Cedar Grove Township School District,136,1360,18.4,100,100,100,21.3,FALSE
Pennsylvania,4208060,East Allegheny School District,76,760,18.4,100,100,100,18.4,FALSE
Pennsylvania,4220250,Richland School District,49,490,18.4,100,100,100,18.4,FALSE
California,600019,Dublin Unified School District,448,4480,18.3,100,100,86.4,20.3,FALSE
Iowa,1925590,Sergeant Bluff-Luton Community School District,60,600,18.3,100,100,100,20,FALSE
Ohio,3904610,Fairfield City School District,529,5290,18.3,100,100,100,28.7,FALSE
Texas,4820280,Galveston Independent School District,312,3120,18.3,100,100,100,30.4,FALSE
Kansas,2003900,Belle Plaine Unified School District 357,22,220,18.2,100,22.7,100,100,FALSE
Nebraska,3100105,Bridgeport Public Schools,11,110,18.2,100,36.4,100,36.4,FALSE
New Jersey,3411970,Ocean City School District,22,220,18.2,100,22.7,100,18.2,FALSE
Texas,4825500,Kennedale Independent School District,121,1210,18.2,100,100,100,44.6,FALSE
Washington,5306330,Orchard Prairie School District,11,110,18.2,100,100,100,18.2,FALSE
California,609870,Coronado Unified School District,83,830,18.1,100,100,100,18.1,FALSE
Connecticut,902640,Naugatuck School District,193,1930,18.1,100,100,100,23.3,FALSE
Connecticut,904830,Waterbury School District,832,8320,18.1,100,99.6,100,67.8,FALSE
Iowa,1917220,Linn-Mar Community School District,342,3420,18.1,100,100,100,33,FALSE
Nebraska,3170110,Elkhorn Public Schools,476,4760,18.1,100,99.8,100,20,FALSE
Pennsylvania,4202400,Wissahickon School District,221,2210,18.1,100,100,100,18.1,FALSE
New Hampshire,3304050,Keene School District,100,1000,18,100,93,100,18,FALSE
New Jersey,3409330,Mahwah Township School District,89,890,18,100,94.4,100,19.1,FALSE
Texas,4846530,Wylie Independent School District,651,6510,18,100,99.4,100,23,FALSE
Missouri,2913800,Hayti R-II School District,39,390,17.9,100,100,100,33.3,FALSE
Missouri,2922650,Normandy Schools Collaborative,235,2350,17.9,100,100,100,36.6,FALSE
Minnesota,2721420,Moorhead Public School District,371,3710,17.8,100,100,90.3,57.4,FALSE
Minnesota,2741880,Waseca Public School District,90,900,17.8,100,100,96.7,80,FALSE
New Jersey,3412870,Pennsauken Township School District,281,2810,17.8,100,100,100,68.7,FALSE
New York,3613980,Hauppauge Union Free School District,163,1630,17.8,100,100,90.8,24.5,FALSE
New York,3628560,Syosset Central School District,231,2310,17.7,100,100,100,18.2,FALSE
Ohio,3904699,New Albany-Plain Local School District,282,2820,17.7,100,90.4,100,17.7,FALSE
Texas,4845780,Wichita Falls Independent School District,666,6660,17.7,94.1,93.2,100,30.2,FALSE
Minnesota,2708910,Chisholm Public School District,17,170,17.6,100,100,17.6,100,FALSE
New Jersey,3415120,South Amboy City School District,51,510,17.6,100,49,100,80.4,FALSE
North Dakota,3808130,Grand Forks Public School District 1,459,4590,17.6,100,99.8,84.5,38.8,FALSE
North Dakota,3819410,West Fargo Public School District 6,711,7110,17.6,100,100,90.9,28,FALSE
Oklahoma,4020080,Millwood Public Schools,17,170,17.6,100,88.2,100,52.9,FALSE
Massachusetts,2503240,Burlington School District,160,1600,17.5,100,100,100,19.4,FALSE
Massachusetts,2511580,Tewksbury School District,229,2290,17.5,100,100,100,45,FALSE
New Jersey,3403600,Cresskill Borough School District,40,400,17.5,100,100,100,17.5,FALSE
New Jersey,3406990,Hawthorne Borough School District,63,630,17.5,100,100,100,49.2,FALSE
Arizona,403780,Higley Unified District,713,7130,17.4,100,100,100,21.2,FALSE
Iowa,1914700,Iowa City Community School District,794,7940,17.4,100,99.7,100,29.8,FALSE
Nebraska,3104980,Chadron Public Schools,46,460,17.4,100,34.8,34.8,100,FALSE
Nebraska,3174430,Norfolk Public Schools,242,2420,17.4,100,100,100,41.3,FALSE
New York,3618210,Malverne Union Free School District,121,1210,17.4,100,100,100,73.6,FALSE
North Dakota,3809570,Hillsboro Public School District 9,23,230,17.4,100,100,100,17.4,FALSE
Virginia,5100780,Charlottesville City Public Schools,298,2980,17.4,100,100,100,29.2,FALSE
Massachusetts,2509630,Pittsfield School District,277,2770,17.3,100,100,99.6,32.1,FALSE
Ohio,3905001,Green Local School District,139,1390,17.3,100,100,100,17.3,FALSE
Pennsylvania,4210950,Greater Johnstown School District,127,1270,17.3,77.2,97.6,100,48,FALSE
Delaware,1000230,Colonial School District,598,5980,17.2,100,100,98,25.6,FALSE
Pennsylvania,4222830,Sto-Rox School District,128,1280,17.2,100,100,100,78.9,FALSE
Tennessee,4747077,Henderson County School District in Lexington,29,290,17.2,100,100,100,17.2,FALSE
Texas,4820340,Garland Independent School District,2274,22740,17.2,100,100,100,33.6,FALSE
Texas,4841880,Sunnyvale Independent School District,64,640,17.2,100,82.8,100,50,FALSE
Massachusetts,2504890,Fitchburg School District,292,2920,17.1,100,100,70.2,96.9,FALSE
Minnesota,2718570,Madelia Public School District,41,410,17.1,100,100,100,100,FALSE
Ohio,3904733,Finneytown Local School District,76,760,17.1,100,100,100,17.1,FALSE
Texas,4836000,Prosper Independent School District,780,7800,17.1,100,100,100,19.5,FALSE
California,604830,Beverly Hills Unified School District,112,1120,17,100,100,100,17,FALSE
Iowa,1926070,Shenandoah Community School District,47,470,17,100,100,100,17,FALSE
New Jersey,3404500,Edison Township School District,734,7340,17,100,97.7,100,18.4,FALSE
Connecticut,900330,Bloomfield School District,59,590,16.9,100,54.2,100,28.8,FALSE
Massachusetts,2507860,Milford School District,213,2130,16.9,100,100,100,41.8,FALSE
Massachusetts,2507980,Milton School District,130,1300,16.9,100,100,100,37.7,FALSE
Missouri,2914340,Hickman Mills C-1 School District,480,4800,16.9,100,100,100,31.7,FALSE
Oklahoma,4027300,Seminole Public Schools,77,770,16.9,98.7,98.7,100,36.4,FALSE
Illinois,1713320,East St. Louis School District 189,161,1610,16.8,99.4,76.4,88.8,32.9,FALSE
Iowa,1908580,Davenport Community School District,810,8100,16.8,100,100,99.8,30.6,FALSE
Michigan,2620850,Lakeview School District,184,1840,16.8,100,100,100,25.5,FALSE
New Jersey,3404920,Ewing Township School District,167,1670,16.8,100,100,100,22.8,FALSE
New York,3618240,Mamaroneck Union Free School District,190,1900,16.8,100,100,100,32.1,FALSE
Ohio,3904437,Mayfield City School District,197,1970,16.8,100,100,100,16.8,FALSE
Ohio,3904736,Northwest Local School District,601,6010,16.8,100,97.8,100,20.8,FALSE
Texas,4808130,Amarillo Independent School District,1366,13660,16.8,100,100,100,46,FALSE
Texas,4832280,Nederland Independent School District,226,2260,16.8,100,100,100,16.8,FALSE
Connecticut,904890,Watertown School District,114,1140,16.7,100,100,100,17.5,FALSE
Illinois,1712330,Dixon Unit School District 170,102,1020,16.7,100,100,100,27.5,FALSE
Kentucky,2121001,Laurel County School District for East Bernstadt ISD,12,120,16.7,100,25,100,100,FALSE
Massachusetts,2510920,South Hadley School District,66,660,16.7,100,100,100,24.2,FALSE
Massachusetts,2525002,North Adams School District in Clarksburg (9-12),6,60,16.7,100,83.3,83.3,83.3,FALSE
Michigan,2604740,Bendle Public Schools,36,360,16.7,100,100,100,16.7,FALSE
Michigan,2622320,Madison School District,36,360,16.7,100,100,100,50,FALSE
Minnesota,2733390,Springfield Public School District,30,300,16.7,100,100,20,56.7,FALSE
Missouri,2921480,Mound City R-II School District,6,60,16.7,100,16.7,100,100,FALSE
Nebraska,3174640,Oakland Craig Public Schools,12,120,16.7,100,25,41.7,100,FALSE
Nebraska,3176710,Sidney Public Schools,54,540,16.7,100,46.3,100,16.7,FALSE
New Hampshire,3303780,Hinsdale School District,6,60,16.7,100,33.3,50,100,FALSE
New Jersey,3407080,Hi-Nella Borough School District,6,60,16.7,100,100,100,33.3,FALSE
New Jersey,3414040,Riverton Borough School District,6,60,16.7,100,100,100,16.7,FALSE
New York,3621570,Oceanside Union Free School District,257,2570,16.7,100,100,97.3,21.4,FALSE
New York,3629400,Valhalla Union Free School District,96,960,16.7,100,100,100,16.7,FALSE
Ohio,3904706,Fayette Local School District,6,60,16.7,100,16.7,100,100,FALSE
Oklahoma,4029400,Talihina Public Schools,6,60,16.7,50,33.3,50,100,FALSE
Pennsylvania,4202130,Aliquippa School District,24,240,16.7,100,100,100,16.7,FALSE
Texas,4815270,Corpus Christi Independent School District,1776,17760,16.7,100,99.1,100,45.1,FALSE
Texas,4815910,Crowley Independent School District,922,9220,16.7,100,99.2,100,45.1,FALSE
Vermont,5001830,Arlington School District,12,120,16.7,100,16.7,100,25,FALSE
California,639420,Torrance Unified School District,814,8140,16.6,100,100,100,35.4,FALSE
California,602970,Arcadia Unified School District,279,2790,16.5,100,100,100,35.8,FALSE
California,636390,Sequoia Union High School District,1706,17060,16.5,100,100,99.6,32.8,FALSE
Massachusetts,2511910,Wakefield School District,212,2120,16.5,100,100,100,56.1,FALSE
New Jersey,3410710,Moorestown Township School District,103,1030,16.5,100,100,100,20.4,FALSE
Ohio,3904385,Deer Park Community City School District,91,910,16.5,100,100,100,16.5,FALSE
New Jersey,3412840,Penns Grove-Carneys Point Regional School District,73,730,16.4,100,100,100,75.3,FALSE
New Jersey,3417280,Wayne Township School District,365,3650,16.4,100,100,100,22.2,FALSE
Oklahoma,4010650,El Reno Public Schools,122,1220,16.4,100,99.2,100,37.7,FALSE
Pennsylvania,4206960,Council Rock School District,476,4760,16.4,100,100,100,16.4,FALSE
Texas,4813020,Carroll Independent School District,183,1830,16.4,100,100,100,21.3,FALSE
California,606450,Burbank Unified School District,608,6080,16.3,100,100,100,48.8,FALSE
Louisiana,2201080,Monroe City School District,349,3490,16.3,100,99.1,100,28.4,FALSE
Massachusetts,2509990,Reading School District,196,1960,16.3,100,100,100,28.1,FALSE
Nebraska,3100022,North Platte Public Schools,172,1720,16.3,100,100,100,32.6,FALSE
Ohio,3904831,Canfield Local School District,92,920,16.3,100,100,100,16.3,FALSE
Rhode Island,4400900,Providence School District,1224,12240,16.3,100,100,100,61.3,FALSE
Texas,4808940,Austin Independent School District,4636,46360,16.3,100,97.4,100,33.3,FALSE
Texas,4842280,Taylor Independent School District,153,1530,16.3,100,92.8,100,19.6,FALSE
Alabama,103270,Tarrant City School District,37,370,16.2,100,100,100,100,FALSE
Maine,2312330,South Portland,160,1600,16.2,100,100,100,16.2,FALSE
New Hampshire,3304590,Manchester School District,677,6770,16.2,100,100,100,22.2,FALSE
Rhode Island,4401200,Woonsocket School District,352,3520,16.2,100,100,100,59.7,FALSE
Arizona,408340,Tempe Union High School District,1796,17960,16.1,100,100,100,20,FALSE
Colorado,802490,Boulder Valley School District RE-2,969,9690,16.1,100,99.1,100,21.9,FALSE
New Jersey,3406180,Greenwich Township School District,31,310,16.1,100,100,100,25.8,FALSE
New Jersey,3416890,Wall Township School District,180,1800,16.1,100,100,100,26.1,FALSE
Texas,4809670,Beaumont Independent School District,952,9520,16.1,100,86.2,100,29.5,FALSE
Colorado,802670,Burlington School District RE-6J,25,250,16,100,24,100,100,FALSE
Kentucky,2102220,Glasgow Independent School District,94,940,16,100,71.3,100,28.7,FALSE
Michigan,2616470,Grandville Public Schools,293,2930,16,100,100,100,25.3,FALSE
Missouri,2929280,St. Louis City School District,2121,21210,16,100,99.8,100,43.4,FALSE
New Jersey,3413770,Ridgefield Borough School District,50,500,16,100,100,100,42,FALSE
New Jersey,3413980,Riverdale Borough School District,25,250,16,100,92,100,36,FALSE
North Carolina,3700720,Chapel Hill-Carrboro Schools,394,3940,16,100,100,100,35,FALSE
Ohio,3904365,Brooklyn City School District,50,500,16,100,100,100,68,FALSE
Ohio,3904701,Hilliard City School District,761,7610,16,100,100,100,17.9,FALSE
Ohio,3904812,Avon Lake City School District,200,2000,16,100,100,100,16,FALSE
Texas,4814550,Coleman Independent School District,25,250,16,100,100,100,20,FALSE
Wisconsin,5505490,Nicolet Union High School District,156,1560,16,100,100,100,30.1,FALSE
Arizona,407570,Scottsdale Unified District,1129,11290,15.9,100,100,100,18,FALSE
Connecticut,904230,Southington School District,232,2320,15.9,100,100,100,20.3,FALSE
Illinois,1706480,Bloomington School District 87,277,2770,15.9,100,92.8,100,72.6,FALSE
Missouri,2916770,Kirkwood R-VII School District,270,2700,15.9,100,86.7,100,25.2,FALSE
New Jersey,3410650,Montville Township School District,126,1260,15.9,100,96,100,18.3,FALSE
New York,3620580,New York City Department Of Education,59317,593170,15.9,100,100,89,76,FALSE
Ohio,3904374,Chillicothe City School District,182,1820,15.9,100,97.8,100,15.9,FALSE
Texas,4811680,Brownsville Independent School District,1721,17210,15.9,100,91.7,100,56.8,FALSE
Alabama,100330,Bessemer City School District,273,2730,15.8,100,100,100,15.8,FALSE
California,615240,Glendale Unified School District,1289,12890,15.8,100,100,100,41,FALSE
New Jersey,3409360,Mainland Regional School District,171,1710,15.8,100,100,100,39.8,FALSE
New York,3629280,Uniondale Union Free School District,316,3160,15.8,100,100,46.8,100,FALSE
Pennsylvania,4222140,South Williamsport Area School District,57,570,15.8,100,100,100,15.8,FALSE
Connecticut,903840,Rocky Hill School District,102,1020,15.7,100,91.2,100,26.5,FALSE
New Hampshire,3303870,Hooksett School District,83,830,15.7,100,100,100,16.9,FALSE
New York,3615540,Islip Union Free School District,140,1400,15.7,100,100,79.3,75.7,FALSE
New York,3625440,Salamanca City School District,51,510,15.7,100,80.4,100,35.3,FALSE
Ohio,3904676,Olentangy Local School District,765,7650,15.7,100,93.9,100,20.5,FALSE
Ohio,3904656,Independence Local School District,32,320,15.6,100,100,100,40.6,FALSE
Texas,4835130,Pleasant Grove Independent School District,32,320,15.6,100,100,100,15.6,FALSE
Florida,1200390,Dade County School District,17412,174120,15.5,99.9,100,100,20.5,FALSE
Massachusetts,2508250,Nantucket School District,71,710,15.5,100,100,93,31,FALSE
New Jersey,3403780,Delran Township School District,129,1290,15.5,100,100,100,31.8,FALSE
Kansas,2010560,Parsons Unified School District 503,52,520,15.4,100,100,100,100,FALSE
Mississippi,2804770,Yazoo City Municipal School District,78,780,15.4,100,100,100,19.2,FALSE
New Jersey,3411430,North Arlington Borough School District,104,1040,15.4,100,100,100,24,FALSE
Oklahoma,4025290,Putnam City Public Schools,1066,10660,15.4,100,99.3,100,46.1,FALSE
Texas,4819980,Friona Independent School District,26,260,15.4,100,100,100,100,FALSE
Texas,4829130,Marlin Independent School District,39,390,15.4,100,100,100,17.9,FALSE
Alabama,100990,Cullman City School District,59,590,15.3,100,100,100,15.3,FALSE
California,634425,San Gabriel Unified School District,249,2490,15.3,100,100,100,92.4,FALSE
Massachusetts,2512660,Westford School District,137,1370,15.3,100,99.3,100,16.8,FALSE
Michigan,2635820,West Bloomfield School District,215,2150,15.3,100,100,100,20,FALSE
New Jersey,3401830,Bloomfield Township School District,398,3980,15.3,100,100,100,42.2,FALSE
New York,3608460,Cortland City School District,118,1180,15.3,100,100,96.6,32.2,FALSE
Oklahoma,4003180,Ardmore Public Schools,150,1500,15.3,100,100,100,34.7,FALSE
Texas,4842330,Temple Independent School District,535,5350,15.3,100,89.2,100,19.4,FALSE
Alabama,100188,Chickasaw City School District,46,460,15.2,100,100,100,15.2,FALSE
Alabama,100390,Birmingham City School District,1224,12240,15.2,100,99.5,100,23.2,FALSE
Arizona,400680,Amphitheater Unified District,690,6900,15.2,98.3,100,100,15.7,FALSE
Massachusetts,2504980,Framingham School District,554,5540,15.2,100,100,100,38.3,FALSE
North Carolina,3703120,Mooresville City Schools,197,1970,15.2,100,100,100,59.9,FALSE
Ohio,3905005,Revere Local School District,145,1450,15.2,100,93.1,100,15.2,FALSE
Ohio,3904998,Copley-Fairlawn City School District,106,1060,15.1,100,100,100,15.1,FALSE
Texas,4818060,Edcouch-Elsa Independent School District,146,1460,15.1,94.5,46.6,100,23.3,FALSE
Connecticut,900510,Bristol School District,354,3540,15,100,100,100,24.3,FALSE
Florida,1201560,Pinellas County School District,4456,44560,15,100,99.9,100,20,FALSE
Maine,2304830,Damariscotta,20,200,15,75,100,100,15,FALSE
Massachusetts,2503660,Chicopee School District,307,3070,15,100,99.7,100,57.7,FALSE
New Jersey,3408580,Lincoln Park Borough School District,60,600,15,100,100,100,18.3,FALSE
California,641280,Walnut Valley Unified School District,296,2960,14.9,100,100,100,16.6,FALSE
Pennsylvania,4209300,Erie City School District,691,6910,14.9,100,100,100,27.9,FALSE
Texas,4828920,Mansfield Independent School District,1223,12230,14.9,100,94.5,100,26.8,FALSE
California,621870,Lindsay Unified School District,128,1280,14.8,100,100,18,40.6,FALSE
Illinois,1714490,Evanston Township High School District 202,472,4720,14.8,100,100,100,55.3,FALSE
Indiana,1812870,West Lafayette Community School Corporation,81,810,14.8,100,100,100,14.8,FALSE
Massachusetts,2512390,West Boylston School District,27,270,14.8,100,100,100,44.4,FALSE
New Jersey,3417220,Watchung Hills Regional School District,182,1820,14.8,100,100,100,17.6,FALSE
New York,3602460,Albany City School District,512,5120,14.8,100,100,100,31.6,FALSE
New York,3614340,Hicksville Union Free School District,203,2030,14.8,100,100,100,51.7,FALSE
Texas,4823640,Houston Independent School District,11435,114350,14.8,100,96.7,100,49.6,FALSE
Alabama,101530,Florence City School District,252,2520,14.7,100,97.6,100,29.8,FALSE
New York,3616740,Lansingburgh Central School District,109,1090,14.7,100,100,100,90.8,FALSE
Oklahoma,4028680,Stillwater Public Schools,232,2320,14.7,100,100,100,48.7,FALSE
Pennsylvania,4216500,Woodland Hills School District,279,2790,14.7,100,100,100,17.6,FALSE
Vermont,5003240,Colchester School District,109,1090,14.7,100,68.8,100,27.5,FALSE
Mississippi,2804320,Tupelo Public School District,314,3140,14.6,98.4,86.9,100,14.6,FALSE
New Jersey,3403300,Clifton City School District,581,5810,14.6,100,100,100,52.2,FALSE
New Jersey,3409210,Lyndhurst Township School District,103,1030,14.6,100,100,100,15.5,FALSE
New Jersey,3418000,Willingboro Township School District,260,2600,14.6,100,100,100,48.5,FALSE
Ohio,3904985,Jackson Local School District,240,2400,14.6,100,100,100,15.4,FALSE
Tennessee,4747107,McMinn County School District in Athens,82,820,14.6,100,79.3,100,15.9,FALSE
Texas,4815720,Crockett Independent School District,41,410,14.6,100,100,100,70.7,FALSE
Arkansas,507890,Hot Springs School District,235,2350,14.5,99.6,100,100,19.6,FALSE
Kentucky,2103900,Mayfield Independent School District,55,550,14.5,100,98.2,100,14.5,FALSE
New York,3630960,Westbury Union Free School District,248,2480,14.5,100,100,60.9,96.8,FALSE
Tennessee,4747001,Anderson County School District in Clinton,55,550,14.5,100,100,100,20,FALSE
California,607920,Centinela Valley Union High School District,1126,11260,14.4,100,100,100,81.5,FALSE
Illinois,1729280,Oak Park and River Forest District 200,396,3960,14.4,100,100,100,81.6,FALSE
Massachusetts,2512510,West Springfield School District,160,1600,14.4,100,100,100,25.6,FALSE
Missouri,2916400,Kansas City 33 School District,1405,14050,14.4,100,100,100,34.2,FALSE
Oregon,4109480,Parkrose School District 3,139,1390,14.4,100,100,100,84.9,FALSE
Alabama,100450,Brewton City School District,14,140,14.3,100,92.9,100,85.7,FALSE
Connecticut,903390,Portland School District,49,490,14.3,100,100,100,44.9,FALSE
New Jersey,3403540,Cranbury Township School District,7,70,14.3,100,100,100,14.3,FALSE
New Jersey,3403930,Dover Town School District,112,1120,14.3,100,100,100,22.3,FALSE
Texas,4843800,Valley View Independent School District,161,1610,14.3,100,98.1,100,100,FALSE
Utah,4900870,Salt Lake City School District,1279,12790,14.3,100,100,100,27,FALSE
Virginia,5102760,Norton City Public Schools,14,140,14.3,92.9,100,100,21.4,FALSE
Minnesota,2714220,Eden Prairie Public School District,445,4450,14.2,100,100,100,19.3,FALSE
New York,3623580,Port Washington Union Free School District,247,2470,14.2,100,100,100,14.2,FALSE
Pennsylvania,4211670,Haverford Township School District,360,3600,14.2,100,100,100,14.2,FALSE
Alabama,102520,Muscle Shoals City School District,85,850,14.1,100,100,100,20,FALSE
Connecticut,904680,Vernon School District,184,1840,14.1,100,100,100,22.8,FALSE
Massachusetts,2509930,Randolph School District,177,1770,14.1,100,100,100,53.7,FALSE
Ohio,3910027,Portsmouth City School District,128,1280,14.1,100,99.2,100,16.4,FALSE
Tennessee,4702400,Lenoir City School District,64,640,14.1,100,95.3,100,43.8,FALSE
Texas,4825170,Katy Independent School District,3086,30860,14.1,100,98.9,100,16.6,FALSE
Texas,4832940,North East Independent School District,3078,30780,14.1,100,97.1,100,31.4,FALSE
Arkansas,509000,Little Rock School District,1479,14790,14,100,98,100,15.8,FALSE
Michigan,2628950,Portage Public Schools,372,3720,14,99.7,100,100,18.3,FALSE
New Jersey,3407770,Jamesburg Borough School District,43,430,14,100,100,100,58.1,FALSE
Ohio,3904450,North Canton City School District,136,1360,14,100,100,100,14,FALSE
Ohio,3904829,Austintown Local School District,164,1640,14,97.6,100,100,16.5,FALSE
Alabama,102350,Midfield City School District,36,360,13.9,100,100,100,13.9,FALSE
Iowa,1908310,Creston Community School District,65,650,13.8,100,100,52.3,47.7,FALSE
New Jersey,3416800,Vineland City School District,458,4580,13.8,100,95.4,100,25.5,FALSE
Texas,4814130,City View Independent School District,29,290,13.8,89.7,86.2,100,75.9,FALSE
Virginia,5101410,Franklin City Public Schools,65,650,13.8,100,96.9,100,36.9,FALSE
Iowa,1903690,Ankeny Community School District,642,6420,13.7,100,100,100,17,FALSE
Massachusetts,2508580,Newburyport School District,73,730,13.7,100,98.6,100,19.2,FALSE
Michigan,2632310,Southfield Public School District,505,5050,13.7,100,100,100,18.8,FALSE
New York,3615900,Johnson City Central School District,131,1310,13.7,100,100,100,33.6,FALSE
Ohio,3904470,Rocky River City School District,183,1830,13.7,100,100,100,13.7,FALSE
Ohio,3910015,Painesville City Local School District,131,1310,13.7,100,100,100,36.6,FALSE
Massachusetts,2504050,Dedham School District,147,1470,13.6,100,100,100,58.5,FALSE
Minnesota,2721240,Minneapolis Public School District,2832,28320,13.6,100,100,100,24.4,FALSE
New Jersey,3407320,Ho-Ho-Kus Borough School District,22,220,13.6,100,100,100,13.6,FALSE
New Jersey,3410980,Mount Olive Township School District,140,1400,13.6,100,86.4,100,20.7,FALSE
Ohio,3904348,Akron City School District,1327,13270,13.6,100,100,100,19,FALSE
Tennessee,4701110,Elizabethton City School District,66,660,13.6,100,98.5,100,39.4,FALSE
Georgia,1300870,Carrollton City School District,200,2000,13.5,100,89,100,17.5,FALSE
Massachusetts,2503990,Danvers School District,141,1410,13.5,100,100,100,29.8,FALSE
New Jersey,3402520,Butler Borough School District,52,520,13.5,100,98.1,100,13.5,FALSE
Ohio,3904386,Defiance City School District,96,960,13.5,100,100,100,18.8,FALSE
Pennsylvania,4225290,West Chester Area School District,659,6590,13.5,100,100,100,13.8,FALSE
Texas,4834320,Pasadena Independent School District,2222,22220,13.5,100,100,100,52.4,FALSE
Vermont,5007650,St. Johnsbury School District,37,370,13.5,100,54.1,64.9,43.2,FALSE
Michigan,2624840,Muskegon City School District,209,2090,13.4,100,100,100,54.5,FALSE
Mississippi,2801710,Gulfport School District,246,2460,13.4,94.3,100,100,26.4,FALSE
Mississippi,2802460,Laurel School District,97,970,13.4,56.7,100,100,14.4,FALSE
New Jersey,3404980,Fair Lawn Borough School District,224,2240,13.4,100,100,100,17,FALSE
Ohio,3904436,Maumee City School District,164,1640,13.4,100,97.6,100,14.6,FALSE
Ohio,3904490,Toledo City School District,1571,15710,13.4,100,98.5,100,32.1,FALSE
Ohio,3904549,Mentor Exempted Village School District,367,3670,13.4,100,100,100,13.4,FALSE
Pennsylvania,4219170,Pittsburgh School District,1674,16740,13.4,100,100,100,32.1,FALSE
Illinois,1721900,Lake Zurich Community Unit School District 95,173,1730,13.3,100,100,100,17.3,FALSE
Kentucky,2101110,Caverna Independent School District,15,150,13.3,100,60,100,33.3,FALSE
Massachusetts,2502250,Avon School District,30,300,13.3,100,100,100,36.7,FALSE
Massachusetts,2506990,Longmeadow School District,98,980,13.3,100,100,100,19.4,FALSE
Massachusetts,2507170,Malden School District,459,4590,13.3,100,100,100,48.1,FALSE
Alabama,100090,Anniston City School District,129,1290,13.2,96.9,100,100,14.7,FALSE
Alabama,103000,Sheffield City School District,38,380,13.2,100,100,100,13.2,FALSE
California,634980,San Mateo Union High School District,1590,15900,13.2,100,100,100,24.3,FALSE
Connecticut,901530,Fairfield School District,372,3720,13.2,100,100,100,14.5,FALSE
Iowa,1906540,Cedar Rapids Community School District,805,8050,13.2,100,99.9,99.9,23.1,FALSE
New Jersey,3405310,Fort Lee Borough School District,250,2500,13.2,100,100,100,13.2,FALSE
Ohio,3904358,Bellefontaine City School District,136,1360,13.2,100,100,100,45.6,FALSE
Texas,4811190,Brazosport Independent School District,441,4410,13.2,100,93.2,100,17,FALSE
Wisconsin,5508910,McFarland School District,76,760,13.2,100,81.6,100,22.4,FALSE
Georgia,1301870,Dublin City School District,122,1220,13.1,100,100,100,23,FALSE
Massachusetts,2512840,Weymouth School District,383,3830,13.1,100,100,100,15.7,FALSE
Minnesota,2708100,Centennial Public School District,206,2060,13.1,100,100,100,30.1,FALSE
Mississippi,2802880,McComb School District,137,1370,13.1,100,100,100,13.1,FALSE
New Jersey,3411220,New Brunswick City School District,383,3830,13.1,100,100,100,18.5,FALSE
New York,3621720,Olean City School District,99,990,13.1,100,100,100,20.2,FALSE
Oregon,4101920,Beaverton School District 48J,2005,20050,13.1,100,100,100,32.1,FALSE
California,614400,Fremont Unified School District,1557,15570,13,100,100,100,17.5,FALSE
Massachusetts,2503300,Canton School District,184,1840,13,100,100,100,17.9,FALSE
Massachusetts,2507620,Melrose School District,184,1840,13,100,100,100,58.2,FALSE
Michigan,2632850,St. Joseph Public Schools,100,1000,13,100,100,100,16,FALSE
Minnesota,2733420,St. Anthony-New Brighton Schools,108,1080,13,100,100,100,40.7,FALSE
Missouri,2916500,Kennett 39 School District,46,460,13,65.2,100,100,54.3,FALSE
Nebraska,3102910,Alliance Public Schools,69,690,13,100,100,100,13,FALSE
Texas,4816530,Deer Park Independent School District,368,3680,13,100,100,100,29.1,FALSE
Vermont,5002820,Burlington School District,162,1620,13,100,77.8,96.3,31.5,FALSE
Alabama,103330,Troy City School District,70,700,12.9,100,100,100,21.4,FALSE
Maine,2307140,Kittery,31,310,12.9,100,100,96.8,48.4,FALSE
New Jersey,3410590,Montgomery Township School District,124,1240,12.9,100,91.9,100,13.7,FALSE
New Jersey,3413750,Red Bank Regional School District,178,1780,12.9,100,100,100,17.4,FALSE
Ohio,3904821,Ottawa Hills Local School District,31,310,12.9,100,100,100,12.9,FALSE
Massachusetts,2504590,Easthampton School District,39,390,12.8,100,74.4,100,20.5,FALSE
New Jersey,3413680,Hazlet Township School District,133,1330,12.8,100,100,100,36.1,FALSE
New Jersey,3417820,Westwood Regional School District,117,1170,12.8,100,100,100,17.9,FALSE
New York,3625290,Rye Neck Union Free School District,78,780,12.8,100,100,100,15.4,FALSE
North Carolina,3703900,Roanoke Rapids City Schools,109,1090,12.8,100,100,100,90.8,FALSE
Oklahoma,4019440,McAlester Public Schools,117,1170,12.8,100,100,100,41.9,FALSE
Connecticut,901860,Hamden School District,292,2920,12.7,100,99.7,100,29.5,FALSE
Kentucky,2101440,Danville Independent School District,71,710,12.7,97.2,97.2,100,12.7,FALSE
Michigan,2609840,Clarenceville School District,55,550,12.7,100,100,100,21.8,FALSE
New Jersey,3406660,Hanover Park Regional School District,228,2280,12.7,100,100,100,12.7,FALSE
Ohio,3904510,Willoughby-Eastlake City School District,323,3230,12.7,100,97.5,100,13.3,FALSE
Pennsylvania,4223010,Susquehanna Township School District,213,2130,12.7,100,100,100,14.6,FALSE
Connecticut,902880,Newington School District,127,1270,12.6,100,100,100,27.6,FALSE
Pennsylvania,4205040,Carlynton School District,95,950,12.6,100,100,100,12.6,FALSE
Texas,4826430,Lake Dallas Independent School District,151,1510,12.6,100,99.3,100,17.2,FALSE
Kentucky,2100480,Berea Independent School District,16,160,12.5,100,100,100,12.5,FALSE
Mississippi,2802910,Meridian Public School District,256,2560,12.5,71.1,100,100,19.9,FALSE
New Jersey,3402370,Brooklawn Borough School District,8,80,12.5,100,100,100,100,FALSE
New York,3618750,Mayfield Central School District,32,320,12.5,100,100,100,31.2,FALSE
Oklahoma,4018240,Lone Star Public School,16,160,12.5,100,50,100,100,FALSE
South Dakota,4631350,Harrisburg School District 41-2,287,2870,12.5,100,100,100,15.7,FALSE
Vermont,5000429,First Branch Unified School District,8,80,12.5,75,50,87.5,50,FALSE
Massachusetts,2505970,Haverhill School District,419,4190,12.4,100,100,94.3,26.5,FALSE
Massachusetts,2513230,Worcester School District,1393,13930,12.4,100,100,88.2,67.6,FALSE
New York,3609030,Depew Union Free School District,105,1050,12.4,100,98.1,100,14.3,FALSE
New York,3622020,Ossining Union Free School District,226,2260,12.4,100,100,100,29.6,FALSE
Ohio,3904543,Indian Hill Exempted Village School District,89,890,12.4,100,100,100,12.4,FALSE
Texas,4823910,Humble Independent School District,1676,16760,12.4,100,97.9,100,19.3,FALSE
Texas,4842480,Texarkana Independent School District,291,2910,12.4,100,78.7,100,17.9,FALSE
Massachusetts,2512060,Wareham School District,81,810,12.3,100,100,100,28.4,FALSE
New York,3628650,Union Free School District of the Tarrytowns,114,1140,12.3,100,100,100,27.2,FALSE
Alabama,100100,Arab City School District,74,740,12.2,100,100,100,89.2,FALSE
Connecticut,900990,Cromwell School District,90,900,12.2,100,91.1,100,22.2,FALSE
Minnesota,2705790,Bloomington Public School District,608,6080,12.2,100,100,100,53.5,FALSE
New Jersey,3412360,Palisades Park Borough School District,107,1070,12.1,100,100,100,13.1,FALSE
Ohio,3904469,Reading Community City School District,66,660,12.1,100,100,100,15.2,FALSE
Ohio,3904516,Youngstown City School District,453,4530,12.1,97.6,100,100,26.9,FALSE
Ohio,3910000,Findlay City School District,248,2480,12.1,100,86.7,100,41.9,FALSE
Oregon,4113170,West Linn School District 3J,272,2720,12.1,100,100,99.6,12.9,FALSE
California,607230,Campbell Union High School District,1697,16970,12,100,100,100,19.7,FALSE
Kansas,2003810,Baxter Springs Unified School District 508,25,250,12,100,20,100,100,FALSE
New Jersey,3413620,Rancocas Valley Regional School District,183,1830,12,100,83.1,100,32.2,FALSE
Texas,4814280,Clear Creek Independent School District,1638,16380,12,100,99.1,100,14.7,FALSE
Texas,4816110,Cypress-Fairbanks Independent School District,4843,48430,12,100,99.9,100,19,FALSE
Texas,4821660,Grapevine-Colleyville Independent School District,468,4680,12,100,100,100,15,FALSE
Texas,4834980,Pine Tree Independent School District,241,2410,12,100,100,100,15.4,FALSE
Minnesota,2742720,Willmar Public School District,210,2100,11.9,96.2,100,91.4,96.2,FALSE
New Jersey,3401260,Bayonne City School District,622,6220,11.9,100,100,100,31.8,FALSE
New Jersey,3412510,Pascack Valley Regional School District,236,2360,11.9,100,100,100,15.3,FALSE
Vermont,5007470,South Burlington School District,118,1180,11.9,100,66.1,100,24.6,FALSE
Arkansas,510680,North Little Rock School District,406,4060,11.8,99.8,89.4,100,19.5,FALSE
Colorado,806540,Sheridan School District 2,76,760,11.8,100,100,100,82.9,FALSE
Indiana,1812720,Washington Township Metropolitan School District,644,6440,11.8,100,98.8,100,11.8,FALSE
Minnesota,2733780,St. Louis Park Public School District,322,3220,11.8,100,100,100,14.6,FALSE
Nebraska,3174220,Neligh-Oakdale Schools,17,170,11.8,100,100,23.5,17.6,FALSE
Vermont,5000395,Essex-Westford Educational Community Unified School District,152,1520,11.8,100,81.6,98.7,23,FALSE
California,601770,Alameda City Unified School District,581,5810,11.7,100,100,100,47.8,FALSE
Georgia,1305310,Valdosta City School District,419,4190,11.7,99.8,96.9,100,17.9,FALSE
Illinois,1741250,Waukegan Community Unit School District 60,547,5470,11.7,100,100,96.3,85,FALSE
Michigan,2625980,Northville Public Schools,231,2310,11.7,100,100,100,11.7,FALSE
New Jersey,3403570,Cranford Township School District,171,1710,11.7,100,100,100,16.4,FALSE
New Jersey,3413200,Pleasantville City School District,180,1800,11.7,100,100,100,33.9,FALSE
New Jersey,3417310,Weehawken Township School District,94,940,11.7,100,100,100,11.7,FALSE
Ohio,3904499,Warren City School District,274,2740,11.7,100,100,100,39.4,FALSE
Michigan,2617940,Haslett Public Schools,43,430,11.6,95.3,100,100,20.9,FALSE
California,606037,Alhambra Unified School District (9-12),217,2170,11.5,100,100,100,99.1,FALSE
Iowa,1915450,Johnston Community School District,305,3050,11.5,100,91.1,100,14.4,FALSE
Texas,4828500,Lubbock Independent School District,1406,14060,11.5,98.1,97.3,100,23.9,FALSE
Connecticut,904320,Stamford School District,870,8700,11.4,100,100,100,11.6,FALSE
Iowa,1930480,Waterloo Community School District,622,6220,11.4,100,100,99.2,40.7,FALSE
New Jersey,3401350,Belleville Town School District,219,2190,11.4,100,100,100,63.9,FALSE
Ohio,3904427,Loveland City School District,132,1320,11.4,100,100,100,13.6,FALSE
California,629940,Pasadena Unified School District,1251,12510,11.3,100,100,100,19,FALSE
Kentucky,2104170,Middlesboro Independent School District,62,620,11.3,100,54.8,100,46.8,FALSE
Massachusetts,2501950,Andover School District,204,2040,11.3,100,100,100,18.1,FALSE
Massachusetts,2511250,Stoughton School District,177,1770,11.3,100,100,100,20.9,FALSE
Michigan,2614070,Farmington Public School District,540,5400,11.3,100,100,100,12.4,FALSE
New Jersey,3401530,Berkeley Heights Township School District,53,530,11.3,100,100,100,13.2,FALSE
New Jersey,3407350,Hoboken City School District,521,5210,11.3,100,100,100,11.3,FALSE
New York,3615510,Island Trees Union Free School District,97,970,11.3,100,100,100,49.5,FALSE
Ohio,3904495,Vandalia-Butler City School District,159,1590,11.3,100,100,100,13.2,FALSE
New Jersey,3409750,Matawan-Aberdeen Regional School District,206,2060,11.2,100,92.2,100,16,FALSE
Connecticut,900810,Clinton School District,36,360,11.1,100,77.8,100,19.4,FALSE
New Jersey,3413320,Point Pleasant Beach Borough School District,9,90,11.1,100,100,100,22.2,FALSE
New York,3624060,Quogue Union Free School District,9,90,11.1,100,100,100,11.1,FALSE
Ohio,3904489,Tiffin City School District,99,990,11.1,100,100,100,12.1,FALSE
Ohio,3904567,Yellow Springs Exempted Village School District,18,180,11.1,100,100,100,11.1,FALSE
Pennsylvania,4218990,Philadelphia City School District,11527,115270,11.1,100,100,100,23.2,FALSE
Texas,4827300,Lewisville Independent School District,2114,21140,11.1,100,100,100,15.1,FALSE
Texas,4829670,McAllen Independent School District,936,9360,11.1,100,96.2,100,19.3,FALSE
Virginia,5102390,Manassas Park City Public Schools,126,1260,11.1,100,100,100,63.5,FALSE
California,618390,Inglewood Unified School District,690,6900,11,100,100,100,77.7,FALSE
Nebraska,3171220,Gretna Public Schools,317,3170,11,100,100,100,18,FALSE
California,634410,San Francisco Unified School District,4276,42760,10.9,100,100,100,25.6,FALSE
Ohio,3905006,Springfield Local School District,64,640,10.9,100,100,100,23.4,FALSE
Ohio,3905045,Mason City School District,285,2850,10.9,100,92.3,100,13,FALSE
Michigan,2625950,Northview Public School District,120,1200,10.8,100,100,100,29.2,FALSE
Nebraska,3100016,Grand Island Public Schools,435,4350,10.8,100,92.4,100,35.6,FALSE
New Jersey,3410560,Montclair Town School District,315,3150,10.8,100,100,100,21.9,FALSE
Pennsylvania,4213440,Lebanon School District,212,2120,10.8,100,100,100,44.8,FALSE
Iowa,1915630,Keokuk Community School District,75,750,10.7,100,100,100,30.7,FALSE
Mississippi,2801800,Hattiesburg Public School District,261,2610,10.7,93.1,99.2,100,14.9,FALSE
New Hampshire,3304140,Laconia School District,103,1030,10.7,100,100,100,16.5,FALSE
New Jersey,3406300,Hackettstown Town School District,56,560,10.7,100,100,100,26.8,FALSE
New Jersey,3410350,Mine Hill Township School District,28,280,10.7,100,100,100,17.9,FALSE
Massachusetts,2512420,West Bridgewater School District,47,470,10.6,100,100,100,23.4,FALSE
Texas,4808700,Arlington Independent School District,2700,27000,10.6,100,100,100,37.1,FALSE
Texas,4829850,McKinney Independent School District,990,9900,10.6,100,93.4,100,11.8,FALSE
California,624500,Milpitas Unified School District,533,5330,10.5,100,100,100,13.3,FALSE
New Jersey,3403990,Dumont Borough School District,124,1240,10.5,100,100,100,11.3,FALSE
New York,3623310,Pleasantville Union Free School District,57,570,10.5,100,100,100,17.5,FALSE
Ohio,3910016,Orange City School District,76,760,10.5,100,100,100,18.4,FALSE
Oregon,4110040,Portland School District 1J,2453,24530,10.5,100,100,100,26.9,FALSE
California,626310,Mountain View-Los Altos Union School District,759,7590,10.4,100,100,100,12,FALSE
New York,3617910,Lynbrook Union Free School District,134,1340,10.4,100,100,100,44,FALSE
New York,3628590,Syracuse City School District,1038,10380,10.4,100,100,100,90.8,FALSE
Texas,4838730,San Antonio Independent School District,2356,23560,10.4,99.6,99.3,100,67.2,FALSE
Illinois,1706420,Bloom Township High School District 206,378,3780,10.3,100,92.9,100,23.8,FALSE
New Hampshire,3305820,Portsmouth School District,107,1070,10.3,100,100,100,10.3,FALSE
New Jersey,3407950,Keyport Borough School District,78,780,10.3,100,100,100,15.4,FALSE
New York,3624780,Rockville Centre Union Free School District,146,1460,10.3,100,100,97.9,78.1,FALSE
Connecticut,902820,New London School District,166,1660,10.2,100,69.9,100,75.3,FALSE
New Jersey,3401950,Boonton Town School District,49,490,10.2,100,100,100,10.2,FALSE
Texas,4844280,Waco Independent School District,929,9290,10.2,100,99.9,100,20.6,FALSE
Connecticut,903300,Plainville School District,89,890,10.1,100,100,100,10.1,FALSE
New Jersey,3408400,Lawrence Township School District,139,1390,10.1,100,99.3,100,13.7,FALSE
Texas,4842030,Sweetwater Independent School District,99,990,10.1,97,66.7,100,17.2,FALSE
Connecticut,902790,New Haven School District,981,9810,10,100,100,100,39.7,FALSE
Massachusetts,2509360,Peabody School District,369,3690,10,100,100,100,24.1,FALSE
Massachusetts,2509870,Quincy School District,610,6100,10,100,100,100,16.6,FALSE
Michigan,2622290,Madison Public Schools,60,600,10,100,100,100,16.7,FALSE
New Jersey,3407680,Irvington Township School District,528,5280,10,100,100,100,23.5,FALSE
New York,3631410,North Greenbush Common School District (Williams),10,100,10,100,100,100,10,FALSE
Illinois,1738940,Thornton Fractional Township High School District 215,333,3330,9.9,100,100,100,72.7,FALSE
Nebraska,3174820,Omaha Public Schools,3065,30650,9.9,100,99.9,100,20,FALSE
Ohio,3904390,East Cleveland City School District,151,1510,9.9,100,100,100,9.9,FALSE
Vermont,5000445,Barre Unified Union School District 97,91,910,9.9,98.9,64.8,97.8,79.1,FALSE
Colorado,805310,Littleton School District 6,589,5890,9.8,100,100,100,21.2,FALSE
Illinois,1738970,Thornton Township High School District 205,808,8080,9.8,100,99.9,100,45.3,FALSE
Massachusetts,2508430,New Bedford School District,789,7890,9.8,100,100,100,19.3,FALSE
New Jersey,3415210,South Brunswick Township School District,204,2040,9.8,100,100,100,17.6,FALSE
Georgia,1300120,Atlanta City School District,3076,30760,9.7,100,100,100,16.5,FALSE
Missouri,2909720,Clayton School District,72,720,9.7,100,100,100,31.9,FALSE
Ohio,3904373,Centerville City School District,414,4140,9.7,100,100,100,10.1,FALSE
Oregon,4107230,Lake Oswego School District 7J,288,2880,9.7,100,100,100,11.5,FALSE
Rhode Island,4400990,Smithfield School District,72,720,9.7,100,100,100,9.7,FALSE
Texas,4825260,Keller Independent School District,1333,13330,9.7,100,97.6,100,16.4,FALSE
Maine,2309930,Portland,335,3350,9.6,100,100,100,11,FALSE
New Jersey,3400660,Absecon City School District,83,830,9.6,100,100,100,9.6,FALSE
Ohio,3904371,Canton City School District,520,5200,9.6,100,100,100,29.4,FALSE
Delaware,1000200,Christina School District,1184,11840,9.5,100,100,99.8,12.1,FALSE
Massachusetts,2504950,Foxborough School District,116,1160,9.5,100,100,100,12.9,FALSE
New Jersey,3406360,Haddon Township School District,116,1160,9.5,100,100,100,35.3,FALSE
Connecticut,903480,Putnam School District,32,320,9.4,100,59.4,100,28.1,FALSE
Connecticut,905070,Wethersfield School District,181,1810,9.4,100,100,100,28.2,FALSE
Massachusetts,2506150,Holbrook School District,85,850,9.4,100,100,100,40,FALSE
Minnesota,2742270,West St. Paul-Mendota Heights-Eagan,286,2860,9.4,100,86,100,43.4,FALSE
New Jersey,3404660,Elmwood Park Borough School District,127,1270,9.4,100,100,100,31.5,FALSE
New Jersey,3402430,Burlington City School District,54,540,9.3,100,94.4,100,61.1,FALSE
Ohio,3910032,Wooster City School District,150,1500,9.3,100,100,100,10,FALSE
California,601428,Wiseburn Unified School District,141,1410,9.2,100,100,100,29.8,FALSE
Texas,4810230,Birdville Independent School District,1082,10820,9.2,100,100,100,27.1,FALSE
Texas,4834290,Paris Independent School District,142,1420,9.2,100,81,100,12,FALSE
Massachusetts,2510890,Somerville School District,394,3940,9.1,100,100,100,14,FALSE
New Jersey,3412900,Pequannock Township School District,77,770,9.1,100,100,100,11.7,FALSE
Ohio,3904354,Bay Village City School District,143,1430,9.1,100,100,100,19.6,FALSE
Connecticut,900450,Bridgeport School District,980,9800,9,100,100,100,15,FALSE
Iowa,1926400,Sioux City Community School District,708,7080,9,100,100,100,19.2,FALSE
Texas,4838080,Round Rock Independent School District,2025,20250,9,100,100,100,14.8,FALSE
New Jersey,3404740,Englewood City School District,192,1920,8.9,100,93.2,100,9.4,FALSE
Texas,4831040,Mission Consolidated Independent School District,621,6210,8.9,100,80.2,100,38.2,FALSE
Kentucky,2101650,Elizabethtown Independent School District,80,800,8.8,100,98.8,100,10,FALSE
Michigan,2602820,Ann Arbor Public Schools,848,8480,8.8,100,100,100,11.1,FALSE
Minnesota,2711670,Minnetonka Public School District,227,2270,8.8,100,100,100,13.2,FALSE
New York,3604740,Bethpage Union Free School District,114,1140,8.8,100,100,100,28.1,FALSE
Pennsylvania,4221490,Shenandoah Valley School District,34,340,8.8,100,88.2,100,8.8,FALSE
Massachusetts,2502940,Braintree School District,219,2190,8.7,100,100,100,18.3,FALSE
New Jersey,3414070,Rochelle Park Township School District,23,230,8.7,100,100,100,26.1,FALSE
New Jersey,3402100,Bound Brook Borough School District,82,820,8.5,100,100,100,47.6,FALSE
Oklahoma,4009150,Crutcho Public School,47,470,8.5,100,100,100,42.6,FALSE
Pennsylvania,4216620,New Castle Area School District,153,1530,8.5,100,100,100,20.9,FALSE
Massachusetts,2511430,Swampscott School District,95,950,8.4,100,100,100,15.8,FALSE
New Jersey,3401650,Bernards Township School District,83,830,8.4,100,100,100,8.4,FALSE
Alabama,100060,Andalusia City School District,60,600,8.3,91.7,90,100,16.7,FALSE
Kansas,2012060,Stockton Unified School District 271,12,120,8.3,100,33.3,100,100,FALSE
Missouri,2908430,Chadwick R-I School District,12,120,8.3,100,8.3,100,100,FALSE
New Jersey,3412390,Palmyra Borough School District,24,240,8.3,100,100,100,37.5,FALSE
New York,3631260,White Plains City School District,351,3510,8.3,100,100,100,8.8,FALSE
Ohio,3904383,Cuyahoga Falls City School District,290,2900,8.3,100,100,100,8.3,FALSE
New Jersey,3416860,Waldwick Borough School District,85,850,8.2,100,100,100,11.8,FALSE
New York,3622560,Pearl River Union Free School District,85,850,8.2,100,100,100,12.9,FALSE
Ohio,3904452,North Olmsted City School District,182,1820,8.2,100,100,100,10.4,FALSE
Ohio,3904504,Westerville City School District,864,8640,8.2,100,100,100,8.2,FALSE
Pennsylvania,4210920,Greensburg Salem School District,110,1100,8.2,100,100,100,8.2,FALSE
Connecticut,904440,Stratford School District,248,2480,8.1,100,100,100,16.1,FALSE
Pennsylvania,4213140,Lancaster School District,568,5680,8.1,100,100,100,18.1,FALSE
Texas,4842510,Texas City Independent School District,394,3940,8.1,100,100,100,14.5,FALSE
New Jersey,3400004,The Chathams School District,125,1250,8,100,100,100,8,FALSE
New Jersey,3412930,Perth Amboy City School District,473,4730,8,100,100,100,68.3,FALSE
North Dakota,3806780,Fargo Public School District 1,679,6790,8,100,100,95.9,20.8,FALSE
Colorado,803780,Englewood School District 1,164,1640,7.9,100,100,100,52.4,FALSE
Ohio,3904404,Garfield Heights City School District,216,2160,7.9,100,100,100,12,FALSE
Pennsylvania,4219680,Pottstown School District,189,1890,7.9,100,100,100,50.3,FALSE
Pennsylvania,4226390,William Penn School District,277,2770,7.9,100,100,100,9.7,FALSE
Tennessee,4747187,Williamson County School District in Franklin,241,2410,7.9,100,100,100,9.1,FALSE
Kentucky,2101350,Covington Independent School District,234,2340,7.7,100,100,100,40.2,FALSE
New Jersey,3404710,Emerson Borough School District,39,390,7.7,100,100,100,10.3,FALSE
New Jersey,3408160,Lakehurst Borough School District,13,130,7.7,100,100,100,69.2,FALSE
New Jersey,3417100,Robbinsville Township School District,52,520,7.7,100,98.1,100,13.5,FALSE
Ohio,3904487,Sylvania City School District,430,4300,7.7,100,100,100,8.4,FALSE
Ohio,3904830,Boardman Local School District,248,2480,7.7,100,100,100,7.7,FALSE
Michigan,2632670,Lake Shore Public Schools,159,1590,7.5,100,100,100,15.1,FALSE
Minnesota,2707290,Burnsville-Eagan-Savage School District,603,6030,7.5,100,100,100,11.6,FALSE
Maine,2302820,Bangor,149,1490,7.4,100,100,97.3,14.8,FALSE
Maine,2307320,Lewiston,310,3100,7.4,100,100,99.7,25.2,FALSE
Massachusetts,2507110,Lynn School District,822,8220,7.4,100,100,100,31.8,FALSE
New York,3624750,Rochester City School District,1538,15380,7.4,100,100,86.6,90.4,FALSE
Ohio,3904482,Steubenville City School District,108,1080,7.4,100,80.6,100,62,FALSE
Kentucky,2101530,Dayton Independent School District,41,410,7.3,100,100,100,14.6,FALSE
New Jersey,3411160,Neptune Township School District,179,1790,7.3,100,95.5,100,25.1,FALSE
Ohio,3904418,Kettering City School District,412,4120,7.3,100,99.8,100,19.4,FALSE
Ohio,3904467,Princeton City School District,343,3430,7.3,100,100,100,8.7,FALSE
Ohio,3904528,Chagrin Falls Exempted Village School District,41,410,7.3,100,100,100,9.8,FALSE
Pennsylvania,4224320,Upper Darby School District,797,7970,7.3,100,100,100,9.3,FALSE
Texas,4813050,Carrollton-Farmers Branch Independent School District,1506,15060,7.3,100,99.3,100,19.1,FALSE
Texas,4815540,Crane Independent School District,41,410,7.3,100,100,100,100,FALSE
New Jersey,3416290,Trenton City School District,859,8590,7.2,100,100,100,33.8,FALSE
Pennsylvania,4219470,Colonial School District,304,3040,7.2,100,100,100,13.2,FALSE
South Dakota,4666270,Sioux Falls School District 49-5,1445,14450,7.2,100,100,100,21.5,FALSE
Virginia,5102360,Manassas City Public Schools,414,4140,7.2,100,100,100,8.5,FALSE
Kentucky,2121005,Campbell County School District in Southgate ISD,14,140,7.1,100,100,100,50,FALSE
Massachusetts,2506390,Hudson School District,126,1260,7.1,100,100,100,35.7,FALSE
Michigan,2621120,Lamphere Public Schools,85,850,7.1,100,100,100,9.4,FALSE
New York,3622650,Peekskill City School District,98,980,7.1,100,100,100,76.5,FALSE
New York,3631020,Westhampton Beach Union Free School District,28,280,7.1,100,100,100,7.1,FALSE
Indiana,1803660,Frankfort Community Schools,114,1140,7,100,100,100,77.2,FALSE
Michigan,2615540,Garden City School District,243,2430,7,100,100,100,7,FALSE
Ohio,3904458,Oakwood City School District,57,570,7,100,100,100,17.5,FALSE
California,635700,Santa Monica-Malibu Unified School District,565,5650,6.9,100,100,100,7.8,FALSE
Massachusetts,2503540,Chelsea School District,376,3760,6.9,100,100,100,95.2,FALSE
Mississippi,2802190,Jackson Public School District,1123,11230,6.9,96.6,100,100,8.9,FALSE
New York,3628500,Sweet Home Central School District,204,2040,6.9,100,100,100,25,FALSE
Mississippi,2801620,Greenville Public School District,191,1910,6.8,61.8,100,100,13.1,FALSE
New Jersey,3402250,Bridgeton City School District,222,2220,6.8,100,79.3,100,95.5,FALSE
New Jersey,3413560,Ramapo-Indian Hill Regional School District,221,2210,6.8,100,100,100,6.8,FALSE
Ohio,3904384,Dayton City School District,1080,10800,6.8,100,100,100,11.4,FALSE
Ohio,3904431,Mariemont City School District,59,590,6.8,100,100,100,6.8,FALSE
Ohio,3905016,Howland Local School District,88,880,6.8,100,100,100,15.9,FALSE
Kentucky,2102070,Fulton Independent School District,15,150,6.7,100,100,100,100,FALSE
Michigan,2632220,South Lake Schools,134,1340,6.7,100,100,100,14.9,FALSE
New Hampshire,3306240,Somersworth School District,45,450,6.7,100,100,100,13.3,FALSE
New Jersey,3407830,Jersey City School District,2426,24260,6.7,100,100,100,12.7,FALSE
New Jersey,3413290,Point Pleasant Borough School District,89,890,6.7,100,100,100,14.6,FALSE
New York,3623340,Pocantico Hills Central School District,30,300,6.7,100,100,100,13.3,FALSE
Iowa,1908970,Des Moines Independent Community School District,1686,16860,6.6,100,100,97.4,24.6,FALSE
Massachusetts,2502640,Beverly School District,288,2880,6.6,100,100,100,10.1,FALSE
Michigan,2616110,Godwin Heights Public Schools,139,1390,6.5,100,100,100,77.7,FALSE
Michigan,2620160,Kelloggsville Public Schools,77,770,6.5,100,100,100,31.2,FALSE
Nebraska,3172840,Lincoln Public Schools,2054,20540,6.5,100,100,99.8,16,FALSE
Nebraska,3175900,Ralston Public Schools,184,1840,6.5,100,100,100,21.2,FALSE
Ohio,3904508,Wickliffe City School District,93,930,6.5,100,100,100,6.5,FALSE
Nebraska,3175270,Papillion-La Vista Community Schools,435,4350,6.4,100,100,100,14.5,FALSE
New Jersey,3415330,South Orange-Maplewood School District,344,3440,6.4,100,100,100,6.4,FALSE
New York,3605460,Brighton Central School District,140,1400,6.4,100,100,100,9.3,FALSE
Ohio,3904429,Mansfield City School District,296,2960,6.4,100,89.2,100,9.1,FALSE
Oklahoma,4022770,Oklahoma City Public Schools,2422,24220,6.4,98.1,97.5,100,62.7,FALSE
Texas,4834440,Pearland Independent School District,771,7710,6.4,100,100,100,10.4,FALSE
California,614430,Fremont Union High School District,1560,15600,6.3,100,100,100,15.3,FALSE
Michigan,2620880,Lakeview Public Schools,127,1270,6.3,100,100,100,7.1,FALSE
Missouri,2908250,Center 58 School District,226,2260,6.2,100,100,100,11.9,FALSE
Nebraska,3176860,South Sioux City Community Schools,176,1760,6.2,100,100,97.7,23.3,FALSE
New Jersey,3403690,Delanco Township School District,16,160,6.2,100,100,100,87.5,FALSE
New Jersey,3410050,Middlesex Borough School District,96,960,6.2,100,87.5,100,16.7,FALSE
Pennsylvania,4202280,Allentown City School District,1022,10220,6.2,100,100,100,7.7,FALSE
New Jersey,3405880,Glassboro Borough School District,99,990,6.1,100,100,100,12.1,FALSE
Ohio,3904433,Marion City School District,180,1800,6.1,100,100,100,37.8,FALSE
Pennsylvania,4209750,Ferndale Area School District,33,330,6.1,97,100,100,21.2,FALSE
Alabama,103150,Talladega City School District,67,670,6,100,97,100,26.9,FALSE
Massachusetts,2507260,Marblehead School District,83,830,6,100,100,100,6,FALSE
Michigan,2626280,Okemos Public Schools,199,1990,6,100,100,99.5,8,FALSE
Minnesota,2732390,Rosemount-Apple Valley-Eagan,1120,11200,6,100,93.8,100,24.6,FALSE
New Jersey,3409990,Metuchen Borough School District,116,1160,6,100,100,100,6,FALSE
New York,3621660,Ogdensburg City School District,50,500,6,100,100,14,100,FALSE
Ohio,3904428,Madeira City School District,133,1330,6,100,100,100,9.8,FALSE
Texas,4841100,Spring Branch Independent School District,1485,14850,6,100,100,100,33.8,FALSE
Kentucky,2121004,Jefferson County School District in Anchorage ISD,17,170,5.9,100,100,100,5.9,FALSE
New Jersey,3402310,Brielle Borough School District,34,340,5.9,100,100,100,17.6,FALSE
New Jersey,3408880,Logan Township School District,34,340,5.9,100,100,100,5.9,FALSE
New York,3608580,Croton-Harmon Union Free School District,51,510,5.9,100,100,100,5.9,FALSE
Ohio,3904375,Cincinnati City School District,2551,25510,5.9,100,100,99.3,17.3,FALSE
Pennsylvania,4226820,York City School District,340,3400,5.9,100,100,100,5.9,FALSE
Texas,4807830,Alief Independent School District,2414,24140,5.8,100,98.8,100,25.4,FALSE
Texas,4816860,DeSoto Independent School District,344,3440,5.8,100,84.3,100,12.5,FALSE
Kentucky,2100360,Beechwood Independent School District,35,350,5.7,100,100,100,5.7,FALSE
Massachusetts,2507560,Medford School District,280,2800,5.7,100,100,100,23.6,FALSE
Minnesota,2714260,Hopkins Public School District,494,4940,5.7,100,100,100,8.5,FALSE
New Jersey,3411310,New Providence Borough School District,87,870,5.7,100,100,100,5.7,FALSE
New Jersey,3411490,North Brunswick Township School District,263,2630,5.7,100,100,100,15.2,FALSE
New Jersey,3412450,Park Ridge Borough School District,35,350,5.7,100,100,100,5.7,FALSE
Ohio,3904514,Wyoming City School District,105,1050,5.7,100,100,100,5.7,FALSE
Pennsylvania,4214160,Lower Merion School District,420,4200,5.7,100,100,100,5.7,FALSE
Kentucky,2101710,Eminence Independent School District,18,180,5.6,100,55.6,100,11.1,FALSE
Massachusetts,2510380,Salem School District,196,1960,5.6,100,100,100,11.2,FALSE
Massachusetts,2512000,Waltham School District,357,3570,5.6,100,100,100,11.5,FALSE
New Jersey,3403420,Collingswood Borough School District,71,710,5.6,100,100,100,56.3,FALSE
Pennsylvania,4220040,Reading School District,890,8900,5.6,100,100,100,13.5,FALSE
Texas,4824120,Idalou Independent School District,18,180,5.6,100,100,100,5.6,FALSE
Delaware,1001240,Brandywine School District,672,6720,5.5,100,96.7,100,7.4,FALSE
New Jersey,3411340,Newark City School District,2473,24730,5.5,100,100,100,33.8,FALSE
Iowa,1903540,Ames Community School District,260,2600,5.4,100,99.6,100,6.5,FALSE
New Jersey,3413410,Princeton Public Schools,112,1120,5.4,100,100,100,5.4,FALSE
Pennsylvania,4205860,Chester-Upland School District,313,3130,5.4,100,100,100,9.6,FALSE
Illinois,1708070,Cairo Community Unit School District 1,19,190,5.3,100,100,100,100,FALSE
Missouri,2931530,Webster Groves School District,243,2430,5.3,100,100,100,18.5,FALSE
New Jersey,3412420,Paramus Borough School District,131,1310,5.3,100,100,100,5.3,FALSE
Tennessee,4704260,Union City School District,77,770,5.2,100,100,100,5.2,FALSE
California,600025,Manhattan Beach Unified School District,196,1960,5.1,100,100,100,8.2,FALSE
California,638980,Temple City Unified School District,196,1960,5.1,100,100,100,55.6,FALSE
Delaware,1001300,Red Clay Consolidated School District,831,8310,5.1,100,100,100,14.1,FALSE
District of Columbia,1100030,District of Columbia Public Schools,4888,48880,5.1,100,87,100,23.4,FALSE
Texas,4822470,Harlandale Independent School District,408,4080,5.1,100,100,100,87.5,FALSE
Massachusetts,2506270,Holyoke School District,303,3030,5,100,100,99.7,33.7,FALSE
New York,3623760,Poughkeepsie City School District,159,1590,5,100,100,100,95,FALSE
Ohio,3904823,Washington Local School District,359,3590,5,100,100,100,22.8,FALSE
Connecticut,901920,Hartford School District,751,7510,4.9,100,100,100,36.5,FALSE
Massachusetts,2506840,Lexington School District,164,1640,4.9,100,100,100,6.7,FALSE
Massachusetts,2511130,Springfield School District,1253,12530,4.9,100,100,94,41.4,FALSE
New Jersey,3402030,Bordentown Regional School District,81,810,4.9,100,100,100,11.1,FALSE
Massachusetts,2502790,Boston School District,3618,36180,4.8,100,100,99.7,53,FALSE
Michigan,2624870,Muskegon Heights School District,104,1040,4.8,100,100,100,47.1,FALSE
New York,3626010,Schenectady City School District,459,4590,4.8,100,100,100,95,FALSE
Rhode Island,4400840,Pawtucket School District,517,5170,4.8,100,100,100,30.6,FALSE
Virginia,5102400,Martinsville City Public Schools,83,830,4.8,100,84.3,100,24.1,FALSE
Ohio,3904493,Upper Arlington City School District,299,2990,4.7,100,100,100,4.7,FALSE
Texas,4841350,Stafford Municipal School District,149,1490,4.7,100,100,100,12.1,FALSE
Kentucky,2104440,Newport Independent School District,87,870,4.6,100,100,100,12.6,FALSE
Michigan,2605850,Birmingham City School District,459,4590,4.6,100,100,100,4.6,FALSE
New Jersey,3411460,North Bergen Township School District,409,4090,4.6,100,100,100,11.2,FALSE
New Jersey,3412260,River Dell Regional School District,108,1080,4.6,100,100,100,6.5,FALSE
New York,3611550,Freeport Union Free School District,219,2190,4.6,100,100,13.7,70.8,FALSE
Ohio,3904380,Columbus City School District,4127,41270,4.6,100,99.9,100,6.4,FALSE
Ohio,3904395,Euclid City School District,305,3050,4.6,100,100,100,5.6,FALSE
Ohio,3904517,Zanesville City School District,175,1750,4.6,100,100,100,6.3,FALSE
Texas,4834860,Pharr-San Juan-Alamo Independent School District,1371,13710,4.6,100,69.5,100,38.9,FALSE
New Jersey,3402640,Camden City School District,530,5300,4.5,100,100,100,25.8,FALSE
New York,3614280,Herricks Union Free School District,89,890,4.5,100,100,100,16.9,FALSE
Pennsylvania,4224390,Upper Dublin School District,221,2210,4.5,100,100,100,5.4,FALSE
Wisconsin,5511010,Onalaska School District,134,1340,4.5,100,93.3,100,32.1,FALSE
Maine,2313350,Waterville,91,910,4.4,100,100,100,4.4,FALSE
Arizona,403010,Flowing Wells Unified District,188,1880,4.3,100,100,100,11.2,FALSE
Michigan,2623550,Menominee Area Public Schools,46,460,4.3,100,100,100,4.3,FALSE
Minnesota,2733270,South St. Paul Public School District,138,1380,4.3,100,97.1,100,49.3,FALSE
Nebraska,3178660,Westside Community Schools,231,2310,4.3,100,100,100,4.3,FALSE
Ohio,3904513,Worthington City School District,655,6550,4.3,100,100,100,4.3,FALSE
Massachusetts,2507020,Lowell School District,791,7910,4.2,100,100,83.4,80.7,FALSE
New York,3612660,Green Island Union Free School District,24,240,4.2,100,100,100,20.8,FALSE
Ohio,3904426,Lorain City School District,378,3780,4.2,100,100,100,25.1,FALSE
Texas,4820010,Frisco Independent School District,1930,19300,4.2,100,94.8,100,5.4,FALSE
Texas,4834170,Pampa Independent School District,144,1440,4.2,100,100,100,24.3,FALSE
Massachusetts,2508820,North Reading School District,74,740,4.1,100,100,100,5.4,FALSE
Ohio,3904430,Maple Heights City School District,170,1700,4.1,100,100,100,12.4,FALSE
Pennsylvania,4222620,Springfield Township School District,122,1220,4.1,100,100,100,4.1,FALSE
Tennessee,4701080,Dyersburg City School District,73,730,4.1,100,67.1,100,4.1,FALSE
Pennsylvania,4222790,Steel Valley School District,99,990,4,100,100,100,4,FALSE
California,612210,El Segundo Unified School District,51,510,3.9,100,100,100,3.9,FALSE
Massachusetts,2512810,Westwood School District,102,1020,3.9,100,100,100,3.9,FALSE
Texas,4826790,Laredo Independent School District,794,7940,3.9,100,100,100,26.3,FALSE
New Jersey,3412960,Phillipsburg Town School District,105,1050,3.8,100,85.7,100,3.8,FALSE
New York,3610050,East Williston Union Free School District,26,260,3.8,100,100,100,3.8,FALSE
Ohio,3904353,Barberton City School District,157,1570,3.8,100,84.7,100,4.5,FALSE
Texas,4807590,Alamo Heights Independent School District,157,1570,3.8,100,100,100,15.3,FALSE
California,612630,Emery Unified School District,54,540,3.7,100,100,100,46.3,FALSE
Michigan,2630300,Royal Oak City School District,375,3750,3.7,100,100,100,5.9,FALSE
Pennsylvania,4211580,Harrisburg City School District,434,4340,3.7,100,100,100,4.6,FALSE
Iowa,1930930,West Des Moines Community School District,470,4700,3.6,100,100,100,3.8,FALSE
Connecticut,902520,Milford School District,198,1980,3.5,100,100,100,10.6,FALSE
Michigan,2634260,Troy School District,374,3740,3.5,100,100,100,8.3,FALSE
New York,3603840,Baldwin Union Free School District,200,2000,3.5,100,100,27.5,64.5,FALSE
Alabama,102850,Roanoke City School District,29,290,3.4,100,10.3,100,3.4,FALSE
Massachusetts,2512270,Wellesley School District,176,1760,3.4,100,100,100,4,FALSE
New Jersey,3415900,Summit City School District,145,1450,3.4,100,100,100,3.4,FALSE
Ohio,3904378,Cleveland Municipal School District,2409,24090,3.4,100,100,100,7.1,FALSE
California,601860,Albany City Unified School District,182,1820,3.3,100,100,100,19.8,FALSE
Ohio,3904873,Northridge Local School District,60,600,3.3,100,100,100,3.3,FALSE
Oklahoma,4009060,Crooked Oak Public Schools,30,300,3.3,100,100,100,73.3,FALSE
California,604740,Berkeley Unified School District,406,4060,3.2,100,100,100,7.4,FALSE
Kentucky,2101980,Frankfort Independent School District,31,310,3.2,100,100,100,3.2,FALSE
Missouri,2920010,Maplewood-Richmond Heights School District,93,930,3.2,100,100,100,80.6,FALSE
New Jersey,3417760,Westfield Town School District,285,2850,3.2,100,100,100,6.3,FALSE
New York,3623460,Port Chester-Rye Union Free School District,280,2800,3.2,100,100,100,19.3,FALSE
New Jersey,3413590,Ramsey Borough School District,64,640,3.1,100,98.4,100,3.1,FALSE
New York,3606500,Spackenkill Union Free School District,32,320,3.1,100,100,100,9.4,FALSE
Ohio,3904368,Bucyrus City School District,65,650,3.1,100,100,100,69.2,FALSE
Pennsylvania,4211450,Hanover Public School District,128,1280,3.1,100,100,100,8.6,FALSE
Iowa,1904860,Bettendorf Community School District,164,1640,3,100,100,100,7.3,FALSE
New Jersey,3415600,Spring Lake Heights Borough School District,33,330,3,100,100,100,24.2,FALSE
Connecticut,903180,Old Saybrook School District,35,350,2.9,100,51.4,100,5.7,FALSE
Massachusetts,2513200,Woburn School District,278,2780,2.9,100,100,100,6.8,FALSE
New Jersey,3407890,Kearny Town School District,286,2860,2.8,100,100,100,42.3,FALSE
Texas,4835100,Plano Independent School District,2281,22810,2.8,100,98.6,100,4.9,FALSE
Massachusetts,2509060,Norwood School District,219,2190,2.7,100,100,100,15.1,FALSE
New Jersey,3402580,Caldwell-West Caldwell School District,146,1460,2.7,100,100,100,2.7,FALSE
New Jersey,3413830,Ridgewood Village School District,185,1850,2.7,100,100,100,2.7,FALSE
New Jersey,3405760,Garfield City School District,230,2300,2.6,100,100,100,90.4,FALSE
Texas,4815210,Coppell Independent School District,385,3850,2.6,100,91.7,100,4.2,FALSE
Kentucky,2104650,Paducah Independent School District,121,1210,2.5,86,86,100,2.5,FALSE
Massachusetts,2508610,Newton School District,436,4360,2.5,100,100,100,2.5,FALSE
Missouri,2930660,University City School District,236,2360,2.5,100,100,100,3,FALSE
New Jersey,3413080,Pitman Borough School District,40,400,2.5,100,35,100,7.5,FALSE
Ohio,3904702,Dublin City School District,648,6480,2.5,100,96.3,100,2.5,FALSE
California,629610,Palo Alto Unified School District,459,4590,2.4,100,100,100,2.4,FALSE
New Jersey,3411760,Northern Valley Regional School District,253,2530,2.4,100,100,100,4,FALSE
New Jersey,3414010,Riverside Township School District,42,420,2.4,100,100,100,54.8,FALSE
New Jersey,3415630,Springfield Township School District,85,850,2.4,100,100,100,12.9,FALSE
New Jersey,3401500,Bergenfield Borough School District,174,1740,2.3,100,100,100,6.9,FALSE
New Jersey,3405070,Fairview Borough School District,87,870,2.3,100,100,100,42.5,FALSE
New Jersey,3413140,Plainfield City School District,531,5310,2.3,100,100,100,2.3,FALSE
California,600032,Redondo Beach Unified School District,605,6050,2.1,100,100,100,5.3,FALSE
Nebraska,3171580,Hastings Public Schools,97,970,2.1,100,37.1,100,2.1,FALSE
New Jersey,3406270,Hackensack City School District,287,2870,2.1,100,100,100,20.2,FALSE
New Jersey,3410200,Millburn Township School District,144,1440,2.1,100,100,100,2.1,FALSE
New Jersey,3411130,Neptune City School District,48,480,2.1,100,100,100,2.1,FALSE
Kentucky,2104380,Murray Independent School District,51,510,2,100,94.1,100,2,FALSE
Massachusetts,2503150,Brookline School District,409,4090,2,100,100,100,2,FALSE
Ohio,3904397,Fairview Park City School District,102,1020,2,100,100,100,3.9,FALSE
Wisconsin,5508160,Little Chute Area School District,50,500,2,100,90,100,58,FALSE
Michigan,2612480,East Grand Rapids Public School District,103,1030,1.9,100,100,100,12.6,FALSE
New York,3606540,Carle Place Union Free School District,54,540,1.9,100,100,100,55.6,FALSE
Minnesota,2711250,Edina Public School District,271,2710,1.8,100,100,100,1.8,FALSE
New Jersey,3406870,Harrison Town School District,111,1110,1.8,100,100,100,15.3,FALSE
New Jersey,3408820,Livingston Township School District,170,1700,1.8,100,100,100,1.8,FALSE
New Jersey,3416080,Teaneck Township School District,278,2780,1.8,100,100,100,4.3,FALSE
New York,3614130,Hempstead Union Free School District,394,3940,1.8,100,100,64.5,100,FALSE
New York,3617940,Lyncourt Union Free School District,56,560,1.8,100,100,100,100,FALSE
New York,3625050,Roslyn Union Free School District,55,550,1.8,100,100,100,1.8,FALSE
Ohio,3904419,Lakewood City School District,276,2760,1.8,100,100,100,1.8,FALSE
Ohio,3904422,Lima City School District,218,2180,1.8,95.4,100,100,5,FALSE
Nebraska,3173740,Millard Public Schools,833,8330,1.7,100,99.5,100,4.8,FALSE
Kentucky,2104590,Owensboro Independent School District,182,1820,1.6,100,100,100,26.4,FALSE
Massachusetts,2502490,Belmont School District,127,1270,1.6,100,100,100,1.6,FALSE
Michigan,2605010,Berkley School District,193,1930,1.6,100,100,100,1.6,FALSE
Ohio,3904486,Sycamore Community City School District,304,3040,1.6,100,100,100,1.6,FALSE
New Jersey,3417580,West New York Town School District,327,3270,1.5,100,100,100,1.5,FALSE
Ohio,3904457,Norwood City School District,131,1310,1.5,100,100,100,8.4,FALSE
Nebraska,3105340,Columbus Public Schools,212,2120,1.4,100,100,99.5,27.4,FALSE
New Jersey,3411640,North Plainfield Borough School District,213,2130,1.4,100,100,100,2.3,FALSE
Ohio,3904379,Cleveland Heights-University Heights City School District,349,3490,1.4,100,100,100,1.4,FALSE
Kentucky,2100570,Bowling Green Independent School District,154,1540,1.3,100,100,100,1.9,FALSE
Michigan,2626130,Novi Community School District,235,2350,1.3,100,100,100,1.3,FALSE
New York,3623220,Plainview-Old Bethpage Central School District,156,1560,1.3,100,100,100,1.3,FALSE
Ohio,3904506,Westlake City School District,158,1580,1.3,100,100,100,1.3,FALSE
New Jersey,3412690,Paterson City School District,1469,14690,1.2,100,100,100,7.1,FALSE
Pennsylvania,4205760,Cheltenham School District,160,1600,1.2,100,100,100,1.9,FALSE
New Jersey,3415090,Somerville Borough School District,104,1040,1,100,100,100,1,FALSE
Alabama,102970,Selma City School District,110,1100,0.9,100,100,100,22.7,FALSE
Ohio,3904408,Winton Woods City School District,115,1150,0.9,92.2,100,100,2.6,FALSE
Georgia,1304950,Thomasville City School District,127,1270,0.8,100,79.5,100,22.8,FALSE
Michigan,2612600,East Lansing School District,122,1220,0.8,100,100,100,2.5,FALSE
New York,3625950,Scarsdale Union Free School District,130,1300,0.8,100,100,100,1.5,FALSE
Ohio,3904479,South Euclid-Lyndhurst City School District,240,2400,0.8,100,100,100,0.8,FALSE
Massachusetts,2501980,Arlington School District,283,2830,0.7,100,100,100,1.1,FALSE
New Jersey,3404230,East Orange City School District,572,5720,0.7,100,100,100,6.8,FALSE
Massachusetts,2513110,Winchester School District,162,1620,0.6,100,100,100,3.1,FALSE
Ohio,3904507,Whitehall City School District,158,1580,0.6,100,100,100,2.5,FALSE
Massachusetts,2504770,Everett School District,380,3800,0.5,100,100,100,71.1,FALSE
Massachusetts,2508370,Needham School District,192,1920,0.5,100,100,100,0.5,FALSE
Massachusetts,2512180,Watertown School District,236,2360,0.4,100,100,100,0.4,FALSE
Massachusetts,2503270,Cambridge School District,563,5630,0.2,100,100,100,0.4,FALSE
Texas,4807890,Allen Independent School District,680,6800,0.1,100,100,100,0.1,FALSE
Alabama,101440,Fairfield City School District,62,620,0,100,100,100,0,FALSE
Arizona,401080,Beaver Creek Elementary District,1,10,0,0,0,100,100,TRUE
Arizona,405430,Naco Elementary District,4,40,0,25,100,100,25,TRUE
Arizona,407770,Skull Valley Elementary District,1,10,0,100,0,100,100,TRUE
California,606025,Hamilton Unified School District (9-12),4,40,0,100,100,100,25,TRUE
Colorado,806180,Rangely School District RE-4,16,160,0,100,93.8,100,6.2,FALSE
Colorado,806930,Plainview School District RE-2,1,10,0,100,0,100,100,TRUE
Georgia,1301680,Decatur City School District,192,1920,0,100,100,100,0,FALSE
Georgia,1304080,Pelham City School District,3,30,0,100,0,100,0,TRUE
Georgia,1304290,Quitman County School District,2,20,0,0,0,100,100,TRUE
Illinois,1730750,Paris-Union School District 95,19,190,0,100,31.6,100,31.6,FALSE
Iowa,1911040,Essex Community School District,9,90,0,100,0,100,100,FALSE
Iowa,1918690,Marion Independent School District,106,1060,0,100,100,100,6.6,FALSE
Iowa,1928680,Urbandale Community School District,135,1350,0,100,100,100,10.4,FALSE
Iowa,1930780,West Burlington Independent School District,8,80,0,100,100,25,0,FALSE
Iowa,1931620,Whiting Community School District,1,10,0,100,0,100,100,TRUE
Kansas,2004140,Bucklin Unified School District 459,1,10,0,100,0,100,100,TRUE
Kentucky,2100240,Barbourville Independent School District,25,250,0,100,100,100,12,FALSE
Kentucky,2100270,Bardstown Independent School District,104,1040,0,100,59.6,100,0,FALSE
Kentucky,2100930,Campbellsville Independent School District,48,480,0,100,100,100,2.1,FALSE
Kentucky,2101800,Fairview Independent School District,5,50,0,100,60,100,40,FALSE
Kentucky,2102520,Harlan Independent School District,8,80,0,100,0,100,0,FALSE
Kentucky,2104680,Paintsville Independent School District,2,20,0,0,0,100,0,TRUE
Kentucky,2104710,Paris Independent School District,22,220,0,81.8,100,100,13.6,FALSE
Kentucky,2104860,Pineville Independent School District,2,20,0,0,0,100,50,TRUE
Kentucky,2105190,Russellville Independent School District,11,110,0,100,100,100,18.2,FALSE
Kentucky,2105430,Somerset Independent School District,76,760,0,100,67.1,100,15.8,FALSE
Kentucky,2105910,Williamsburg Independent School District,23,230,0,34.8,34.8,100,0,FALSE
Maine,2300066,Indian Island,1,10,0,0,0,100,100,TRUE
Maine,2303610,Brooklin,1,10,0,100,0,100,100,TRUE
Maine,2303980,Carrabassett Valley,1,10,0,100,100,100,0,TRUE
Maine,2304900,Dennysville,1,10,0,100,0,100,100,TRUE
Maine,2305360,Eastport,1,10,0,100,0,100,100,TRUE
Maine,2306250,Greenville,1,10,0,100,0,100,0,TRUE
Maine,2307980,Marshfield,2,20,0,100,100,0,100,TRUE
Massachusetts,2506660,Lawrence School District,884,8840,0,100,100,19.2,60.6,FALSE
Massachusetts,2507500,Maynard School District,60,600,0,100,100,100,6.7,FALSE
Michigan,2609930,Clawson City School District,42,420,0,100,100,100,0,FALSE
Michigan,2610230,Colfax Township School District 1F,1,10,0,100,100,100,0,TRUE
Michigan,2626190,Oak Park City School District,129,1290,0,100,100,100,0,FALSE
Michigan,2632070,Sodus Township School District 5,2,20,0,100,100,50,100,TRUE
Minnesota,2716830,Prinsburg Public School District,1,10,0,100,100,0,100,TRUE
Minnesota,2731750,Richfield Public School District,266,2660,0,100,100,100,5.3,FALSE
Minnesota,2732700,South Koochiching School District,1,10,0,100,100,0,100,TRUE
Mississippi,2803600,Philadelphia Public School District,22,220,0,63.6,100,100,0,FALSE
Missouri,2905880,Brentwood School District,38,380,0,100,100,100,2.6,FALSE
Missouri,2926580,Ripley County R-IV School District,2,20,0,100,0,100,100,TRUE
Missouri,2929850,Swedeborg R-III School District,1,10,0,100,0,100,100,TRUE
Nebraska,3119560,Umo N Ho N Nation Public Schools,4,40,0,0,0,100,0,TRUE
Nebraska,3176400,Santee Community Schools,2,20,0,0,0,100,0,TRUE
New Hampshire,3305250,Newington School District,1,10,0,100,100,100,0,TRUE
New Jersey,3400780,Allenhurst Borough School District,3,30,0,100,100,100,100,TRUE
New Jersey,3400930,Asbury Park City School District,56,560,0,100,100,100,0,FALSE
New Jersey,3401620,Berlin Township School District,31,310,0,100,100,100,16.1,FALSE
New Jersey,3401740,Beverly City School District,9,90,0,100,100,100,100,FALSE
New Jersey,3401920,Bogota Borough School District,66,660,0,100,100,100,0,FALSE
New Jersey,3402130,Bradley Beach Borough School District,6,60,0,100,100,100,16.7,FALSE
New Jersey,3403270,Cliffside Park Borough School District,120,1200,0,100,100,100,30,FALSE
New Jersey,3404200,East Newark Borough School District,7,70,0,100,100,100,0,FALSE
New Jersey,3404470,Edgewater Park Township School District,77,770,0,100,100,100,85.7,FALSE
New Jersey,3405790,Garwood Borough School District,33,330,0,100,100,100,0,FALSE
New Jersey,3405940,Glen Ridge Borough School District,45,450,0,100,100,100,6.7,FALSE
New Jersey,3406240,Guttenberg Town School District,67,670,0,100,100,100,0,FALSE
New Jersey,3408280,Laurel Springs Borough School District,15,150,0,100,100,100,46.7,FALSE
New Jersey,3408520,Leonia Borough School District,60,600,0,100,100,100,23.3,FALSE
New Jersey,3408671,Longport Borough School District,1,10,0,100,100,100,0,TRUE
New Jersey,3409240,Madison Borough School District,100,1000,0,100,100,100,0,FALSE
New Jersey,3409690,Margate City School District,8,80,0,100,100,100,0,FALSE
New Jersey,3409810,Maywood Borough School District,58,580,0,100,100,100,6.9,FALSE
New Jersey,3409960,Merchantville Borough School District,33,330,0,100,100,100,9.1,FALSE
New Jersey,3410140,Midland Park Borough School District,56,560,0,100,100,100,0,FALSE
New Jersey,3411010,Mountain Lakes Borough School District,17,170,0,100,100,100,0,FALSE
New Jersey,3411400,Newton Town School District,52,520,0,100,100,100,15.4,FALSE
New Jersey,3412270,Orange City Township School District,273,2730,0,100,100,100,1.5,FALSE
New Jersey,3412540,Passaic City School District,655,6550,0,100,100,100,49.8,FALSE
New Jersey,3414160,Rockleigh Borough School District,2,20,0,100,100,100,0,TRUE
New Jersey,3414280,Roselle Borough School District,109,1090,0,100,100,100,38.5,FALSE
New Jersey,3414310,Roselle Park Borough School District,89,890,0,100,100,100,36,FALSE
New Jersey,3414460,Rutherford Borough School District,66,660,0,100,100,100,0,FALSE
New Jersey,3415150,Lake Como Borough School District,4,40,0,100,100,100,100,TRUE
New Jersey,3415180,South Bound Brook Borough School District,20,200,0,100,85,100,0,FALSE
New Jersey,3416110,Tenafly Borough School District,53,530,0,100,73.6,100,1.9,FALSE
New Jersey,3416380,Union City School District,492,4920,0,100,100,100,0,FALSE
New Jersey,3417940,Wildwood City School District,18,180,0,100,0,100,100,FALSE
New Jersey,3417970,Wildwood Crest Borough School District,6,60,0,100,0,100,100,FALSE
New Jersey,3418150,Woodbury City School District,52,520,0,100,51.9,100,55.8,FALSE
New Jersey,3418270,Woodlynne Borough School District,20,200,0,100,100,100,10,FALSE
New Mexico,3501350,Jal Public Schools,2,20,0,100,0,100,100,TRUE
New Mexico,3502010,Pecos Independent Schools,9,90,0,100,0,100,100,FALSE
New York,3619500,Mineola Union Free School District,176,1760,0,100,100,100,4,FALSE
New York,3624990,Roosevelt Union Free School District,185,1850,0,100,100,16.8,100,FALSE
New York,3629760,Wainscott Common School District,1,10,0,100,0,0,0,TRUE
Ohio,3904355,Beachwood City School District,91,910,0,100,100,100,0,FALSE
Ohio,3904362,Bexley City School District,85,850,0,100,100,100,0,FALSE
Ohio,3904407,Grandview Heights City School District,56,560,0,100,100,100,0,FALSE
Ohio,3904423,Lockland Local School District,26,260,0,100,100,100,0,FALSE
Ohio,3904441,Mount Healthy City School District,222,2220,0,100,100,100,1.8,FALSE
Ohio,3904451,North College Hill City School District,82,820,0,100,100,92.7,0,FALSE
Ohio,3904471,St. Bernard-Elmwood Place City School District,33,330,0,100,100,100,0,FALSE
Ohio,3904475,Shaker Heights City School District,272,2720,0,100,100,100,0,FALSE
Ohio,3904500,Warrensville Heights City School District,146,1460,0,100,100,100,0,FALSE
Ohio,3904536,Fairport Harbor Exempted Village School District,5,50,0,100,100,100,20,FALSE
Ohio,3904813,Clearview Local School District,62,620,0,100,100,100,4.8,FALSE
Ohio,3904835,Sebring Local School District,18,180,0,100,100,100,0,FALSE
Ohio,3904897,Put-in-Bay Local School District,1,10,0,100,0,100,100,TRUE
Ohio,3905022,McDonald Local School District,11,110,0,100,100,100,0,FALSE
Ohio,3906496,College Corner Local School District,2,20,0,100,0,100,100,TRUE
Oklahoma,4004110,Bethany Public Schools,35,350,0,100,100,100,0,FALSE
Oklahoma,4013600,Gypsy Public School,1,10,0,100,0,100,100,TRUE
Oklahoma,4020160,Moffett Public School,1,10,0,100,0,100,100,TRUE
Oklahoma,4022160,Oak Grove Public School,1,10,0,100,0,100,100,TRUE
Oklahoma,4026580,Ryal Public School,1,10,0,0,0,100,100,TRUE
Oklahoma,4028620,Stidham Public School,3,30,0,100,0,100,100,TRUE
Pennsylvania,4204860,Camp Hill School District,57,570,0,100,100,100,0,FALSE
Pennsylvania,4212420,Jenkintown School District,44,440,0,100,100,100,0,FALSE
Pennsylvania,4224990,Washington School District,72,720,0,100,100,100,0,FALSE
Pennsylvania,4226370,Wilkinsburg Borough School District,65,650,0,100,100,100,0,FALSE
Rhode Island,4400120,Central Falls School District,196,1960,0,100,100,100,33.7,FALSE
Tennessee,2801320,DeSoto County School District,1,10,0,100,100,100,0,TRUE
Tennessee,4701950,Humboldt City School District,18,180,0,83.3,83.3,100,0,FALSE
Tennessee,4747073,Hawkins County School District in Rogersville,20,200,0,100,95,100,5,FALSE
Tennessee,4747108,McMinn County School District in Etowah,5,50,0,100,100,100,100,FALSE
Texas,4800003,Rocksprings Independent School District,1,10,0,0,0,100,100,TRUE
Texas,4816260,Damon Independent School District,2,20,0,100,0,100,100,TRUE
Texas,4823250,Highland Park Independent School District,256,2560,0,100,100,100,2,FALSE
Texas,4827090,Lefors Independent School District,2,20,0,100,0,100,100,TRUE
Texas,4827890,Lockney Independent School District,8,80,0,87.5,0,100,100,FALSE
Texas,4830360,Irion County Independent School District,5,50,0,100,0,100,100,FALSE
Texas,4831380,Morgan Independent School District,1,10,0,100,0,100,100,TRUE
Texas,4833570,Olfen Independent School District,1,10,0,100,100,0,100,TRUE
Texas,4833900,Paducah Independent School District,7,70,0,100,100,100,100,FALSE
Texas,4834680,Petersburg Independent School District,5,50,0,100,20,100,100,FALSE
Texas,4836420,Ramirez Common School District,1,10,0,100,0,100,100,TRUE
Vermont,5005400,Marlboro School District,1,10,0,100,0,0,100,TRUE
Vermont,5007050,Rutland City School District,67,670,0,100,41.8,100,11.9,FALSE
Vermont,5009360,Winooski School District,55,550,0,100,98.2,100,25.5,FALSE
Virginia,5101190,Emporia City Public Schools,28,280,0,100,50,100,0,FALSE
Washington,5302340,Easton School District,1,10,0,100,0,100,100,TRUE
Wyoming,5606240,Washakie County School District 1,40,400,0,100,100,100,0,FALSE
